Player,Nationality,Position,Club ,Age,Born,90s,Total Passes completed,Total Passes attempted,Total Passes completion %,Total passing distance,Progressive passing distance,Passes attempted (short),Passes completed (short),Passes completed (short) %,Passes attempted (medium),Passes completed (medium),Passes completed (medium) %,Passes attempted (long),Passes completed (long),Passes completed (long) %,Assists,Expected Assist Goals (xAG),xA,A-xAG,Key Passes,Passes into Final third,Passes into Penalty Area,Crosses into Penalty Area,Progressive passes
Liel Abada,ISR,"FW,MF",Celtic,20,2001,2.4,39,59,66.1,465,136,31,34,91.2,7,15,46.7,0,4,0,0,0.5,0.6,-0.5,4,1,3,1,4
Oliver Abildgaard,DEN,MF,Celtic,26,1996,0.7,24,33,72.7,406,121,10,12,83.3,13,16,81.3,1,2,50,0,0,0,0,0,0,0,0,2
Mohammad Abu Fani,ISR,MF,Maccabi Haifa,24,1998,4.4,198,230,86.1,3416,732,97,111,87.4,65,73,89,28,31,90.3,0,0.6,0.7,-0.6,9,22,7,0,29
Francesco Acerbi,ITA,DF,Inter,34,1988,10.2,492,562,87.5,9507,3420,154,172,89.5,292,315,92.7,43,68,63.2,0,0.1,0.1,-0.1,1,31,0,0,29
Marcos Acuña,ARG,"DF,MF",Sevilla,30,1991,2.4,67,97,69.1,1218,533,28,33,84.8,30,39,76.9,7,20,35,1,0.2,0.1,0.8,4,4,4,2,5
Junior Adamu,AUT,FW,RB Salzburg,21,2001,2.3,25,48,52.1,325,110,13,25,52,8,13,61.5,0,2,0,1,0.4,0.2,0.6,2,2,2,2,1
Antonio Adán,ESP,GK,Sporting CP,35,1987,4.2,153,219,69.9,3467,1688,38,38,100,82,86,95.3,33,94,35.1,0,0,0,0,0,0,0,0,0
Arijan Ademi,MKD,MF,Dinamo Zagreb,31,1991,5.2,122,147,83,1695,364,70,80,87.5,42,48,87.5,2,2,100,0,0.1,0.1,-0.1,3,8,1,0,10
Karim Adeyemi,GER,"FW,MF",Dortmund,20,2002,4.2,77,101,76.2,992,241,52,57,91.2,19,27,70.4,3,5,60,0,1.1,0.7,-1.1,7,4,1,0,9
Amine Adli,FRA,"FW,MF",Leverkusen,22,2000,1.3,44,64,68.8,644,170,22,34,64.7,19,22,86.4,2,4,50,0,0.3,0.4,-0.3,2,2,4,1,6
Manuel Akanji,SUI,DF,Manchester City,27,1995,10.5,763,831,91.8,13809,4176,318,332,95.8,375,396,94.7,66,89,74.2,0,0.4,0.7,-0.4,4,55,2,0,44
Nathan Aké,NED,DF,Manchester City,27,1995,6.8,547,598,91.5,9282,3327,270,278,97.1,229,250,91.6,43,54,79.6,0,0.3,0.4,-0.3,2,72,2,1,54
David Alaba,AUT,DF,Real Madrid,30,1992,7.9,414,476,87,6088,2043,219,234,93.6,165,188,87.8,15,35,42.9,0,0.6,1.4,-0.6,8,23,3,2,19
Lucas Alario,ARG,"FW,MF",Eint Frankfurt,29,1992,0.2,1,3,33.3,4,0,0,2,0,0,0,,0,0,,0,0,0,0,0,0,0,0,0
Jordi Alba,ESP,DF,Barcelona,33,1989,1.6,162,183,88.5,2363,848,96,102,94.1,52,58,89.7,10,19,52.6,1,0.6,1,0.4,5,22,5,2,19
Thiago Alcántara,ESP,MF,Liverpool,31,1991,3.4,205,232,88.4,3891,1265,80,89,89.9,86,93,92.5,31,38,81.6,0,0.5,0.9,-0.5,3,36,6,0,30
Trent Alexander-Arnold,ENG,DF,Liverpool,23,1998,6.9,405,528,76.7,7471,3245,189,206,91.7,146,184,79.3,57,113,50.4,0,1.2,1.9,-1.2,14,38,18,8,52
Sotiris Alexandropoulos,GRE,MF,Sporting CP,20,2001,1.3,33,42,78.6,491,83,18,21,85.7,12,13,92.3,1,4,25,0,0,0,0,0,2,0,0,3
Faride Alidou,GER,"DF,FW",Eint Frankfurt,21,2001,0.8,32,38,84.2,496,73,17,19,89.5,11,13,84.6,3,4,75,0,0.1,0,-0.1,3,1,1,1,0
Alisson,BRA,GK,Liverpool,29,1992,8,242,274,88.3,5893,3991,64,64,100,112,115,97.4,64,90,71.1,0,0,0,0,0,6,0,0,0
Marcos Alonso,ESP,DF,Barcelona,31,1990,4.5,376,418,90,6519,2357,167,179,93.3,166,177,93.8,32,43,74.4,0,0.9,1.1,-0.9,8,33,6,4,26
Éder Álvarez Balanta,COL,"MF,FW",Club Brugge,29,1993,0.6,13,17,76.5,197,53,6,8,75,5,7,71.4,1,1,100,0,0,0,0,1,1,1,0,1
Edson Álvarez,MEX,MF,Ajax,24,1997,5.9,312,364,85.7,5525,1458,123,140,87.9,164,173,94.8,23,40,57.5,0,0.1,0.1,-0.1,2,28,2,0,14
Julián Álvarez,ARG,FW,Manchester City,22,2000,5.3,97,120,80.8,1408,245,67,75,89.3,18,21,85.7,9,15,60,2,1,0.6,1,8,7,4,2,9
Nadiem Amiri,GER,"MF,FW",Leverkusen,25,1996,1.4,51,64,79.7,667,232,36,38,94.7,12,15,80,2,4,50,1,0.5,0.1,0.5,3,4,2,0,6
Robert Andrich,GER,MF,Leverkusen,27,1994,4.5,176,207,85,2870,716,93,105,88.6,68,78,87.2,13,20,65,0,0.1,0.2,-0.1,2,15,2,0,14
Peter Ankersen,DEN,DF,FC Copenhagen,31,1990,0.3,3,6,50,35,21,3,4,75,0,0,,0,2,0,0,0,0,0,0,0,0,0,0
Ofri Arad,ISR,"DF,MF",Maccabi Haifa,23,1998,0.2,10,11,90.9,110,55,6,6,100,2,3,66.7,0,0,,0,0,0,0,0,1,0,0,1
Charles Aránguiz,CHI,MF,Leverkusen,33,1989,2.4,146,154,94.8,2557,697,67,67,100,63,66,95.5,13,16,81.3,0,0.1,0.2,-0.1,3,13,1,0,15
Henrique Araújo,POR,FW,Benfica,20,2002,0.1,5,8,62.5,79,9,2,3,66.7,3,4,75,0,1,0,0,0.1,0,-0.1,2,0,1,0,1
Ronald Araújo,URU,DF,Barcelona,23,1999,1,47,55,85.5,1023,397,13,18,72.2,26,26,100,8,11,72.7,0,0,0,0,0,4,0,0,6
Scott Arfield,CAN,MF,Rangers,33,1988,3,59,87,67.8,838,224,36,48,75,15,20,75,4,6,66.7,0,0,0.1,0,1,4,0,0,7
Hákon Arnar Haraldsson,ISL,FW,FC Copenhagen,19,2003,3.3,79,100,79,1115,167,45,52,86.5,25,28,89.3,4,10,40,0,0.2,0.1,-0.2,1,3,1,0,7
Kepa Arrizabalaga,ESP,GK,Chelsea,27,1994,9,199,273,72.9,5009,3291,44,44,100,94,100,94,60,127,47.2,0,0,0,0,0,1,0,0,1
Arthur,BRA,"MF,FW",Sporting CP,24,1998,1.2,33,43,76.7,488,129,17,19,89.5,12,14,85.7,2,5,40,0,0.3,0.3,-0.3,2,4,3,0,5
Marco Asensio,ESP,"FW,MF",Real Madrid,26,1996,3.6,177,204,86.8,2445,477,104,117,88.9,50,56,89.3,10,15,66.7,1,1.7,1.7,-0.7,9,15,4,2,19
Kristjan Asllani,ALB,MF,Inter,20,2002,1.4,59,74,79.7,1110,327,20,21,95.2,30,34,88.2,8,14,57.1,0,0.3,0.4,-0.3,2,6,2,0,3
Omer Atzili,ISR,"FW,MF",Maccabi Haifa,29,1993,3.4,80,119,67.2,1246,497,44,54,81.5,22,31,71,10,20,50,1,0.7,0.4,0.3,10,6,7,3,12
Pierre-Emerick Aubameyang,GAB,FW,Chelsea,33,1989,4.5,78,102,76.5,1043,200,44,54,81.5,31,38,81.6,0,1,0,1,0.5,0.3,0.5,6,4,4,0,11
Lynnt Audoor,BEL,MF,Club Brugge,18,2003,0.1,3,6,50,42,13,1,3,33.3,2,2,100,0,0,,0,0,0,0,0,0,0,0,1
Fredrik Aursnes,NOR,"FW,MF",Benfica,26,1995,6.9,297,369,80.5,4860,1170,138,157,87.9,127,146,87,18,34,52.9,0,0.6,1,-0.6,11,20,7,1,30
Sardar Azmoun,IRN,FW,Leverkusen,27,1995,0.1,2,3,66.7,42,36,0,1,0,2,2,100,0,0,,0,0.1,0,-0.1,1,0,1,0,2
César Azpilicueta,ESP,DF,Chelsea,32,1989,2.9,256,288,88.9,3903,1284,145,153,94.8,98,106,92.5,10,19,52.6,0,0.2,0.3,-0.2,4,26,3,2,15
Youri Baas,NED,DF,Ajax,19,2003,0.5,23,27,85.2,327,58,13,14,92.9,10,12,83.3,0,1,0,0,0,0,0,0,1,0,0,1
Alexander Bah,DEN,DF,Benfica,24,1997,7.3,420,532,78.9,7540,2818,187,217,86.2,171,208,82.2,49,78,62.8,2,1,0.9,1,11,43,9,3,44
Eric Bailly,CIV,DF,Marseille,28,1994,3.4,174,203,85.7,3567,1205,46,55,83.6,103,111,92.8,23,32,71.9,0,0,0,0,0,12,0,0,12
Stefan Bajcetic,ESP,MF,Liverpool,17,2004,1.2,60,76,78.9,1058,198,26,31,83.9,24,29,82.8,7,11,63.6,0,0,0,0,0,3,0,0,6
Mitchel Bakker,NED,"MF,DF",Leverkusen,22,2000,3.8,171,211,81,2519,796,109,118,92.4,52,65,80,8,20,40,0,0.3,0.2,-0.3,4,14,3,0,21
Alejandro Balde,ESP,DF,Barcelona,18,2003,1.9,120,138,87,1832,416,66,72,91.7,50,54,92.6,4,7,57.1,0,0,0.2,0,1,6,4,2,11
Leonardo Balerdi,ARG,DF,Marseille,23,1999,5.5,322,370,87,6311,1682,110,121,90.9,163,182,89.6,45,54,83.3,0,0,0.1,0,0,26,1,0,29
Fodé Ballo-Touré,SEN,"DF,MF",Milan,25,1997,1.5,60,72,83.3,881,290,37,39,94.9,18,22,81.8,3,4,75,0,0,0,0,0,3,0,0,2
Tommaso Barbieri,ITA,MF,Juventus,19,2002,0,4,6,66.7,42,28,4,4,100,0,0,,0,0,,0,0,0,0,0,1,0,0,0
Roony Bardghji,SWE,FW,FC Copenhagen,16,2005,1.1,15,24,62.5,165,41,8,12,66.7,4,5,80,0,3,0,0,0,0,0,0,2,0,0,2
Nicolò Barella,ITA,MF,Inter,25,1997,11,322,407,79.1,5720,1504,165,185,89.2,120,149,80.5,33,50,66,0,0.7,0.9,-0.7,12,27,11,3,51
Borna Barišić,CRO,DF,Rangers,29,1992,5.2,221,268,82.5,3841,1348,113,127,89,86,98,87.8,22,38,57.9,0,0.3,0.4,-0.3,5,19,4,4,17
Enzo Barrenechea,ARG,DF,Juventus,21,2001,0,3,5,60,66,7,1,2,50,1,2,50,1,1,100,0,0,0,0,0,0,0,0,0
Pablo Barrios,ESP,MF,Atlético Madrid,19,2003,0.1,7,7,100,55,16,4,4,100,1,1,100,0,0,,0,0,0,0,0,1,0,0,1
Calvin Bassey,NGA,DF,Ajax,22,1999,6,387,434,89.2,6628,1767,170,180,94.4,198,216,91.7,16,34,47.1,1,0.1,0.1,0.9,2,16,1,1,16
Fortune Bassey,NGA,FW,Viktoria Plzeň,23,1998,1.5,22,27,81.5,351,70,13,16,81.3,7,7,100,2,2,100,0,0.1,0.1,-0.1,2,1,2,0,3
Alessandro Bastoni,ITA,DF,Inter,23,1999,10.9,506,609,83.1,10678,4095,171,179,95.5,249,278,89.6,83,136,61,3,2,1.7,1,11,43,14,11,46
Dylan Batubinsika,COD,DF,Maccabi Haifa,26,1996,5,174,198,87.9,3190,1074,67,71,94.4,92,100,92,13,22,59.1,0,0,0.1,0,0,6,0,0,7
Martin Baturina,CRO,MF,Dinamo Zagreb,19,2003,0.7,29,37,78.4,442,99,15,18,83.3,10,12,83.3,2,2,100,0,0.1,0.1,-0.1,2,3,1,0,5
Raoul Bellanova,ITA,"DF,MF",Inter,22,2000,1.3,39,58,67.2,727,198,18,20,90,18,23,78.3,3,6,50,0,0,0.1,0,1,0,1,1,1
Héctor Bellerín,ESP,DF,Barcelona,27,1995,2,79,98,80.6,1144,393,51,54,94.4,22,28,78.6,5,7,71.4,0,0.1,0.1,-0.1,1,4,2,1,6
Jude Bellingham,ENG,MF,Dortmund,19,2003,7,274,335,81.8,4512,1401,142,160,88.8,96,114,84.2,27,39,69.2,1,0.7,0.7,0.3,7,40,11,0,50
Ismaël Bennacer,ALG,MF,Milan,24,1997,6.5,289,343,84.3,4936,1323,139,151,92.1,106,127,83.5,34,47,72.3,0,0.3,0.3,-0.3,4,37,3,0,31
Rodrigo Bentancur,URU,"MF,FW",Tottenham,25,1997,5.6,316,365,86.6,5267,1572,142,160,88.8,152,168,90.5,17,26,65.4,0,0.3,0.6,-0.3,3,35,3,0,51
Karim Benzema,FRA,FW,Real Madrid,34,1987,8.3,268,315,85.1,3191,643,174,196,88.8,66,72,91.7,6,9,66.7,1,1.8,1.7,-0.8,18,15,14,0,31
Steven Berghuis,NED,"MF,FW",Ajax,30,1991,5.1,204,274,74.5,3805,1259,98,112,87.5,69,92,75,33,55,60,2,0.6,1,1.4,6,32,14,4,39
Steven Bergwijn,NED,FW,Ajax,24,1997,5.8,184,205,89.8,2362,399,124,128,96.9,46,55,83.6,5,6,83.3,0,0.8,1.1,-0.8,10,8,7,1,16
Alexandro Bernabei,ARG,FW,Celtic,21,2000,0.1,4,4,100,70,6,1,1,100,3,3,100,0,0,,0,0,0,0,1,0,0,0,0
Bernardo,BRA,DF,RB Salzburg,27,1995,3,49,73,67.1,1078,494,14,19,73.7,25,34,73.5,9,16,56.3,0,0,0,0,0,4,0,0,6
Juan Bernat,ESP,DF,Paris S-G,29,1993,3.1,183,200,91.5,2289,655,114,124,91.9,55,59,93.2,2,3,66.7,0,0.1,0.1,-0.1,1,19,2,0,11
Victor Bernth Kristiansen,DEN,"DF,MF",FC Copenhagen,19,2002,5.4,188,251,74.9,3187,1169,96,113,85,65,81,80.2,21,44,47.7,0,0.3,0.3,-0.3,6,14,3,3,11
Modou Biramé Ndiaye,SEN,MF,Viktoria Plzeň,25,1996,2,46,61,75.4,974,447,15,21,71.4,22,25,88,8,12,66.7,0,0,0,0,0,7,1,0,6
Yves Bissouma,MLI,MF,Tottenham,25,1996,1,65,72,90.3,1006,285,35,38,92.1,25,26,96.2,3,5,60,0,0,0,0,0,3,1,0,5
Janis Blaswich,GER,GK,RB Leipzig,31,1991,5.9,219,263,83.3,4741,2101,58,58,100,133,137,97.1,28,65,43.1,0,0,0,0,0,4,0,0,0
Daley Blind,NED,DF,Ajax,32,1990,4.5,277,333,83.2,5080,2157,103,110,93.6,152,172,88.4,21,35,60,0,0.1,0.4,-0.1,2,33,5,0,33
Petar Bočkaj,CRO,"DF,FW",Dinamo Zagreb,26,1996,0.4,12,21,57.1,223,69,3,4,75,6,10,60,2,4,50,0,0,0,0,0,2,0,0,3
Nicolai Boilesen,DEN,DF,FC Copenhagen,30,1992,1.1,81,84,96.4,1395,563,28,28,100,49,50,98,4,6,66.7,0,0,0,0,1,3,1,0,3
Valerii Bondar,UKR,DF,Shakhtar,23,1999,6,317,344,92.2,6075,2076,109,113,96.5,176,182,96.7,30,42,71.4,0,0,0,0,0,5,0,0,6
Artem Bondarenko,UKR,MF,Shakhtar,21,2000,5.4,242,277,87.4,3786,847,117,127,92.1,105,115,91.3,14,22,63.6,0,0.2,0.1,-0.2,5,13,1,0,23
Leonardo Bonucci,ITA,DF,Juventus,35,1987,4.9,262,303,86.5,5767,2661,74,79,93.7,131,142,92.3,53,74,71.6,0,0,0.3,0,0,26,1,0,20
Gonçalo Borges,POR,"MF,FW",Porto,21,2001,0.4,9,15,60,123,28,4,7,57.1,2,5,40,1,1,100,0,0,0,0,0,1,0,0,1
Rafael Borré,COL,FW,Eint Frankfurt,26,1995,2.5,56,70,80,758,117,33,38,86.8,18,24,75,2,2,100,0,0.8,0.6,-0.8,3,4,1,1,3
Yassine Bounou,MAR,GK,Sevilla,31,1991,4,166,208,79.8,4273,2595,31,31,100,87,90,96.7,48,87,55.2,0,0,0,0,0,1,0,0,0
Dedryck Boyata,BEL,DF,Club Brugge,31,1990,1.5,66,79,83.5,1474,388,8,9,88.9,51,53,96.2,7,17,41.2,0,0,0,0,0,2,0,0,4
Julian Brandt,GER,"MF,FW",Dortmund,26,1996,5.3,199,247,80.6,2782,810,111,125,88.8,60,70,85.7,13,27,48.1,1,1,0.8,0,8,15,12,1,29
Gleison Bremer,BRA,DF,Juventus,25,1997,3,122,143,85.3,2414,835,29,35,82.9,79,87,90.8,11,16,68.8,0,0,0,0,0,3,0,0,3
Brian Brobbey,NED,FW,Ajax,20,2002,1.3,19,25,76,335,21,8,11,72.7,6,7,85.7,4,4,100,0,0.6,0.1,-0.6,2,1,1,1,0
Armando Broja,ALB,FW,Chelsea,20,2001,1.3,24,31,77.4,289,67,15,18,83.3,8,11,72.7,0,0,,0,0.1,0.5,-0.1,1,2,1,0,2
Marcelo Brozović,CRO,MF,Inter,29,1992,6.1,372,417,89.2,7101,1827,147,158,93,184,197,93.4,41,52,78.8,0,0.3,0.8,-0.3,4,28,3,2,37
Pavel Bucha,CZE,MF,Viktoria Plzeň,24,1998,4,115,132,87.1,2052,645,51,57,89.5,43,46,93.5,15,18,83.3,0,0.6,0.5,-0.6,7,17,4,2,17
Tajon Buchanan,CAN,"DF,MF",Club Brugge,23,1999,5.8,112,147,76.2,1721,346,57,68,83.8,44,60,73.3,7,11,63.6,2,0.3,0.1,1.7,2,3,2,1,8
Marko Bulat,CRO,MF,Dinamo Zagreb,20,2001,0.3,19,23,82.6,338,49,9,10,90,6,8,75,3,4,75,0,0,0,0,0,1,0,0,1
Sergio Busquets,ESP,MF,Barcelona,34,1988,3.2,138,166,83.1,2335,631,75,88,85.2,47,54,87,14,16,87.5,0,0,0.3,0,0,17,2,0,18
Aurélio Buta,POR,DF,Eint Frankfurt,25,1997,1.8,37,59,62.7,567,173,20,28,71.4,14,21,66.7,3,9,33.3,0,0,0,0,0,1,0,0,4
Jamie Bynoe-Gittens,ENG,MF,Dortmund,17,2004,0.4,8,12,66.7,115,48,4,6,66.7,4,4,100,0,0,,0,0,0,0,0,1,0,0,1
Jovane Cabral,CPV,MF,Sporting CP,24,1998,0.1,6,8,75,82,29,3,4,75,2,2,100,0,0,,0,0,0,0,0,0,2,1,1
Davide Calabria,ITA,DF,Milan,25,1996,5.5,258,319,80.9,4538,1548,121,136,89,106,122,86.9,28,43,65.1,0,0.2,0.3,-0.2,2,31,7,5,29
Hakan Çalhanoğlu,TUR,MF,Inter,28,1994,8.9,377,451,83.6,7059,2154,174,192,90.6,136,148,91.9,58,91,63.7,2,1.3,1.3,0.7,17,31,9,1,38
Eduardo Camavinga,FRA,"MF,DF",Real Madrid,19,2002,8,408,470,86.8,6473,1717,220,237,92.8,148,169,87.6,31,39,79.5,1,0.5,0.2,0.5,6,35,0,0,24
Emre Can,GER,MF,Dortmund,28,1994,6.3,252,297,84.8,4178,1170,123,133,92.5,99,114,86.8,21,31,67.7,0,0,0.1,0,0,25,1,0,19
João Cancelo,POR,DF,Bayern Munich,28,1994,1.4,92,110,83.6,1511,375,44,48,91.7,45,51,88.2,3,7,42.9,1,0.5,0,0.5,1,3,0,0,6
João Cancelo,POR,DF,Manchester City,28,1994,4.2,352,416,84.6,5437,1133,202,216,93.5,126,149,84.6,18,29,62.1,4,1.1,1,2.9,5,27,5,2,35
Nicolás Capaldo,ARG,MF,RB Salzburg,24,1997,3,43,76,56.6,630,302,26,40,65,11,18,61.1,3,9,33.3,0,0.1,0.1,-0.1,2,10,3,0,9
Valentin Carboni,ARG,FW,Inter,17,2005,0.2,1,2,50,7,0,1,2,50,0,0,,0,0,,0,0,0,0,0,0,0,0,0
Fábio Cardoso,POR,DF,Porto,28,1994,4,189,213,88.7,3773,1071,57,65,87.7,115,121,95,15,23,65.2,0,0.1,0.1,-0.1,1,4,1,1,3
David Carmo,POR,DF,Porto,23,1999,5,166,214,77.6,3527,910,38,44,86.4,105,116,90.5,22,49,44.9,0,0.1,0,-0.1,1,3,0,0,5
Carmona,ESP,DF,Sevilla,20,2002,5,257,298,86.2,4566,1386,109,120,90.8,127,141,90.1,20,27,74.1,0,0.3,0.2,-0.3,3,13,3,1,15
Yannick Carrasco,BEL,"DF,MF",Atlético Madrid,28,1993,3,137,180,76.1,1954,364,89,96,92.7,37,52,71.2,8,24,33.3,1,0.4,0.3,0.6,5,4,5,1,12
Cameron Carter-Vickers,USA,DF,Celtic,24,1997,4,285,299,95.3,5702,1599,62,63,98.4,199,207,96.1,20,24,83.3,0,0,0.1,0,0,38,1,0,28
Dani Carvajal,ESP,DF,Real Madrid,30,1992,9.7,536,624,85.9,8302,1825,281,300,93.7,201,229,87.8,34,58,58.6,2,1.7,2,0.3,11,22,12,2,35
Fabio Carvalho,POR,"MF,FW",Liverpool,19,2002,1.3,46,55,83.6,486,125,27,33,81.8,9,11,81.8,1,1,100,0,0.1,0.4,-0.1,2,1,3,0,7
Marc Casado,ESP,MF,Barcelona,18,2003,0.3,26,29,89.7,425,83,12,14,85.7,12,12,100,1,1,100,0,0,0,0,0,2,0,0,0
Dani Ceballos,ESP,MF,Real Madrid,25,1996,1,79,87,90.8,1029,300,54,56,96.4,20,21,95.2,2,5,40,0,0.2,0.1,-0.2,1,5,1,0,7
Aleš Čermák,CZE,MF,Viktoria Plzeň,27,1994,0.4,24,30,80,448,207,11,13,84.6,9,10,90,4,5,80,0,0,0,0,1,5,0,0,6
El Chadaille Bitshiabu,FRA,DF,Paris S-G,17,2005,0.5,26,27,96.3,443,220,12,12,100,13,13,100,1,1,100,0,0,0,0,0,5,0,0,1
Trevoh Chalobah,ENG,DF,Chelsea,23,1999,4.9,268,297,90.2,5043,1455,96,103,93.2,144,156,92.3,27,36,75,0,0.3,0.2,-0.3,3,15,2,0,12
Timothy Chandler,USA,DF,Eint Frankfurt,32,1990,0.1,5,6,83.3,96,50,0,1,0,5,5,100,0,0,,0,0,0,0,0,0,0,0,0
Tjaronn Chery,SUR,"MF,FW",Maccabi Haifa,34,1988,6,204,256,79.7,2923,815,129,147,87.8,52,63,82.5,14,28,50,1,1.9,0.9,-0.9,10,25,5,1,29
Federico Chiesa,ITA,FW,Juventus,24,1997,0.2,8,9,88.9,124,40,6,6,100,0,0,,1,1,100,0,0.1,0.1,-0.1,1,0,2,0,4
Ben Chilwell,ENG,"DF,MF",Chelsea,25,1996,6.2,296,378,78.3,4323,1342,194,208,93.3,67,90,74.4,25,56,44.6,0,1.6,2.2,-1.6,12,16,3,1,22
Chiquinho,POR,MF,Benfica,27,1995,4.5,253,289,87.5,4592,1514,108,118,91.5,102,111,91.9,34,46,73.9,1,0.3,0.3,0.7,5,25,4,2,37
Tomáš Chorý,CZE,FW,Viktoria Plzeň,27,1995,4,35,60,58.3,356,73,30,39,76.9,3,12,25,0,3,0,0,0.1,0.1,-0.1,2,3,1,0,2
Andreas Christensen,DEN,DF,Barcelona,26,1996,2.4,217,229,94.8,4459,1381,55,57,96.5,144,148,97.3,18,23,78.3,0,0,0.1,0,1,29,0,0,18
Viktor Claesson,SWE,"FW,MF",FC Copenhagen,30,1992,5.4,139,175,79.4,1927,560,83,102,81.4,41,45,91.1,6,11,54.5,1,0.7,0.5,0.3,7,11,6,0,21
Jonathan Clauss,FRA,DF,Marseille,29,1992,4.6,164,220,74.5,2793,685,63,78,80.8,82,101,81.2,11,18,61.1,1,0.3,0.7,0.7,4,11,7,1,13
William Clem,DEN,MF,FC Copenhagen,18,2004,1.9,66,74,89.2,1141,366,28,33,84.8,31,32,96.9,5,7,71.4,0,0,0.1,0,0,15,1,0,8
Sebastián Coates,URU,DF,Sporting CP,31,1990,4.4,178,202,88.1,3067,1001,91,96,94.8,73,78,93.6,14,27,51.9,0,0,0,0,0,2,0,0,9
Josh Cohen,USA,GK,Maccabi Haifa,29,1992,6,107,145,73.8,2818,2105,31,31,100,46,47,97.9,30,65,46.2,0,0,0,0,0,3,0,0,0
Antonio Čolak,CRO,FW,Rangers,28,1993,3.2,27,42,64.3,374,30,13,21,61.9,10,12,83.3,2,3,66.7,0,0,0,0,0,0,0,0,1
Kingsley Coman,FRA,"FW,DF",Bayern Munich,26,1996,5.9,224,286,78.3,3569,714,128,141,90.8,76,99,76.8,16,30,53.3,1,1.7,2.2,-0.7,15,13,15,6,31
Francisco Conceição,POR,"FW,MF",Ajax,19,2002,0.2,13,14,92.9,211,25,6,6,100,6,6,100,1,2,50,0,0,0,0,0,2,0,0,1
Rodrigo Conceição,POR,DF,Porto,22,2000,0.1,4,5,80,66,34,2,3,66.7,2,2,100,0,0,,0,0,0,0,0,1,0,0,1
Andreas Cornelius,DEN,FW,FC Copenhagen,29,1993,1.2,18,30,60,242,40,12,23,52.2,5,6,83.3,1,1,100,0,0.3,0.1,-0.3,1,0,0,0,0
Pierre Cornud,FRA,DF,Maccabi Haifa,25,1996,4.1,161,202,79.7,2516,922,89,93,95.7,56,72,77.8,12,24,50,1,0.7,0.6,0.3,8,3,6,5,14
Ángel Correa,ARG,"FW,MF",Atlético Madrid,27,1995,3.5,92,114,80.7,1042,263,55,63,87.3,17,23,73.9,4,6,66.7,0,0.4,0.5,-0.4,6,4,6,1,14
Joaquín Correa,ARG,FW,Inter,27,1994,3.4,76,93,81.7,1073,256,50,55,90.9,22,27,81.5,4,5,80,2,0.7,0.8,1.3,5,6,5,0,15
Bruno Xavier Almeida Costa,POR,MF,Porto,25,1997,0.8,18,22,81.8,293,66,7,8,87.5,7,8,87.5,2,4,50,0,0.1,0.2,-0.1,1,0,1,0,3
Diogo Costa,POR,GK,Porto,22,1999,8,276,380,72.6,8228,5657,34,34,100,129,131,98.5,112,212,52.8,1,0.2,0,0.8,1,9,0,0,0
Soumaïla Coulibaly,FRA,DF,Dortmund,18,2003,0.2,14,15,93.3,206,74,7,7,100,7,7,100,0,0,,0,0,0,0,0,2,0,0,3
Thibaut Courtois,BEL,GK,Real Madrid,30,1992,10,294,371,79.2,7176,4624,61,61,100,160,160,100,72,147,49,0,0,0,0,0,2,0,0,0
Juan Cuadrado,COL,"DF,MF",Juventus,34,1988,4.8,234,281,83.3,4808,1260,89,102,87.3,101,118,85.6,41,50,82,1,1.3,0.6,-0.3,10,11,5,4,16
Marc Cucurella,ESP,DF,Chelsea,24,1998,4.6,307,366,83.9,4982,1696,159,170,93.5,129,156,82.7,17,32,53.1,0,0.2,0.2,-0.2,4,23,2,0,29
Matheus Cunha,BRA,"FW,MF",Atlético Madrid,23,1999,1.4,24,33,72.7,273,31,19,20,95,5,8,62.5,0,0,,0,0.4,0.1,-0.4,4,2,1,0,3
Danilo D'Ambrosio,ITA,DF,Inter,33,1988,1.8,80,97,82.5,1464,509,31,36,86.1,41,47,87.2,7,10,70,0,0,0.1,0,0,4,1,0,9
Danilo,BRA,DF,Juventus,31,1991,4.7,232,274,84.7,4427,1416,86,95,90.5,115,126,91.3,29,46,63,0,0.6,0.2,-0.6,3,22,1,1,25
Arnaut Danjuma,NED,MF,Tottenham,25,1997,0.1,2,2,100,35,29,1,1,100,1,1,100,0,0,,0,0,0,0,0,1,0,0,2
Mohammed Daramy,DEN,FW,FC Copenhagen,20,2002,4.9,111,139,79.9,1635,314,57,66,86.4,43,48,89.6,6,10,60,0,0.5,0.6,-0.5,6,4,7,2,14
Matteo Darmian,ITA,DF,Inter,32,1989,9.1,291,360,80.8,5341,2176,112,131,85.5,161,184,87.5,17,36,47.2,0,0.3,0.3,-0.3,2,16,2,2,18
Dean David,ISR,"FW,DF",Maccabi Haifa,26,1996,2.6,28,49,57.1,369,90,17,26,65.4,5,8,62.5,2,5,40,0,0.1,0.1,-0.1,1,0,0,0,2
Alphonso Davies,CAN,DF,Bayern Munich,21,2000,6.7,360,402,89.6,5526,1269,193,205,94.1,138,149,92.6,18,28,64.3,2,0.8,0.9,1.2,10,17,8,2,18
Ben Davies,WAL,DF,Tottenham,29,1993,4.4,187,228,82,3000,1124,92,101,91.1,83,103,80.6,9,17,52.9,0,0,0.1,0,0,24,0,0,21
Ben Davies,ENG,DF,Rangers,26,1995,2.9,121,152,79.6,2305,773,49,50,98,62,71,87.3,10,29,34.5,0,0,0,0,0,9,0,0,9
Steven Davis,NIR,MF,Rangers,37,1985,2.8,91,114,79.8,1590,385,42,46,91.3,38,46,82.6,10,16,62.5,0,0,0,0,1,16,0,0,13
Kevin De Bruyne,BEL,MF,Manchester City,31,1991,8,294,431,68.2,5327,1583,153,184,83.2,99,137,72.3,39,83,47,6,3.5,2.8,2.5,22,30,24,10,49
Charles De Ketelaere,BEL,"MF,FW",Milan,21,2001,2.6,53,75,70.7,667,174,36,41,87.8,12,17,70.6,2,5,40,0,0,0.1,0,0,6,1,0,7
Rodrigo De Paul,ARG,MF,Atlético Madrid,28,1994,2.8,189,244,77.5,3467,1012,87,100,87,74,93,79.6,26,41,63.4,0,0.5,0.5,-0.5,5,26,4,3,35
Mattia De Sciglio,ITA,DF,Juventus,29,1992,1.1,45,60,75,765,256,24,27,88.9,17,19,89.5,4,8,50,0,0,0,0,1,5,1,1,4
Amar Dedić,BIH,DF,RB Salzburg,19,2002,6,183,283,64.7,2643,1448,108,127,85,54,96,56.3,14,39,35.9,0,0.5,0.5,-0.5,7,12,5,2,14
Thomas Delaney,DEN,MF,Sevilla,30,1991,2.6,82,108,75.9,1374,375,40,46,87,33,44,75,6,10,60,0,0.2,0.1,-0.2,2,11,0,0,8
Ousmane Dembélé,FRA,FW,Barcelona,25,1997,4.6,176,259,68,3150,873,83,108,76.9,68,95,71.6,21,38,55.3,2,1.5,1.9,0.5,11,6,15,1,26
Kerem Demirbay,GER,MF,Leverkusen,29,1993,3,175,228,76.8,3275,1106,72,83,86.7,80,88,90.9,21,44,47.7,0,0.3,0.6,-0.3,4,27,4,3,23
Sergiño Dest,USA,DF,Milan,21,2000,2.1,64,90,71.1,944,307,35,42,83.3,23,30,76.7,3,6,50,0,0.2,0.2,-0.2,2,4,5,2,6
Giovanni Di Lorenzo,ITA,DF,Napoli,28,1993,9.9,496,591,83.9,7740,2937,264,292,90.4,193,222,86.9,26,40,65,2,2.6,2.8,-0.6,19,41,20,5,57
Ángel Di María,ARG,FW,Juventus,34,1988,1.6,53,78,67.9,1024,416,30,34,88.2,11,18,61.1,12,22,54.5,3,1.8,1.2,1.2,7,7,5,0,12
Moussa Diaby,FRA,"FW,MF",Leverkusen,23,1999,5.6,149,202,73.8,1937,418,99,109,90.8,39,58,67.2,6,18,33.3,0,0.8,0.9,-0.8,6,8,14,2,19
Abdou Diallo,SEN,"DF,MF",RB Leipzig,26,1996,2.5,174,191,91.1,3347,1351,68,72,94.4,87,93,93.5,18,22,81.8,0,0.1,0.2,-0.1,1,25,3,0,26
Rúben Dias,POR,DF,Manchester City,25,1997,11.7,908,959,94.7,16547,5707,360,370,97.3,470,487,96.5,76,92,82.6,0,0.1,0.2,-0.1,2,58,0,0,40
Brahim Díaz,ESP,"MF,FW",Milan,22,1999,6.7,152,183,83.1,2328,544,89,98,90.8,45,53,84.9,12,18,66.7,0,0.6,0.8,-0.6,5,21,4,1,17
Luis Díaz,COL,FW,Liverpool,25,1997,3,79,99,79.8,1026,349,47,54,87,24,30,80,2,4,50,0,0.3,0.2,-0.3,3,4,7,0,13
Eric Dier,ENG,DF,Tottenham,28,1994,6.9,416,466,89.3,8288,3423,142,156,91,222,232,95.7,49,70,70,0,0,0.4,0,1,21,3,0,23
Kevin Diks,NED,DF,FC Copenhagen,25,1996,3.7,119,161,73.9,1975,639,56,68,82.4,49,62,79,11,21,52.4,0,0.1,0.1,-0.1,2,10,1,0,10
Federico Dimarco,ITA,DF,Inter,24,1997,8.1,273,399,68.4,5130,2036,132,150,88,99,141,70.2,39,85,45.9,5,3,2.6,2,16,22,13,6,34
Junior Dina Ebimbe,FRA,"MF,DF",Eint Frankfurt,21,2000,2.7,86,110,78.2,1347,378,44,53,83,35,41,85.4,5,9,55.6,0,0,0,0,0,2,1,0,11
Marko Dmitrović,SRB,GK,Sevilla,30,1992,2,49,73,67.1,1177,740,15,15,100,23,23,100,11,35,31.4,0,0,0,0,0,1,0,0,0
Matt Doherty,IRL,DF,Tottenham,30,1992,0.8,29,35,82.9,420,73,17,18,94.4,10,12,83.3,1,1,100,0,0,0,0,0,1,0,0,4
Kasper Dolberg,DEN,FW,Sevilla,24,1997,1.2,15,19,78.9,221,25,9,11,81.8,5,5,100,1,2,50,0,0.2,0.1,-0.2,2,0,2,0,2
Gianluigi Donnarumma,ITA,GK,Paris S-G,23,1999,8,198,239,82.8,3896,2365,72,72,100,98,99,99,26,65,40,0,0,0,0,0,0,0,0,0
Julian Draxler,GER,MF,Benfica,28,1993,0.4,13,15,86.7,187,71,8,10,80,3,3,100,2,2,100,0,0,0.1,0,0,1,0,0,3
Josip Drmić,SUI,FW,Dinamo Zagreb,29,1992,1.1,15,22,68.2,199,28,9,13,69.2,5,7,71.4,0,1,0,0,0.3,0,-0.3,2,1,0,0,1
Denzel Dumfries,NED,DF,Inter,26,1996,9.8,228,348,65.5,3852,1449,107,128,83.6,94,147,63.9,21,43,48.8,0,0.4,0.4,-0.4,3,13,4,0,15
Edin Džeko,BIH,FW,Inter,36,1986,9.2,150,239,62.8,2806,609,69,99,69.7,56,86,65.1,22,30,73.3,1,0.9,0.5,0.1,9,13,4,0,26
Ederson,BRA,GK,Manchester City,28,1993,11,292,347,84.1,7595,4883,50,50,100,163,164,99.4,78,131,59.5,0,0,0,0,0,2,0,0,0
Jorge Eduardo Sánchez,MEX,DF,Ajax,24,1997,3,115,136,84.6,1825,485,60,64,93.8,48,58,82.8,4,6,66.7,0,0.2,0.2,-0.2,2,3,2,2,3
Marcus Edwards,ENG,"FW,MF",Sporting CP,23,1998,3.9,85,113,75.2,1184,370,50,57,87.7,23,34,67.6,5,10,50,1,0.6,0.5,0.4,6,10,4,0,16
Hugo Ekitike,FRA,"MF,FW",Paris S-G,20,2002,0.7,11,14,78.6,140,22,6,7,85.7,4,5,80,0,0,,0,0,0.1,0,0,0,1,0,1
Harvey Elliott,ENG,MF,Liverpool,19,2003,4.4,190,239,79.5,2814,675,107,121,88.4,64,77,83.1,11,20,55,0,0.3,0.4,-0.3,5,15,11,1,28
Elif Elmas,MKD,"FW,MF",Napoli,22,1999,3.2,158,175,90.3,1858,315,107,116,92.2,30,33,90.9,4,5,80,0,0.2,0.2,-0.2,4,9,1,0,9
Emerson,BRA,"DF,MF",Tottenham,23,1999,6,248,322,77,3946,1157,137,159,86.2,81,103,78.6,19,30,63.3,0,0.3,0.5,-0.3,4,14,6,2,24
Youssef En-Nesyri,MAR,FW,Sevilla,25,1997,2.7,19,28,67.9,226,21,14,17,82.4,4,7,57.1,0,3,0,0,0,0,0,1,1,1,0,1
Ricardo Esgaio,POR,"DF,MF",Sporting CP,29,1993,1.2,34,49,69.4,537,229,20,23,87,12,21,57.1,2,4,50,0,0,0,0,1,2,0,0,3
Dario Essugo,POR,MF,Sporting CP,17,2005,0.3,7,10,70,131,34,1,2,50,6,7,85.7,0,1,0,0,0,0,0,0,0,0,0,1
Stephen Eustáquio,CAN,MF,Porto,25,1996,6.6,209,292,71.6,3346,1058,105,128,82,79,98,80.6,18,50,36,0,0.6,1.1,-0.6,5,16,5,2,25
Evanilson,BRA,FW,Porto,22,1999,5.7,109,134,81.3,1119,206,73,81,90.1,20,28,71.4,2,3,66.7,1,1,0.2,0,6,6,1,0,8
Fabinho,BRA,MF,Liverpool,28,1993,7,405,460,88,6285,1579,208,226,92,151,165,91.5,27,40,67.5,0,0.2,0.3,-0.2,5,48,1,0,35
Nicolò Fagioli,ITA,MF,Juventus,21,2001,1.2,67,70,95.7,1235,308,29,31,93.5,28,28,100,9,9,100,0,0.2,0.1,-0.2,3,12,3,0,16
Rasmus Falk,DEN,MF,FC Copenhagen,30,1992,2.1,89,101,88.1,1253,207,57,60,95,24,27,88.9,3,4,75,0,0,0,0,1,7,0,0,7
Abdul Fatawu Issahaku,GHA,"MF,DF",Sporting CP,18,2004,1,20,27,74.1,338,56,11,14,78.6,8,11,72.7,1,2,50,0,0,0,0,0,1,0,0,0
Ansu Fati,ESP,FW,Barcelona,19,2002,2.7,90,105,85.7,1122,201,65,70,92.9,19,25,76,3,4,75,1,0.1,0.1,0.9,1,5,3,0,9
Felipe,BRA,DF,Atlético Madrid,33,1989,1,46,54,85.2,852,303,17,20,85,26,30,86.7,3,4,75,0,0.1,0,-0.1,2,1,0,0,2
João Félix,POR,"FW,MF",Chelsea,22,1999,2.7,67,96,69.8,1025,310,39,45,86.7,20,26,76.9,6,17,35.3,0,0.3,0.4,-0.3,2,5,3,0,12
João Félix,POR,FW,Atlético Madrid,22,1999,2.4,78,97,80.4,1019,215,54,59,91.5,15,24,62.5,5,6,83.3,0,0.2,0.3,-0.2,4,5,4,2,8
Mateus Fernandes,POR,MF,Sporting CP,18,2004,0.3,4,9,44.4,60,1,0,2,0,3,5,60,0,0,,0,0,0,0,0,0,0,0,0
Enzo Fernández,ARG,MF,Benfica,21,2001,4.7,298,335,89,5245,1506,134,145,92.4,104,115,90.4,46,57,80.7,1,0.3,0.5,0.7,3,34,3,1,32
Enzo Fernández,ARG,MF,Chelsea,21,2001,3.7,226,269,84,4094,1454,105,123,85.4,84,95,88.4,32,39,82.1,0,0.2,0.3,-0.2,3,35,5,0,37
Fernando,BRA,FW,RB Salzburg,23,1999,0.7,9,10,90,141,9,5,6,83.3,3,3,100,1,1,100,1,0.3,0,0.7,2,0,1,0,2
Fernando,BRA,MF,Sevilla,35,1987,1,69,72,95.8,1420,403,27,27,100,29,31,93.5,12,12,100,0,0,0,0,1,8,0,0,7
Roberto Firmino,BRA,"FW,MF",Liverpool,30,1991,4.6,164,203,80.8,2111,663,106,121,87.6,41,46,89.1,4,4,100,1,1.6,1.7,-0.6,10,20,6,0,30
Phil Foden,ENG,"MF,FW",Manchester City,22,2000,4.3,190,232,81.9,2811,625,119,130,91.5,45,54,83.3,14,23,60.9,2,1.3,1,0.7,9,12,11,2,22
Wesley Fofana,FRA,DF,Chelsea,21,2000,4.4,192,214,89.7,2890,992,109,117,93.2,64,69,92.8,11,14,78.6,0,0.2,0.3,-0.2,2,17,3,1,11
Bernardo Folha,POR,MF,Porto,20,2002,0.1,8,10,80,137,28,5,6,83.3,2,3,66.7,1,1,100,0,0,0,0,0,1,0,0,1
James Forrest,SCO,FW,Celtic,31,1991,1,38,55,69.1,541,137,26,31,83.9,11,18,61.1,1,4,25,0,0.5,0.3,-0.5,2,1,2,1,2
Emil Forsberg,SWE,"MF,FW",RB Leipzig,30,1991,4.5,132,150,88,1781,486,83,89,93.3,39,45,86.7,5,7,71.4,0,0.3,0.6,-0.3,4,12,7,0,19
Fraser Forster,ENG,GK,Tottenham,34,1988,2,47,55,85.5,1035,666,14,14,100,22,22,100,10,18,55.6,0,0,0,0,0,0,0,0,0
Timothy Fosu-Mensah,NED,"MF,DF",Leverkusen,24,1998,0.1,4,5,80,71,3,2,3,66.7,2,2,100,0,0,,0,0,0,0,0,0,0,0,0
Lassina Franck Traoré,BFA,FW,Shakhtar,21,2001,2.7,35,49,71.4,497,103,20,25,80,12,16,75,1,2,50,0,0.5,0.2,-0.5,2,2,1,0,3
André Franco,POR,MF,Porto,24,1998,0.2,12,19,63.2,204,43,5,5,100,7,11,63.6,0,2,0,0,0,0,0,1,2,0,0,3
Jeremie Frimpong,NED,"MF,FW",Leverkusen,21,2000,4.2,114,153,74.5,1666,386,68,77,88.3,36,49,73.5,5,12,41.7,2,0.8,0.5,1.2,5,7,5,1,10
Kyogo Furuhashi,JPN,FW,Celtic,27,1995,4,38,55,69.1,482,82,23,30,76.7,11,15,73.3,1,4,25,1,0.4,0.4,0.6,2,4,1,0,4
Matteo Gabbia,ITA,DF,Milan,22,1999,2.3,94,106,88.7,1874,494,29,32,90.6,52,57,91.2,13,17,76.5,0,0,0,0,0,3,0,0,7
Gianluca Gaetano,ITA,MF,Napoli,22,2000,0.3,32,36,88.9,450,128,19,21,90.5,12,14,85.7,0,0,,0,0,0,0,0,3,0,0,4
Roberto Gagliardini,ITA,MF,Inter,28,1994,1.3,43,51,84.3,672,215,18,21,85.7,19,19,100,2,3,66.7,0,0.2,0.1,-0.2,1,5,2,0,7
Cody Gakpo,NED,"FW,MF",Liverpool,23,1999,1.7,35,45,77.8,518,186,22,26,84.6,12,15,80,1,2,50,0,0.2,0.1,-0.2,2,3,3,0,9
Galeno,BRA,"FW,MF",Porto,24,1997,6.3,122,179,68.2,1719,413,82,97,84.5,34,47,72.3,4,10,40,1,0.8,1.1,0.2,9,6,6,3,10
Conor Gallagher,ENG,MF,Chelsea,22,2000,3.3,141,164,86,2139,423,88,99,88.9,44,48,91.7,8,12,66.7,0,0.7,1.2,-0.7,6,8,6,3,18
Eric García,ESP,DF,Barcelona,21,2001,2.5,183,190,96.3,3510,1292,56,57,98.2,106,109,97.2,17,20,85,0,0.1,0.3,-0.1,1,26,4,2,25
Federico Gatti,ITA,DF,Juventus,24,1998,2,61,67,91,1250,409,19,20,95,32,36,88.9,9,10,90,0,0,0,0,0,6,0,0,2
Gavi,ESP,MF,Barcelona,17,2004,3.7,141,168,83.9,1955,424,87,96,90.6,44,50,88,4,8,50,0,0.7,0.5,-0.7,6,13,4,2,15
Gerson,BRA,MF,Marseille,25,1997,1.3,52,63,82.5,783,145,29,31,93.5,19,20,95,2,7,28.6,0,0,0,0,0,4,0,0,5
Giorgos Giakoumakis,GRE,FW,Celtic,27,1994,2.7,21,34,61.8,261,61,13,21,61.9,6,7,85.7,0,0,,0,0.4,0.2,-0.4,4,0,1,0,2
Samuel Gigot,FRA,DF,Marseille,28,1993,2.8,156,170,91.8,2895,790,52,55,94.5,90,93,96.8,11,17,64.7,0,0,0,0,0,16,0,0,11
Bryan Gil,ESP,MF,Tottenham,21,2001,0.4,13,20,65,188,60,9,11,81.8,3,4,75,1,3,33.3,0,0.2,0.1,-0.2,2,3,1,0,3
Gilberto,BRA,DF,Benfica,29,1993,2.2,140,172,81.4,1729,661,101,110,91.8,31,40,77.5,2,5,40,0,0,0.1,0,0,12,3,0,16
Olivier Giroud,FRA,FW,Milan,35,1986,10.4,141,221,63.8,1666,402,92,133,69.2,28,46,60.9,3,7,42.9,2,1,0.9,1,9,13,1,0,17
Serge Gnabry,GER,"FW,MF",Bayern Munich,27,1995,3.8,135,166,81.3,1986,465,84,97,86.6,39,46,84.8,8,15,53.3,3,1.2,0.4,1.8,4,14,1,0,9
Sean Goldberg,ISR,DF,Maccabi Haifa,27,1995,6,227,266,85.3,4211,1477,88,98,89.8,108,116,93.1,27,44,61.4,0,0.1,0.1,-0.1,4,11,1,0,15
Connor Goldson,ENG,DF,Rangers,29,1992,3.5,115,152,75.7,2477,710,34,41,82.9,63,68,92.6,18,38,47.4,0,0.1,0,-0.1,1,7,0,0,3
Joe Gomez,ENG,DF,Liverpool,25,1997,3.3,170,214,79.4,3109,1213,59,69,85.5,87,99,87.9,17,34,50,1,0.3,0.3,0.7,2,15,1,1,18
Papu Gómez,ARG,"FW,MF",Sevilla,34,1988,2.7,102,125,81.6,1847,493,50,59,84.7,36,41,87.8,13,17,76.5,1,0.3,0.9,0.7,5,9,4,0,16
Sergio Gómez,ESP,"DF,MF",Manchester City,21,2000,3.4,259,293,88.4,4025,965,144,149,96.6,97,110,88.2,14,24,58.3,1,0.3,0.3,0.7,3,36,4,2,30
Diogo Gonçalves,POR,"FW,MF",Benfica,25,1997,0.4,14,19,73.7,191,53,11,12,91.7,2,3,66.7,1,3,33.3,0,0,0.1,0,0,0,2,0,3
Pedro Gonçalves,POR,"MF,FW",Sporting CP,24,1998,4,92,127,72.4,1519,401,49,58,84.5,35,49,71.4,7,13,53.8,2,0.3,0.3,1.7,5,7,3,0,11
Leon Goretzka,GER,MF,Bayern Munich,27,1995,6.7,274,314,87.3,4187,1295,136,146,93.2,116,133,87.2,12,18,66.7,4,1.8,0.7,2.2,9,37,3,0,44
Robin Gosens,GER,DF,Inter,28,1994,4.7,182,231,78.8,3230,1185,83,95,87.4,77,95,81.1,20,31,64.5,0,1.1,1.3,-1.1,5,9,5,4,15
Mario Götze,GER,"MF,FW",Eint Frankfurt,30,1992,5.8,189,252,75,2483,693,121,142,85.2,49,72,68.1,8,19,42.1,2,0.6,0.6,1.4,6,15,5,0,29
Lucas Gourna-Douath,FRA,MF,RB Salzburg,18,2003,3.5,118,154,76.6,1892,765,66,74,89.2,35,48,72.9,13,25,52,0,0.1,0.1,-0.1,1,13,4,0,19
Kamil Grabara,POL,GK,FC Copenhagen,23,1999,4,79,124,63.7,2331,1650,9,9,100,39,39,100,31,75,41.3,0,0,0,0,0,1,0,0,0
Ryan Gravenberch,NED,MF,Bayern Munich,20,2002,2.8,118,143,82.5,1734,538,69,78,88.5,38,44,86.4,5,7,71.4,0,0.6,0.6,-0.6,5,13,3,0,15
Ivo Grbić,CRO,GK,Atlético Madrid,26,1996,1,20,30,66.7,602,422,4,4,100,11,11,100,5,15,33.3,0,0,0,0,0,2,0,0,0
Jack Grealish,ENG,FW,Manchester City,26,1995,10.4,433,509,85.1,6594,1144,248,265,93.6,149,167,89.2,25,40,62.5,1,2.9,2.6,-1.9,35,12,20,1,41
Antoine Griezmann,FRA,"FW,MF",Atlético Madrid,31,1991,4.5,190,245,77.6,3009,699,108,119,90.8,59,81,72.8,18,34,52.9,1,1.2,0.8,-0.2,9,15,7,1,26
Florian Grillitsch,AUT,MF,Ajax,26,1995,0.7,34,41,82.9,616,183,15,16,93.8,15,16,93.8,4,8,50,0,0,0.1,0,1,2,2,1,3
Álex Grimaldo,ESP,DF,Benfica,26,1995,10,558,664,84,8105,2281,326,356,91.6,180,210,85.7,33,50,66,4,3.2,2.5,0.8,19,46,16,1,50
Marko Grujić,SRB,MF,Porto,26,1996,3.1,124,145,85.5,2089,600,59,62,95.2,55,62,88.7,8,11,72.7,0,0.2,0.2,-0.2,4,10,4,0,19
Nemanja Gudelj,SRB,"DF,MF",Sevilla,30,1991,5.5,296,328,90.2,5750,1609,111,123,90.2,147,155,94.8,36,45,80,0,0.1,0.1,-0.1,2,17,1,0,17
Gonçalo Guedes,POR,"FW,MF",Benfica,25,1996,0.5,13,19,68.4,186,47,7,10,70,3,5,60,1,1,100,0,0,0,0,1,2,0,0,2
Mattéo Guendouzi,FRA,MF,Marseille,23,1999,4.6,223,257,86.8,3524,871,116,126,92.1,82,93,88.2,15,21,71.4,0,0.3,0.2,-0.3,5,28,5,1,36
Raphaël Guerreiro,POR,DF,Dortmund,28,1993,5.3,253,311,81.4,3455,1482,170,192,88.5,57,74,77,14,24,58.3,0,1.1,0.4,-1.1,8,9,5,0,22
Pape Gueye,SEN,MF,Marseille,23,1999,0.4,47,51,92.2,1051,213,14,15,93.3,23,26,88.5,10,10,100,0,0,0,0,0,16,0,0,10
Péter Gulácsi,HUN,GK,RB Leipzig,32,1990,2.1,51,64,79.7,960,497,24,26,92.3,19,19,100,8,19,42.1,0,0,0,0,0,0,0,0,0
İlkay Gündoğan,GER,MF,Manchester City,31,1990,11,672,755,89,10451,2084,385,415,92.8,222,237,93.7,52,65,80,2,1.7,1.3,0.3,14,62,11,0,76
Joško Gvardiol,CRO,DF,RB Leipzig,20,2002,6,423,476,88.9,8436,3104,128,134,95.5,241,253,95.3,46,72,63.9,0,0.2,0.1,-0.2,2,22,1,0,18
Erling Haaland,NOR,FW,Manchester City,22,2000,9.3,91,123,74,1152,229,60,69,87,26,34,76.5,2,3,66.7,1,0.8,0.5,0.2,7,4,3,0,12
Amadou Haidara,MLI,MF,RB Leipzig,24,1998,3.8,173,191,90.6,2547,865,90,94,95.7,65,71,91.5,8,13,61.5,0,0.5,0.4,-0.5,2,17,1,0,16
Achraf Hakimi,MAR,"DF,MF",Paris S-G,23,1998,6.4,332,378,87.8,4415,1137,204,223,91.5,97,107,90.7,9,13,69.2,2,0.4,0.3,1.6,3,14,7,1,19
Sead Haksabanović,MNE,"MF,FW",Celtic,23,1999,2.5,78,107,72.9,1283,437,39,43,90.7,30,46,65.2,7,12,58.3,0,0.6,0.8,-0.6,8,6,6,2,12
Sébastien Haller,CIV,FW,Dortmund,28,1994,1.6,34,50,68,426,32,22,27,81.5,9,15,60,1,1,100,0,0,0,0,1,1,0,0,0
Marcel Halstenberg,GER,DF,RB Leipzig,30,1991,1.9,98,116,84.5,1604,425,45,47,95.7,44,49,89.8,6,12,50,1,0.3,0.4,0.7,3,7,3,3,3
Amine Harit,MAR,MF,Marseille,25,1997,4.2,181,215,84.2,2885,644,90,98,91.8,63,74,85.1,17,26,65.4,2,1.5,0.8,0.5,13,20,7,1,24
Joe Hart,ENG,GK,Celtic,35,1987,6,162,174,93.1,3592,2064,27,27,100,113,114,99.1,21,32,65.6,0,0,0,0,0,0,0,0,0
Makoto Hasebe,JPN,DF,Eint Frankfurt,38,1984,2.9,125,153,81.7,2435,770,43,43,100,66,77,85.7,15,31,48.4,0,0,0,0,0,4,1,0,8
Reo Hatate,JPN,MF,Celtic,24,1997,5,188,242,77.7,3152,1045,86,107,80.4,68,79,86.1,22,33,66.7,0,0.4,0.4,-0.4,7,16,9,1,31
Milan Havel,CZE,DF,Viktoria Plzeň,27,1994,4.7,92,127,72.4,1442,639,50,55,90.9,34,47,72.3,6,19,31.6,0,0.1,0.2,-0.1,3,9,6,3,8
Kai Havertz,GER,"FW,MF",Chelsea,23,1999,6.9,206,268,76.9,2750,644,131,160,81.9,55,76,72.4,8,11,72.7,0,1.9,1,-1.9,12,13,6,1,27
Eden Hazard,BEL,"FW,MF",Real Madrid,31,1991,1.5,58,66,87.9,731,138,38,41,92.7,16,18,88.9,1,1,100,1,0.3,0.2,0.7,5,2,3,0,4
Thorgan Hazard,BEL,"DF,FW",Dortmund,29,1993,2.2,75,98,76.5,1140,287,38,42,90.5,27,31,87.1,5,14,35.7,0,0.3,0.1,-0.3,5,2,1,0,7
Dolev Haziz,ISR,DF,Maccabi Haifa,27,1995,2.3,101,140,72.1,1569,461,57,63,90.5,32,46,69.6,8,17,47.1,1,0.3,0.5,0.7,3,6,4,2,7
Lukáš Hejda,CZE,DF,Viktoria Plzeň,32,1990,5.7,73,84,86.9,1653,823,18,21,85.7,37,40,92.5,15,18,83.3,0,0,0.2,0,0,8,0,0,1
Jordan Henderson,ENG,MF,Liverpool,32,1990,3.1,185,212,87.3,3048,744,87,93,93.5,73,82,89,16,22,72.7,1,0.6,0.6,0.4,6,19,5,0,25
Jack Hendry,SCO,DF,Club Brugge,27,1995,1,44,56,78.6,969,242,7,10,70,33,36,91.7,4,10,40,0,0,0,0,1,3,0,0,2
Benjamin Henrichs,GER,"DF,MF",RB Leipzig,25,1997,2.2,76,94,80.9,1371,424,38,44,86.4,28,34,82.4,9,11,81.8,0,0,0.5,0,1,12,3,1,10
Mario Hermoso,ESP,DF,Atlético Madrid,27,1995,1.8,109,120,90.8,2037,820,35,36,97.2,66,73,90.4,8,11,72.7,0,0.1,0.2,-0.1,1,13,2,0,14
Lucas Hernández,FRA,DF,Bayern Munich,26,1996,1.9,118,135,87.4,2234,879,50,52,96.2,56,60,93.3,12,20,60,0,0,0,0,0,15,0,0,8
Theo Hernández,FRA,DF,Milan,24,1997,10.5,444,532,83.5,7417,2623,216,231,93.5,182,204,89.2,36,61,59,1,1.6,1.2,-0.6,12,33,7,2,46
Son Heung-min,KOR,"MF,FW",Tottenham,30,1992,6.9,135,201,67.2,1706,477,87,100,87,35,52,67.3,4,21,19,0,1.5,1.2,-1.5,11,4,6,0,15
Piero Hincapié,ECU,DF,Leverkusen,20,2002,5,251,308,81.5,4081,1457,111,125,88.8,111,129,86,19,34,55.9,0,0.3,0.3,-0.3,3,18,1,0,19
Adam Hložek,CZE,"MF,FW",Leverkusen,20,2002,3.1,65,88,73.9,917,220,40,54,74.1,20,23,87,3,6,50,1,0.8,0.2,0.2,6,6,2,0,13
Libor Holík,CZE,DF,Viktoria Plzeň,24,1998,3.2,55,85,64.7,1001,442,25,33,75.8,22,31,71,6,16,37.5,1,0.2,0.2,0.8,2,4,4,4,6
Lukáš Hrádecký,FIN,GK,Leverkusen,32,1989,6,160,203,78.8,3994,2946,34,34,100,88,88,100,38,80,47.5,0,0,0,0,0,3,0,0,0
Callum Hudson-Odoi,ENG,FW,Leverkusen,21,2000,5.1,173,215,80.5,2705,679,96,114,84.2,61,68,89.7,11,21,52.4,0,1.2,1.2,-1.2,10,14,10,1,31
Mats Hummels,GER,DF,Dortmund,33,1988,3.5,190,224,84.8,3950,1469,59,67,88.1,97,102,95.1,31,46,67.4,0,0,0,0,0,7,2,0,10
Pierre Højbjerg,DEN,MF,Tottenham,26,1995,6.9,396,449,88.2,6734,1990,186,202,92.1,167,181,92.3,33,46,71.7,2,0.5,0.6,1.5,5,34,7,2,40
Samuel Iling-Junior,ENG,DF,Juventus,18,2003,0.2,4,8,50,72,36,2,3,66.7,2,4,50,0,1,0,1,0.2,0.1,0.8,2,0,2,2,1
Gonçalo Inácio,POR,DF,Sporting CP,20,2001,6,330,378,87.3,6548,2452,103,112,92,185,202,91.6,39,58,67.2,0,0,0.1,0,0,12,0,0,13
Isco,ESP,"MF,FW",Sevilla,30,1992,4.4,168,198,84.8,2859,755,93,100,93,54,60,90,18,26,69.2,1,0.2,0.4,0.8,5,14,6,0,28
Franco Israel,URU,GK,Sporting CP,22,2000,1.7,43,70,61.4,1184,779,9,9,100,22,22,100,12,39,30.8,0,0,0,0,0,0,0,0,0
Luka Ivanušec,CRO,MF,Dinamo Zagreb,23,1998,5.8,175,215,81.4,3002,642,82,97,84.5,66,77,85.7,18,24,75,0,0.2,0.2,-0.2,4,13,3,1,17
Ryan Jack,SCO,MF,Rangers,30,1992,2.1,61,77,79.2,955,229,32,35,91.4,22,30,73.3,4,7,57.1,1,0.3,0,0.7,3,10,0,0,5
Kristijan Jakić,CRO,DF,Eint Frankfurt,25,1997,6.8,291,375,77.6,4731,1863,152,171,88.9,111,146,76,20,43,46.5,0,0,0.1,0,1,19,2,0,21
Reece James,ENG,"DF,MF",Chelsea,22,1999,7.7,435,528,82.4,7088,1713,230,246,93.5,165,199,82.9,34,49,69.4,1,1,1,0,9,25,11,5,44
Adnan Januzaj,BEL,"FW,MF",Sevilla,27,1995,0.6,15,19,78.9,234,59,9,10,90,5,6,83.3,1,2,50,0,0,0.1,0,1,1,2,0,5
Luis Javier Suárez,COL,FW,Marseille,24,1997,1.3,21,32,65.6,322,45,9,13,69.2,9,14,64.3,1,1,100,0,0.3,0.1,-0.3,3,2,0,0,1
Elias Jelert,DEN,"DF,MF",FC Copenhagen,19,2003,2.1,72,90,80,1168,359,36,40,90,31,40,77.5,3,5,60,0,0.1,0,-0.1,1,4,1,0,7
Václav Jemelka,CZE,DF,Viktoria Plzeň,27,1995,4,96,122,78.7,1798,945,42,43,97.7,43,50,86,10,16,62.5,1,0.5,0.4,0.5,3,10,3,1,10
Valdemar Jensen,DEN,DF,FC Copenhagen,19,2003,3.4,145,167,86.8,2813,904,43,45,95.6,88,97,90.7,13,23,56.5,0,0,0,0,0,10,1,0,9
Moritz Jenz,GER,DF,Celtic,23,1999,6,427,457,93.4,8050,2824,136,145,93.8,267,283,94.3,23,27,85.2,0,0,0.1,0,0,28,0,0,29
Juan Jesus,BRA,DF,Napoli,31,1991,2.3,137,151,90.7,2363,800,53,57,93,76,82,92.7,4,5,80,0,0,0,0,0,11,0,0,12
Erik Jirka,SVK,"FW,MF",Viktoria Plzeň,24,1997,3,49,74,66.2,725,233,26,34,76.5,19,22,86.4,1,10,10,0,0.2,0.1,-0.2,5,10,2,0,8
Ísak Jóhannesson,ISL,"FW,MF",FC Copenhagen,19,2003,3.2,56,83,67.5,949,335,29,33,87.9,18,24,75,6,17,35.3,0,0.8,0.6,-0.8,4,1,2,0,5
Curtis Jones,ENG,"FW,MF",Liverpool,21,2001,1.1,36,45,80,430,79,23,27,85.2,9,10,90,0,0,,0,0.1,0.1,-0.1,1,0,1,0,3
Frenkie de Jong,NED,MF,Barcelona,25,1997,2.6,152,175,86.9,2389,565,79,84,94,55,61,90.2,12,13,92.3,0,0.2,0.3,-0.2,2,18,3,1,20
Joan Jordán,ESP,MF,Sevilla,28,1994,2.9,157,171,91.8,2855,679,65,70,92.9,76,82,92.7,14,16,87.5,0,0.1,0.4,-0.1,1,11,1,0,20
Jorginho,ITA,MF,Chelsea,30,1991,4.6,334,361,92.5,5539,1371,158,164,96.3,147,158,93,19,25,76,0,0.3,0.4,-0.3,7,36,6,0,40
Jota,POR,FW,Celtic,23,1999,3.2,84,111,75.7,1516,494,36,41,87.8,35,45,77.8,11,18,61.1,0,0.5,0.8,-0.5,9,6,13,7,11
Diogo Jota,POR,"FW,MF",Liverpool,25,1996,2.9,74,95,77.9,970,270,42,51,82.4,22,27,81.5,2,4,50,4,1.3,0.5,2.7,12,6,5,1,15
Vinicius Júnior,BRA,FW,Real Madrid,22,2000,10.8,333,432,77.1,4211,863,223,252,88.5,67,88,76.1,18,39,46.2,6,2.7,2.7,3.3,18,12,7,2,20
Josip Juranović,CRO,DF,Celtic,26,1995,6,281,342,82.2,4837,1751,120,136,88.2,138,156,88.5,18,30,60,0,0.9,0.8,-0.9,6,35,14,7,45
Jutglà,ESP,FW,Club Brugge,23,1999,5.7,94,131,71.8,1267,165,50,68,73.5,27,34,79.4,5,10,50,2,1.4,0.8,0.6,4,6,3,0,7
Issa Kaboré,BFA,DF,Marseille,21,2001,1.3,44,51,86.3,571,174,26,27,96.3,13,14,92.9,1,4,25,0,0,0,0,0,4,0,0,4
Pierre Kalulu,FRA,DF,Milan,22,2000,8.3,422,481,87.7,8188,3372,151,173,87.3,209,219,95.4,56,78,71.8,0,0.2,0.2,-0.2,3,36,3,2,35
Lukáš Kalvach,CZE,MF,Viktoria Plzeň,27,1995,5.5,171,238,71.8,3521,1349,60,75,80,74,89,83.1,30,56,53.6,0,0.6,0.7,-0.6,8,18,4,1,24
Daichi Kamada,JPN,"MF,FW",Eint Frankfurt,25,1996,7.7,250,316,79.1,4073,1228,139,160,86.9,88,109,80.7,21,38,55.3,0,0.4,0.4,-0.4,3,22,7,0,34
Glen Kamara,FIN,MF,Rangers,26,1995,1.4,39,40,97.5,617,124,21,21,100,16,17,94.1,2,2,100,0,0.1,0,-0.1,2,1,0,0,3
Dijon Kameri,KVX,MF,RB Salzburg,18,2004,1.3,32,41,78,479,160,17,20,85,12,15,80,1,3,33.3,0,0.2,0.1,-0.2,2,5,2,2,4
Kevin Kampl,SVN,MF,RB Leipzig,31,1990,3,174,185,94.1,2611,665,100,106,94.3,62,64,96.9,7,9,77.8,0,0.1,0.1,-0.1,2,17,6,0,23
Harry Kane,ENG,FW,Tottenham,29,1993,8,160,251,63.7,2774,865,73,107,68.2,52,71,73.2,24,38,63.2,2,1.1,0.7,0.9,9,29,8,1,38
N'Golo Kanté,FRA,MF,Chelsea,31,1991,1.8,64,79,81,806,219,40,46,87,17,21,81,2,4,50,0,0.2,0.3,-0.2,3,4,3,0,11
Mamoudou Karamoko,FRA,FW,FC Copenhagen,22,1999,0.5,2,3,66.7,31,9,1,1,100,1,1,100,0,0,,0,0,0,0,0,0,0,0,0
Moise Kean,ITA,"FW,MF",Juventus,22,2000,1.2,12,18,66.7,235,57,4,4,100,6,6,100,2,5,40,0,0,0,0,0,1,0,0,5
Ryan Kent,ENG,"FW,MF",Rangers,25,1996,5.6,98,120,81.7,1407,272,60,64,93.8,32,41,78,4,8,50,0,0.4,0.4,-0.4,3,6,6,3,12
Franck Kessié,CIV,MF,Barcelona,25,1996,3,160,185,86.5,2424,385,93,106,87.7,55,60,91.7,9,11,81.8,0,0.2,0.2,-0.2,2,9,4,1,8
Davit Khocholava,GEO,DF,FC Copenhagen,29,1993,4.8,191,222,86,3805,1218,57,62,91.9,110,116,94.8,23,40,57.5,0,0,0,0,0,9,0,0,7
Joshua Kimmich,GER,MF,Bayern Munich,27,1995,9,619,710,87.2,12057,3571,228,248,91.9,287,311,92.3,90,126,71.4,3,2.5,1.5,0.5,20,91,10,1,82
Presnel Kimpembe,FRA,DF,Paris S-G,26,1995,1.6,98,103,95.1,1404,655,50,51,98,41,42,97.6,3,5,60,0,0,0,0,0,5,0,0,1
Leon King,SCO,DF,Rangers,18,2004,4.2,156,198,78.8,2932,1150,60,70,85.7,79,87,90.8,16,35,45.7,0,0,0,0,0,8,1,0,11
Simon Kjær,DEN,DF,Milan,33,1989,5.6,237,276,85.9,4851,1737,72,77,93.5,124,134,92.5,36,57,63.2,0,0.2,0,-0.2,3,12,0,0,14
Maurits Kjærgaard,DEN,MF,RB Salzburg,19,2003,5.5,96,152,63.2,1276,557,59,76,77.6,24,45,53.3,4,18,22.2,0,1.4,1.1,-1.4,11,14,6,2,17
Davy Klaassen,NED,MF,Ajax,29,1993,2.4,59,66,89.4,836,119,36,37,97.3,17,21,81,3,3,100,0,0.1,0.1,-0.1,2,2,0,0,2
Jan Kliment,CZE,FW,Viktoria Plzeň,28,1993,0.5,7,8,87.5,86,16,4,5,80,2,2,100,0,0,,0,0,0,0,0,1,1,0,2
Lukas Klostermann,GER,DF,RB Leipzig,26,1996,0.6,17,21,81,264,103,6,6,100,7,8,87.5,1,2,50,0,0,0,0,0,2,0,0,2
Ansgar Knauff,GER,"DF,FW",Eint Frankfurt,20,2002,3.3,84,132,63.6,1381,482,33,45,73.3,46,66,69.7,3,16,18.8,1,0.5,0.2,0.5,3,2,2,0,7
Gregor Kobel,SUI,GK,Dortmund,24,1997,3.5,109,143,76.2,2490,1568,27,27,100,59,60,98.3,22,54,40.7,0,0,0,0,0,0,0,0,0
Philipp Köhn,SUI,GK,RB Salzburg,24,1998,6,95,143,66.4,3180,2558,16,16,100,33,33,100,46,94,48.9,0,0,0,0,0,3,0,0,0
Sekou Koita,MLI,FW,RB Salzburg,22,1999,0.2,7,8,87.5,102,10,5,5,100,1,1,100,1,1,100,0,0,0,0,0,0,0,0,0
Koke,ESP,MF,Atlético Madrid,30,1992,3.7,230,260,88.5,3688,1033,134,142,94.4,65,74,87.8,25,35,71.4,0,0.2,0.1,-0.2,3,18,1,0,23
Sead Kolašinac,BIH,DF,Marseille,29,1993,1.7,102,118,86.4,1758,490,43,48,89.6,50,57,87.7,8,10,80,0,0,0.1,0,0,5,0,0,10
Randal Kolo Muani,FRA,FW,Eint Frankfurt,23,1998,5.7,61,95,64.2,662,99,43,60,71.7,11,21,52.4,1,3,33.3,0,0.2,0.3,-0.2,3,3,1,0,3
Ibrahima Konaté,FRA,DF,Liverpool,23,1999,2.9,106,139,76.3,1637,581,54,62,87.1,44,53,83,4,18,22.2,0,0.1,0,-0.1,1,2,0,0,3
Geoffrey Kondogbia,CTA,MF,Atlético Madrid,29,1993,2.5,182,210,86.7,3451,827,85,93,91.4,65,72,90.3,27,37,73,0,0,0.2,0,1,21,2,0,15
Yukhym Konoplia,UKR,DF,Shakhtar,22,1999,4.6,175,212,82.5,2779,1061,98,106,92.5,61,68,89.7,14,20,70,0,0.2,0,-0.2,4,9,1,0,14
Jan Kopic,CZE,"FW,MF",Viktoria Plzeň,32,1990,0.9,14,19,73.7,167,31,10,11,90.9,3,5,60,0,0,,0,0,0,0,0,0,1,0,2
Odilon Kossonou,CIV,DF,Leverkusen,21,2001,4.8,260,314,82.8,4297,1656,134,147,91.2,107,123,87,15,30,50,0,0.1,0.1,-0.1,2,30,2,0,26
Filip Kostić,SRB,"DF,FW",Juventus,29,1992,4.8,172,249,69.1,2717,686,101,120,84.2,55,83,66.3,12,31,38.7,1,1.3,0.5,-0.3,12,14,7,5,15
Kalidou Koulibaly,SEN,DF,Chelsea,31,1991,6.3,318,360,88.3,5549,2507,142,153,92.8,151,160,94.4,20,37,54.1,0,0.5,0.4,-0.5,3,29,2,0,26
Jules Koundé,FRA,DF,Barcelona,23,1998,2.7,200,221,90.5,3532,1303,92,100,92,96,104,92.3,12,15,80,1,0.1,0.2,0.9,1,19,1,0,28
Mateo Kovačić,CRO,MF,Chelsea,28,1994,6.9,435,498,87.3,7162,2096,207,228,90.8,189,207,91.3,29,38,76.3,0,0.8,1.1,-0.8,8,67,11,0,52
Adam Kronus,CZE,FW,Viktoria Plzeň,20,2002,0,2,4,50,35,18,1,2,50,1,1,100,0,1,0,0,0,0,0,0,0,0,0,0
Toni Kroos,GER,MF,Real Madrid,32,1990,9.4,831,909,91.4,14527,5367,395,418,94.5,312,320,97.5,97,128,75.8,2,0.9,1.2,1.1,16,107,8,3,88
Rade Krunić,BIH,"MF,FW",Milan,28,1993,9.1,283,343,82.5,4550,1239,151,172,87.8,105,123,85.4,18,24,75,0,0,0.1,0,0,24,1,0,27
Dmytro Kryskiv,UKR,MF,Shakhtar,21,2000,0.1,4,4,100,73,12,1,1,100,3,3,100,0,0,,0,0,0,0,0,1,0,0,1
Serhiy Kryvtsov,UKR,DF,Shakhtar,31,1991,0.1,0,0,,0,0,0,0,,0,0,,0,0,,0,0,0,0,0,0,0,0,0
Dejan Kulusevski,SWE,"MF,DF",Tottenham,22,2000,2.2,69,93,74.2,1053,205,39,47,83,23,31,74.2,5,9,55.6,0,0.3,0.2,-0.3,4,3,3,2,5
Khvicha Kvaratskhelia,GEO,FW,Napoli,21,2001,7.7,212,288,73.6,3082,640,131,150,87.3,48,67,71.6,17,33,51.5,4,2.4,2.1,1.6,17,8,8,2,19
Konrad Laimer,AUT,"MF,FW",RB Leipzig,25,1997,2.9,74,91,81.3,1064,255,34,40,85,32,36,88.9,1,5,20,0,0.4,0.4,-0.4,2,6,2,1,6
Érik Lamela,ARG,"FW,MF",Sevilla,30,1992,3.1,97,121,80.2,1593,249,48,59,81.4,39,47,83,8,10,80,0,0.6,0.5,-0.6,5,4,4,0,16
Noa Lang,NED,FW,Club Brugge,23,1999,3.2,103,150,68.7,1612,522,44,56,78.6,43,51,84.3,7,25,28,0,0.1,0.2,-0.1,3,7,6,1,12
Aymeric Laporte,ESP,DF,Manchester City,28,1994,3.2,252,270,93.3,4388,1123,100,102,98,133,139,95.7,16,24,66.7,0,0.1,0.1,-0.1,1,38,0,0,15
Cyle Larin,CAN,"FW,MF",Club Brugge,27,1995,0.1,1,1,100,14,1,1,1,100,0,0,,0,0,,0,0,0,0,0,0,0,0,0
Rasmus Lauritsen,DEN,DF,Dinamo Zagreb,26,1996,0.2,0,0,,0,0,0,0,,0,0,,0,0,,0,0,0,0,0,0,0,0,0
Neta Lavi,ISR,MF,Maccabi Haifa,25,1996,5.2,229,274,83.6,3838,1378,116,137,84.7,84,94,89.4,26,33,78.8,0,0.3,0.3,-0.3,7,20,2,0,29
Rafael Leão,POR,"FW,MF",Milan,23,1999,10.1,175,250,70,3010,723,89,115,77.4,57,77,74,23,32,71.9,4,2.7,2.9,1.3,15,16,16,5,24
Thomas Lemar,FRA,MF,Atlético Madrid,26,1995,1.2,50,64,78.1,854,200,27,33,81.8,16,16,100,7,14,50,0,0.2,0.1,-0.2,2,4,3,0,7
Clément Lenglet,FRA,DF,Tottenham,27,1995,5.6,293,347,84.4,5476,1912,119,127,93.7,141,162,87,32,54,59.3,0,0.4,0.6,-0.4,2,23,2,0,27
Christopher Lenz,GER,DF,Eint Frankfurt,27,1994,2.5,84,118,71.2,1533,460,37,45,82.2,37,47,78.7,9,17,52.9,0,0.2,0.1,-0.2,3,1,1,0,3
Lukas Lerager,DEN,MF,FC Copenhagen,29,1993,5,127,164,77.4,1999,528,72,87,82.8,36,47,76.6,11,15,73.3,0,0.2,0.1,-0.2,4,12,2,0,14
Robert Lewandowski,POL,FW,Barcelona,33,1988,4.9,86,131,65.6,1084,265,57,75,76,22,30,73.3,2,6,33.3,0,0.7,1.8,-0.7,7,6,7,2,18
Rico Lewis,ENG,DF,Manchester City,17,2004,1.3,88,97,90.7,1360,123,49,52,94.2,36,38,94.7,2,6,33.3,0,0.1,0.1,-0.1,1,7,0,0,1
Matthijs de Ligt,NED,DF,Bayern Munich,22,1999,6.8,440,474,92.8,8734,2860,117,124,94.4,275,282,97.5,47,63,74.6,0,0,0.1,0,0,40,3,0,28
Jesper Lindstrøm,DEN,"MF,FW",Eint Frankfurt,22,2000,5.6,87,133,65.4,1175,301,51,73,69.9,26,33,78.8,3,12,25,0,1,0.9,-1,8,4,5,0,10
Dominik Livaković,CRO,GK,Dinamo Zagreb,27,1995,6,172,253,68,4861,3636,32,32,100,80,81,98.8,59,139,42.4,0,0,0,0,0,2,0,0,0
Robert Ljubicic,AUT,"FW,DF",Dinamo Zagreb,23,1999,6,272,363,74.9,4244,1882,149,171,87.1,93,124,75,19,33,57.6,0,0.1,0.2,-0.1,2,25,5,1,32
Marcos Llorente,ESP,"MF,FW",Atlético Madrid,27,1995,2.4,98,117,83.8,1227,278,65,67,97,23,26,88.5,3,8,37.5,0,0.1,0.1,-0.1,2,6,2,0,9
Hugo Lloris,FRA,GK,Tottenham,35,1986,6,150,176,85.2,3508,2335,43,43,100,72,73,98.6,34,59,57.6,0,0,0,0,0,2,0,0,0
Danny Loader,ENG,"FW,MF",Porto,21,2000,0.6,19,25,76,225,41,12,13,92.3,4,7,57.1,0,0,,0,0,0,0,0,0,1,0,1
Stanislav Lobotka,SVK,MF,Napoli,27,1994,9.7,582,632,92.1,8792,2335,318,333,95.5,216,236,91.5,29,35,82.9,0,0.3,0.2,-0.3,6,42,2,1,44
Manuel Locatelli,ITA,MF,Juventus,24,1998,2.5,170,196,86.7,3232,1139,68,75,90.7,67,72,93.1,28,39,71.8,0,0.3,0.2,-0.3,1,21,4,0,28
Ruben Loftus-Cheek,ENG,MF,Chelsea,26,1996,3.2,166,189,87.8,2527,693,90,99,90.9,67,71,94.4,6,11,54.5,1,0.2,0.2,0.8,1,17,2,0,21
Pau López,ESP,GK,Marseille,27,1994,6,135,177,76.3,3608,2373,21,21,100,64,65,98.5,49,89,55.1,0,0,0,0,0,4,0,0,0
Alexander lowry,SCO,MF,Rangers,19,2003,0.1,2,3,66.7,27,0,1,2,50,1,1,100,0,0,,0,0,0,0,0,0,0,0,0
Hirving Lozano,MEX,FW,Napoli,27,1995,5.2,112,158,70.9,1508,374,72,84,85.7,28,45,62.2,5,12,41.7,1,1.7,1.1,-0.7,8,8,3,1,12
Florentino Luís,POR,MF,Benfica,22,1999,9.5,490,553,88.6,7970,2278,252,274,92,176,194,90.7,48,56,85.7,0,0,0.2,0,1,49,2,0,42
Romelu Lukaku,BEL,FW,Inter,29,1993,2.1,39,54,72.2,510,146,21,28,75,13,15,86.7,1,3,33.3,1,0.6,0.6,0.4,6,6,2,0,9
John Lundstram,ENG,"MF,DF",Rangers,28,1994,5,173,217,79.7,2847,774,81,95,85.3,70,79,88.6,12,26,46.2,0,0.1,0,-0.1,1,9,1,0,12
Andriy Lunin,UKR,GK,Real Madrid,23,1999,2,41,43,95.3,612,412,24,24,100,15,15,100,2,4,50,0,0,0,0,0,0,0,0,0
Mahir Madatov,AZE,FW,Dinamo Zagreb,25,1997,0.2,6,7,85.7,65,12,4,5,80,2,2,100,0,0,,0,0.2,0,-0.2,1,0,0,0,0
Daizen Maeda,JPN,FW,Celtic,24,1997,3.7,51,71,71.8,708,136,30,38,78.9,19,22,86.4,0,2,0,0,0.7,0.4,-0.7,4,0,3,1,4
Riyad Mahrez,ALG,"FW,MF",Manchester City,31,1991,5.6,275,319,86.2,4863,616,126,135,93.3,117,132,88.6,27,35,77.1,2,1.8,1.9,0.2,19,9,12,3,15
Mike Maignan,FRA,GK,Milan,27,1995,7,217,260,83.5,6186,4081,44,45,97.8,97,98,99,76,117,65,0,0,0,0,0,4,0,0,0
Donyell Malen,NED,"FW,MF",Dortmund,23,1999,2.8,41,54,75.9,487,93,31,36,86.1,8,10,80,0,4,0,0,0.1,0.2,-0.1,2,4,1,0,6
Reinildo Mandava,MOZ,DF,Atlético Madrid,28,1994,5.7,339,383,88.5,4996,1401,186,197,94.4,136,150,90.7,9,18,50,0,0.1,0.2,-0.1,2,33,2,1,34
Sadio Mané,SEN,FW,Bayern Munich,30,1992,6.1,161,206,78.2,2502,711,93,108,86.1,59,70,84.3,8,13,61.5,1,0.9,1.1,0.1,8,20,17,0,38
Iván Marcano,ESP,DF,Porto,35,1987,3,161,182,88.5,3443,1100,41,46,89.1,91,96,94.8,27,35,77.1,0,0.5,0.2,-0.5,2,7,1,0,10
Marcão,BRA,DF,Sevilla,26,1996,2.5,141,164,86,2562,1039,51,53,96.2,83,92,90.2,7,16,43.8,0,0,0,0,0,7,0,0,11
José María Giménez,URU,DF,Atlético Madrid,27,1995,4.5,253,288,87.8,5481,2093,75,81,92.6,122,135,90.4,53,66,80.3,0,0.1,0.1,-0.1,1,14,4,1,16
Mariano,DOM,FW,Real Madrid,28,1993,0.1,2,4,50,36,16,0,1,0,2,2,100,0,1,0,0,0,0,0,0,0,0,0,1
Antonio Marin,CRO,FW,Dinamo Zagreb,21,2001,0.1,3,4,75,45,18,2,3,66.7,1,1,100,0,0,,0,0,0,0,0,0,0,0,1
João Mário,POR,FW,Benfica,29,1993,9.6,429,503,85.3,5886,1607,254,277,91.7,129,145,89,19,35,54.3,2,2.8,2.6,-0.8,15,37,15,4,56
João Mário Lopes,POR,DF,Porto,22,2000,3,78,104,75,1062,309,52,59,88.1,24,31,77.4,1,9,11.1,0,0.1,0.1,-0.1,1,4,1,0,7
Marquinhos,BRA,DF,Paris S-G,28,1994,7.3,379,409,92.7,6240,2123,165,173,95.4,175,183,95.6,25,36,69.4,0,0.1,0.1,-0.1,2,17,1,0,17
José Marsà,ESP,DF,Sporting CP,20,2002,1.1,24,27,88.9,481,84,6,6,100,15,15,100,3,5,60,0,0,0,0,0,1,0,0,0
Lautaro Martínez,ARG,FW,Inter,24,1997,11.1,161,229,70.3,2557,664,86,116,74.1,57,73,78.1,13,21,61.9,3,1.8,1,1.2,18,16,7,1,28
Toni Martínez,ESP,FW,Porto,25,1997,1.3,21,40,52.5,208,55,14,25,56,3,10,30,0,0,,0,0.1,0,-0.1,2,0,0,0,1
Clinton Mata,ANG,DF,Club Brugge,29,1992,1.8,96,125,76.8,1524,606,55,59,93.2,33,43,76.7,5,15,33.3,0,0,0,0,1,5,1,0,8
Pape Matar Sarr,SEN,MF,Tottenham,19,2002,1,50,60,83.3,923,255,23,26,88.5,18,20,90,8,9,88.9,0,0,0.2,0,1,5,1,0,4
Joël Matip,CMR,DF,Liverpool,30,1991,2.7,155,175,88.6,2923,1064,51,58,87.9,83,90,92.2,18,23,78.3,0,0,0.1,0,1,18,0,0,16
Rabbi Matondo,WAL,"MF,FW",Rangers,21,2000,1.1,9,18,50,95,0,9,14,64.3,0,1,0,0,1,0,0,0,0,0,0,0,0,0,0
Mykola Matviyenko,UKR,DF,Shakhtar,26,1996,6,393,444,88.5,6943,2506,165,172,95.9,196,207,94.7,29,58,50,0,0,0,0,0,10,0,0,6
Philipp Max,GER,DF,Eint Frankfurt,28,1993,1.3,36,54,66.7,516,206,20,24,83.3,14,20,70,0,4,0,0,0.1,0.1,-0.1,1,1,2,1,5
Eric Maxim Choupo-Moting,CMR,FW,Bayern Munich,33,1989,4.8,75,102,73.5,1002,195,47,59,79.7,24,31,77.4,3,5,60,0,0.3,0.5,-0.3,5,3,3,0,11
Noussair Mazraoui,MAR,DF,Bayern Munich,24,1997,4.4,260,312,83.3,3734,1351,159,171,93,88,104,84.6,10,17,58.8,0,0.1,0.3,-0.1,1,29,4,0,19
Kylian Mbappé,FRA,FW,Paris S-G,23,1998,7.2,211,280,75.4,2661,539,140,169,82.8,48,67,71.6,9,14,64.3,3,1.1,1.4,1.9,8,12,11,3,32
Chancel Mbemba,COD,DF,Marseille,27,1994,4.5,226,278,81.3,4143,1125,92,102,90.2,103,122,84.4,24,38,63.2,1,0.3,0.3,0.7,2,16,3,1,18
James McCarthy,IRL,MF,Celtic,31,1990,0.1,8,10,80,118,26,5,5,100,3,4,75,0,0,,0,0,0,0,0,2,2,0,2
Allan McGregor,SCO,GK,Rangers,40,1982,5,121,196,61.7,3431,2479,18,20,90,63,63,100,40,111,36,0,0,0,0,0,1,0,0,0
Callum McGregor,SCO,MF,Celtic,29,1993,2.4,139,157,88.5,2182,640,71,78,91,62,63,98.4,6,12,50,0,0.2,0.4,-0.2,3,21,2,0,23
Weston McKennie,USA,MF,Juventus,23,1998,4,115,152,75.7,1714,406,64,80,80,44,56,78.6,4,5,80,0,0,0.1,0,0,8,1,0,13
Jon McLaughlin,SCO,GK,Rangers,34,1987,1,21,31,67.7,522,366,3,3,100,12,12,100,6,15,40,0,0,0,0,0,0,0,0,0
Brandon Mechele,BEL,DF,Club Brugge,29,1993,8,402,462,87,8841,2628,82,97,84.5,252,265,95.1,62,92,67.4,0,0,0,0,0,14,0,0,13
Bjorn Meijer,NED,DF,Club Brugge,19,2003,6.4,226,308,73.4,3679,1432,110,133,82.7,92,113,81.4,17,43,39.5,1,0.5,0.4,0.5,6,22,5,4,19
Raz Meir,ISR,"DF,MF",Maccabi Haifa,25,1996,0.9,31,38,81.6,364,127,23,25,92,7,9,77.8,0,1,0,0,0,0,0,0,1,1,0,1
Arthur Melo,BRA,MF,Liverpool,25,1996,0.2,11,13,84.6,200,27,4,5,80,6,6,100,1,1,100,0,0,0,0,0,1,0,0,1
Memphis,NED,FW,Barcelona,28,1994,0.2,14,16,87.5,221,58,8,8,100,4,5,80,2,3,66.7,0,0,0,0,0,4,1,0,3
Sun Menachem,ISR,DF,Maccabi Haifa,28,1993,0.7,21,30,70,367,181,7,9,77.8,11,14,78.6,2,4,50,0,0,0,0,0,1,1,0,4
Nuno Mendes,POR,"DF,MF",Paris S-G,20,2002,4.9,162,220,73.6,2328,789,103,120,85.8,38,54,70.4,11,20,55,0,0.5,0.7,-0.5,5,8,4,2,7
Edouard Mendy,SEN,GK,Chelsea,30,1992,1,23,25,92,544,240,5,5,100,12,12,100,6,8,75,0,0,0,0,0,0,0,0,0
Ferland Mendy,FRA,DF,Real Madrid,27,1995,3.9,289,304,95.1,4064,988,160,167,95.8,95,99,96,13,13,100,0,0.3,0.3,-0.3,3,27,2,1,22
Alex Meret,ITA,GK,Napoli,25,1997,10,279,316,88.3,5884,3429,78,78,100,151,153,98.7,49,83,59,0,0,0,0,0,0,0,0,0
Lionel Messi,ARG,"FW,MF",Paris S-G,35,1987,6.8,352,413,85.2,4722,1586,224,241,92.9,92,110,83.6,14,27,51.9,4,2.2,1.9,1.8,19,40,21,0,53
Junior Messias,BRA,"FW,DF",Milan,31,1991,3.5,76,104,73.1,1277,366,34,40,85,33,41,80.5,7,18,38.9,0,0.4,0.5,-0.4,5,4,3,2,6
Thomas Meunier,BEL,DF,Dortmund,30,1991,3.9,202,259,78,3117,1036,109,127,85.8,84,100,84,7,17,41.2,1,0.8,0.9,0.2,6,11,4,2,11
Alexander Meyer,GER,GK,Dortmund,31,1991,4.5,165,198,83.3,4311,2722,32,32,100,81,81,100,52,84,61.9,0,0,0,0,0,2,0,0,0
Simon Mignolet,BEL,GK,Club Brugge,34,1988,8,237,324,73.1,7600,5992,33,34,97.1,93,94,98.9,110,194,56.7,0,0,0,0,0,1,0,0,0
Arkadiusz Milik,POL,FW,Juventus,28,1994,3.8,64,87,73.6,984,163,29,36,80.6,25,32,78.1,4,9,44.4,0,0.5,0.2,-0.5,6,5,2,0,6
Éder Militão,BRA,DF,Real Madrid,24,1998,8.3,422,489,86.3,7518,2742,185,197,93.9,189,209,90.4,42,66,63.6,0,0,0.1,0,0,25,0,0,17
James Milner,ENG,MF,Liverpool,36,1986,2.7,124,153,81,2117,573,58,64,90.6,54,62,87.1,10,16,62.5,0,0,0.2,0,1,9,7,1,22
Kim Min-jae,KOR,DF,Napoli,25,1996,8.7,538,612,87.9,9633,3721,202,220,91.8,291,323,90.1,31,49,63.3,0,0,0.2,0,1,29,1,0,36
Rafa Mir,ESP,"MF,FW",Sevilla,25,1997,1.7,21,34,61.8,291,34,16,22,72.7,4,8,50,1,2,50,0,0,0,0,0,0,0,0,2
Fabio Miretti,ITA,"MF,FW",Juventus,18,2003,2.4,67,96,69.8,1065,283,35,43,81.4,25,29,86.2,4,14,28.6,0,0,0.1,0,0,9,5,0,15
Josip Mišić,CRO,MF,Dinamo Zagreb,28,1994,5.8,255,285,89.5,5260,1473,88,93,94.6,117,129,90.7,45,54,83.3,0,0,0.2,0,1,28,4,0,29
Henrikh Mkhitaryan,ARM,MF,Inter,33,1989,10.1,308,384,80.2,5006,1358,157,180,87.2,126,148,85.1,17,27,63,0,0.3,0.4,-0.3,6,26,7,1,42
Anthony Modeste,FRA,FW,Dortmund,34,1988,3.8,27,44,61.4,345,78,14,20,70,8,15,53.3,1,2,50,0,0,0.1,0,1,2,2,1,4
Luka Modrić,CRO,MF,Real Madrid,36,1985,8.3,526,598,88,7771,2324,298,320,93.1,162,180,90,36,60,60,1,1.1,1.9,-0.1,9,52,13,3,52
Ali Mohamed,NIG,MF,Maccabi Haifa,26,1995,4,190,224,84.8,3025,788,100,115,87,75,83,90.4,11,13,84.6,0,0,0.1,0,1,20,2,0,33
Kudus Mohammed,GHA,FW,Ajax,21,2000,5,102,123,82.9,1716,215,48,57,84.2,41,48,85.4,9,10,90,3,0.3,0.2,2.7,5,9,1,0,9
Sadegh Moharrami,IRN,"FW,DF",Dinamo Zagreb,26,1996,4.5,148,183,80.9,2363,894,76,83,91.6,56,69,81.2,11,21,52.4,0,0.4,0.5,-0.4,7,11,5,5,17
Nahuel Molina,ARG,"DF,MF",Atlético Madrid,24,1998,5.2,266,364,73.1,3952,1555,156,181,86.2,89,127,70.1,12,35,34.3,0,0.8,0.6,-0.8,7,17,7,5,23
Gonzalo Montiel,ARG,DF,Sevilla,25,1997,2.5,114,142,80.3,1820,721,55,59,93.2,53,67,79.1,4,9,44.4,0,0.2,0.2,-0.2,4,7,2,2,12
Aaron Mooy,AUS,MF,Celtic,31,1990,1.7,111,139,79.9,1630,457,72,78,92.3,28,39,71.8,7,13,53.8,0,0.1,0.6,-0.1,2,13,3,1,12
Álvaro Morata,ESP,FW,Atlético Madrid,29,1992,3.3,39,59,66.1,749,114,18,26,69.2,12,18,66.7,8,9,88.9,0,0.1,0.1,-0.1,3,3,4,2,5
Morato,BRA,DF,Benfica,21,2001,1.2,99,108,91.7,2033,641,34,36,94.4,42,44,95.5,22,24,91.7,0,0,0,0,1,9,0,0,8
Alfredo Morelos,COL,FW,Rangers,26,1996,2.8,41,63,65.1,620,120,19,27,70.4,15,19,78.9,3,5,60,0,0.1,0,-0.1,1,1,0,0,3
Hidemasa Morita,JPN,MF,Sporting CP,27,1995,3.7,116,149,77.9,2116,636,52,63,82.5,50,58,86.2,14,18,77.8,1,0.2,0.1,0.8,1,9,1,0,15
Jhon Mosquera,COL,"FW,MF",Viktoria Plzeň,32,1990,4.8,81,132,61.4,1213,529,45,60,75,32,45,71.1,3,10,30,1,0.4,0.4,0.6,3,9,4,3,7
Youssoufa Moukoko,GER,"FW,MF",Dortmund,17,2004,2.7,35,43,81.4,511,184,19,23,82.6,15,15,100,1,2,50,2,0.4,0.2,1.6,4,3,0,0,8
Mason Mount,ENG,MF,Chelsea,23,1999,4.9,217,272,79.8,3347,1060,130,145,89.7,56,71,78.9,23,33,69.7,2,0.8,1,1.2,12,26,13,3,40
Lucas Moura,BRA,"FW,MF",Tottenham,29,1992,1.9,37,61,60.7,486,125,26,33,78.8,8,16,50,2,5,40,0,0.3,0.3,-0.3,3,4,1,1,4
Mykhailo Mudryk,UKR,"FW,DF",Chelsea,21,2001,1,14,24,58.3,166,55,11,14,78.6,2,6,33.3,1,1,100,0,0.1,0.1,-0.1,2,2,1,0,1
Mykhailo Mudryk,UKR,MF,Shakhtar,21,2001,5.7,111,154,72.1,1505,407,78,88,88.6,24,37,64.9,5,18,27.8,2,0.7,1.1,1.3,5,4,4,1,14
Paul Mukairu,NGA,FW,FC Copenhagen,22,2000,0.5,4,6,66.7,48,2,3,5,60,1,1,100,0,0,,0,0,0,0,0,0,0,0,0
Nordi Mukiele,FRA,"DF,MF",Paris S-G,24,1997,1.2,36,48,75,483,158,22,30,73.3,13,14,92.9,0,0,,0,0,0.1,0,1,0,0,0,1
Thomas Müller,GER,"MF,FW",Bayern Munich,32,1989,4.1,131,164,79.9,1920,509,76,88,86.4,44,59,74.6,5,7,71.4,1,0.3,0.3,0.7,5,8,5,0,23
Petar Musa,CRO,FW,Benfica,24,1998,1.4,30,45,66.7,376,56,13,19,68.4,12,17,70.6,0,1,0,0,0.1,0.2,-0.1,1,3,2,0,5
Jamal Musiala,GER,"MF,FW",Bayern Munich,19,2003,5.9,191,219,87.2,2809,824,110,118,93.2,66,73,90.4,11,16,68.8,2,1.9,1.9,0.1,14,20,10,0,44
Bohdan Mykhaylychenko,UKR,DF,Shakhtar,25,1997,4,166,204,81.4,2541,709,104,113,92,52,67,77.6,8,16,50,2,0.3,0.2,1.7,2,5,2,2,10
Obite N'Dicka,FRA,DF,Eint Frankfurt,22,1999,8,346,412,84,5415,2128,170,187,90.9,153,175,87.4,14,34,41.2,1,0.1,0.1,0.9,1,19,0,0,15
Nacho,ESP,DF,Real Madrid,32,1990,4.9,286,314,91.1,4187,1471,160,173,92.5,106,113,93.8,8,11,72.7,0,0.1,0.1,-0.1,5,17,2,0,14
Jesús Navas,ESP,"DF,MF",Sevilla,36,1985,2.5,85,112,75.9,1357,375,43,48,89.6,38,48,79.2,4,11,36.4,0,0.1,0.2,-0.1,1,2,3,1,5
Flávio Nazinho,POR,"DF,MF",Sporting CP,19,2003,1.3,14,22,63.6,212,56,8,12,66.7,6,9,66.7,0,1,0,0,0,0,0,1,1,0,0,0
Tanguy Ndombele,FRA,MF,Napoli,25,1996,4.1,231,266,86.8,3248,864,128,136,94.1,81,93,87.1,7,14,50,1,1.4,0.8,-0.4,9,16,8,1,25
David Neres,BRA,"FW,MF",Benfica,25,1997,4.9,159,218,72.9,2308,600,89,105,84.8,51,67,76.1,11,19,57.9,1,1.2,1.6,-0.2,7,19,14,3,23
Luís Neto,POR,DF,Sporting CP,34,1988,0.4,34,36,94.4,674,258,8,8,100,24,24,100,2,3,66.7,0,0,0,0,0,0,0,0,1
Manuel Neuer,GER,GK,Bayern Munich,36,1986,3,98,121,81,2661,1808,11,11,100,53,55,96.4,34,54,63,0,0,0,0,0,0,0,0,0
João Neves,POR,"FW,MF",Benfica,17,2004,0.3,37,42,88.1,555,101,19,22,86.4,12,13,92.3,3,4,75,1,0.1,0,0.9,1,2,1,0,2
Neymar,BRA,"MF,FW",Paris S-G,30,1992,6,320,392,81.6,4477,1506,181,206,87.9,94,111,84.7,20,35,57.1,2,1.6,1.4,0.4,16,38,25,1,57
Tanguy Nianzou,FRA,DF,Sevilla,20,2002,2,86,95,90.5,1570,587,32,33,97,45,49,91.8,8,12,66.7,0,0.4,0,-0.4,1,2,0,0,6
Casper Nielsen,DEN,MF,Club Brugge,28,1994,7.2,123,187,65.8,2234,648,56,77,72.7,47,62,75.8,16,33,48.5,1,0.6,0.7,0.4,3,14,3,1,19
Saúl Ñíguez,ESP,"MF,DF",Atlético Madrid,27,1994,3.1,114,143,79.7,1609,418,67,78,85.9,41,49,83.7,4,8,50,0,0.1,0.3,-0.1,2,10,1,1,11
Christopher Nkunku,FRA,"MF,FW",RB Leipzig,24,1997,6.2,211,233,90.6,2820,709,137,147,93.2,54,58,93.1,10,11,90.9,1,2.5,1.3,-1.5,10,15,10,1,23
Hugo Novoa,ESP,MF,RB Leipzig,19,2003,0,3,4,75,57,2,2,2,100,0,0,,1,1,100,0,0,0,0,0,0,0,0,1
Darwin Núñez,URU,FW,Liverpool,23,1999,4.4,62,98,63.3,797,115,33,45,73.3,16,28,57.1,3,9,33.3,1,0.1,0.1,0.9,1,2,1,0,5
Antonio Nusa,NOR,FW,Club Brugge,17,2005,0.6,15,18,83.3,178,29,10,12,83.3,4,5,80,0,0,,0,0,0,0,1,1,1,0,2
Matt O'Riley,DEN,MF,Celtic,21,2000,5.3,224,274,81.8,3784,995,113,132,85.6,86,100,86,20,28,71.4,0,0.5,0.6,-0.5,2,18,9,2,30
Jan Oblak,SVN,GK,Atlético Madrid,29,1993,5,79,113,69.9,2200,1716,16,16,100,41,42,97.6,22,54,40.7,0,0,0,0,0,1,0,0,0
Lucas Ocampos,ARG,FW,Ajax,28,1994,0.2,11,13,84.6,169,5,6,6,100,5,6,83.3,0,0,,0,0,0,0,0,0,0,0,0
Oleh Ocheretko,UKR,MF,Shakhtar,19,2003,0.2,4,6,66.7,89,14,1,1,100,2,3,66.7,1,2,50,0,0,0,0,0,0,0,0,1
Denis Odoi,GHA,"DF,MF",Club Brugge,34,1988,5.8,271,337,80.4,5182,1576,104,121,86,127,144,88.2,36,56,64.3,0,0.1,0.1,-0.1,1,30,0,0,29
Noah Okafor,SUI,FW,RB Salzburg,22,2000,5.2,50,73,68.5,737,143,27,35,77.1,16,23,69.6,3,5,60,0,0.5,0.2,-0.5,6,4,3,0,7
Mathías Olivera,URU,DF,Napoli,24,1997,5.7,329,395,83.3,4509,1534,199,218,91.3,107,123,87,7,20,35,2,0.7,0.6,1.3,11,35,2,1,2
Dani Olmo,ESP,"FW,MF",RB Leipzig,24,1998,0.7,18,32,56.3,386,122,7,12,58.3,5,12,41.7,5,6,83.3,0,0.1,0.1,-0.1,2,2,2,1,3
André Onana,CMR,GK,Inter,26,1996,13,407,525,77.5,11545,8251,84,84,100,178,181,98.3,141,256,55.1,0,0,0,0,0,12,0,0,0
Raphael Onyedika,NGA,MF,Club Brugge,21,2001,6.3,232,274,84.7,4487,975,72,84,85.7,122,131,93.1,30,42,71.4,0,0.1,0.1,-0.1,2,14,1,0,19
Willi Orban,HUN,DF,RB Leipzig,29,1992,8,466,525,88.8,9417,2946,132,144,91.7,277,293,94.5,53,74,71.6,0,0.1,0.1,-0.1,2,29,2,0,33
Divock Origi,BEL,FW,Milan,27,1995,1.7,33,47,70.2,456,110,19,24,79.2,11,15,73.3,0,2,0,0,0.2,0.1,-0.2,1,1,2,0,4
Mislav Oršić,CRO,FW,Dinamo Zagreb,29,1992,5.4,121,172,70.3,1736,531,67,79,84.8,36,51,70.6,8,20,40,0,0.3,0.4,-0.3,4,8,7,1,15
Stefan Ortega,GER,GK,Manchester City,29,1992,2,50,52,96.2,1063,779,19,19,100,22,22,100,9,11,81.8,0,0,0,0,0,0,0,0,0
Victor Osimhen,NGA,FW,Napoli,23,1998,4.7,34,51,66.7,488,109,15,25,60,11,15,73.3,3,4,75,0,0.5,0.3,-0.5,3,5,3,1,7
Nicolás Otamendi,ARG,DF,Benfica,34,1988,8.8,482,539,89.4,9577,3540,151,165,91.5,243,255,95.3,73,94,77.7,1,0.6,0.7,0.4,5,18,1,0,24
Otávio,POR,MF,Porto,27,1995,5.8,200,263,76,3372,1400,110,124,88.7,55,70,78.6,27,42,64.3,2,1.5,1,0.5,14,25,9,2,32
Alex Oxlade-Chamberlain,ENG,MF,Liverpool,28,1993,0.2,9,11,81.8,156,21,3,3,100,4,4,100,1,2,50,0,0,0.1,0,0,1,0,0,0
Salih Özcan,TUR,MF,Dortmund,24,1998,6,249,291,85.6,3579,972,131,147,89.1,84,93,90.3,13,22,59.1,1,0.8,0.3,0.2,6,18,4,0,22
Exequiel Palacios,ARG,MF,Leverkusen,23,1998,1,61,79,77.2,1020,317,31,36,86.1,24,29,82.8,6,11,54.5,0,0,0.1,0,1,4,1,1,7
Cole Palmer,ENG,"MF,FW",Manchester City,20,2002,1.5,54,63,85.7,912,88,27,30,90,21,23,91.3,6,7,85.7,0,0,0.1,0,0,4,1,1,4
Antonios Papadopoulos,GER,"MF,FW",Dortmund,22,1999,0.1,2,6,33.3,21,10,2,4,50,0,1,0,0,1,0,0,0,0,0,0,0,0,0,0
Leandro Paredes,ARG,MF,Juventus,28,1994,3.9,214,240,89.2,3999,1574,78,84,92.9,109,115,94.8,22,30,73.3,1,0.2,0.6,0.8,6,33,2,0,29
Felix Passlack,GER,DF,Dortmund,24,1998,1,57,69,82.6,990,220,22,25,88,27,34,79.4,6,7,85.7,1,0,0,1,0,3,1,0,8
Remko Pasveer,NED,GK,Ajax,38,1983,6,187,283,66.1,4479,3163,41,41,100,106,110,96.4,40,129,31,0,0,0,0,0,1,0,0,0
Paulinho,POR,FW,Sporting CP,29,1992,2.6,61,81,75.3,1085,210,31,40,77.5,17,22,77.3,11,13,84.6,0,0.1,0.1,-0.1,2,5,0,0,10
Paulinho,BRA,FW,Leverkusen,22,2000,0.5,13,17,76.5,133,47,10,11,90.9,2,4,50,0,0,,0,0.1,0,-0.1,1,1,1,0,2
Benjamin Pavard,FRA,DF,Bayern Munich,26,1996,6.6,520,576,90.3,8935,3418,227,242,93.8,255,277,92.1,33,45,73.3,0,0.2,0.5,-0.2,2,52,3,1,53
Strahinja Pavlović,SRB,DF,RB Salzburg,21,2001,6,153,219,69.9,2598,1189,74,90,82.2,66,87,75.9,10,31,32.3,0,0.2,0,-0.2,2,10,0,0,20
Dimitri Payet,FRA,MF,Marseille,35,1987,0.9,46,58,79.3,674,189,27,30,90,13,16,81.3,4,6,66.7,0,0.1,0.1,-0.1,1,6,2,1,9
Pedri,ESP,"MF,FW",Barcelona,19,2002,4.5,253,287,88.2,4530,1008,116,127,91.3,100,110,90.9,32,37,86.5,0,0.8,0.7,-0.8,8,34,12,0,35
Luca Pellegrini,ITA,"DF,MF",Eint Frankfurt,23,1999,2.2,78,118,66.1,1225,512,44,46,95.7,27,44,61.4,5,16,31.3,0,0.1,0.1,-0.1,2,4,2,0,10
Iñaki Peña,ESP,GK,Barcelona,23,1999,1,37,39,94.9,731,487,10,10,100,24,24,100,3,5,60,0,0,0,0,0,0,0,0,0
Pepe,POR,DF,Porto,39,1983,4,166,202,82.2,3272,1114,60,66,90.9,80,88,90.9,22,41,53.7,0,0,0.1,0,0,8,1,0,10
Pepê,BRA,"DF,FW",Porto,25,1997,7.6,251,326,77,3982,1477,135,168,80.4,94,113,83.2,19,29,65.5,0,1.2,1.2,-1.2,9,20,14,4,32
Danilo Pereira,POR,"DF,MF",Paris S-G,30,1991,5,317,339,93.5,5238,1600,151,159,95,124,131,94.7,28,31,90.3,0,0,0.2,0,0,13,0,0,19
Dino Perić,CRO,DF,Dinamo Zagreb,28,1994,6,260,304,85.5,4370,1807,117,129,90.7,124,144,86.1,14,24,58.3,0,0.1,0.3,-0.1,2,5,2,0,15
Mattia Perin,ITA,GK,Juventus,29,1992,2,46,55,83.6,1142,813,7,7,100,28,28,100,10,19,52.6,0,0,0,0,0,2,0,0,0
Ivan Perišić,CRO,"DF,MF",Tottenham,33,1989,6.4,189,284,66.5,3696,1112,70,91,76.9,89,121,73.6,25,53,47.2,3,1.3,1.8,1.7,10,11,8,5,22
Luděk Pernica,CZE,DF,Viktoria Plzeň,32,1990,5.5,121,139,87.1,2499,1377,41,46,89.1,57,62,91.9,21,27,77.8,0,0,0,0,0,4,1,0,6
Bruno Petković,CRO,FW,Dinamo Zagreb,27,1994,5.4,131,197,66.5,2342,425,65,92,70.7,37,55,67.3,21,27,77.8,2,1.1,0.7,0.9,9,9,4,0,13
Ivan Petryak,UKR,MF,Shakhtar,28,1994,2,31,44,70.5,449,68,19,21,90.5,9,11,81.8,2,4,50,0,0.1,0.1,-0.1,2,0,2,1,2
Kalvin Phillips,ENG,MF,Manchester City,26,1995,0.5,44,46,95.7,932,224,17,17,100,18,18,100,9,11,81.8,0,0,0,0,0,12,0,0,5
Frantzdy Pierrot,HAI,FW,Maccabi Haifa,27,1995,5.3,56,78,71.8,593,53,38,45,84.4,9,13,69.2,1,1,100,2,0.4,0.2,1.6,8,1,1,0,2
Václav Pilař,CZE,"FW,MF",Viktoria Plzeň,33,1988,1.4,33,47,70.2,562,144,14,19,73.7,16,17,94.1,3,8,37.5,0,0,0.1,0,0,2,1,1,2
Rodrigo Pinho,BRA,FW,Benfica,31,1991,0.2,1,1,100,5,5,1,1,100,0,0,,0,0,,0,0,0,0,0,0,0,0,0
Gerard Piqué,ESP,DF,Barcelona,35,1987,2.9,224,242,92.6,4380,1575,73,79,92.4,123,127,96.9,28,36,77.8,0,0,0.1,0,0,19,0,0,11
Tommaso Pobega,ITA,MF,Milan,23,1999,1.8,51,80,63.8,805,190,16,25,64,28,37,75.7,3,9,33.3,0,0.1,0.1,-0.1,2,1,3,0,7
Suf Podgoreanu,ISR,DF,Maccabi Haifa,20,2002,0.1,0,0,,0,0,0,0,,0,0,,0,0,,0,0,0,0,0,0,0,0,0
Matteo Politano,ITA,FW,Napoli,28,1993,4.5,126,184,68.5,2184,790,68,78,87.2,41,62,66.1,14,28,50,1,0.6,1.2,0.4,5,10,9,3,25
Pedro Porro,ESP,"DF,MF",Sporting CP,22,1999,4.4,162,234,69.2,3022,965,71,86,82.6,71,84,84.5,18,50,36,1,0.5,0.2,0.5,4,5,2,2,8
Pedro Porro,ESP,DF,Tottenham,22,1999,0.4,23,32,71.9,512,219,9,12,75,8,10,80,6,9,66.7,0,0.2,0.2,-0.2,2,2,4,2,5
Yussuf Poulsen,DEN,"FW,MF",RB Leipzig,28,1994,0.8,6,14,42.9,101,29,4,8,50,1,2,50,1,1,100,0,0,0,0,0,0,1,0,1
Christian Pulisic,USA,"DF,FW",Chelsea,23,1998,1.3,50,61,82,623,183,35,38,92.1,9,14,64.3,2,3,66.7,1,1,0.7,0,5,2,2,0,9
Adrien Rabiot,FRA,MF,Juventus,27,1995,5,204,240,85,3127,808,113,125,90.4,72,87,82.8,14,16,87.5,0,0.1,0.3,-0.1,4,23,5,1,32
Ivan Rakitić,CRO,MF,Sevilla,34,1988,4.6,207,245,84.5,3994,1059,83,96,86.5,90,97,92.8,32,39,82.1,1,0.2,0.3,0.8,3,22,5,0,26
Gonçalo Ramos,POR,FW,Benfica,21,2001,7.9,97,143,67.8,1281,161,64,88,72.7,26,34,76.5,3,7,42.9,1,0.7,0.3,0.3,5,4,3,1,10
Sergio Ramos,ESP,DF,Paris S-G,36,1986,8,511,550,92.9,9316,2840,211,218,96.8,215,231,93.1,62,74,83.8,0,0,0.1,0,0,25,0,0,24
Calvin Ramsay,SCO,DF,Liverpool,19,2003,0,3,3,100,55,5,2,2,100,0,0,,1,1,100,0,0,0,0,0,0,0,0,0
Raphinha,BRA,FW,Barcelona,25,1996,3.3,127,180,70.6,2418,665,53,64,82.8,54,67,80.6,19,37,51.4,2,1.1,0.8,0.9,9,11,8,0,17
Giacomo Raspadori,ITA,FW,Napoli,22,2000,2.8,83,108,76.9,1478,293,38,44,86.4,26,34,76.5,12,18,66.7,3,0.6,0.6,2.4,6,8,1,0,10
David Raum,GER,DF,RB Leipzig,24,1998,5.9,289,350,82.6,4313,1095,159,175,90.9,103,120,85.8,16,33,48.5,0,0.8,1.2,-0.8,9,8,12,6,13
Ante Rebić,CRO,"FW,MF",Milan,28,1993,2.8,59,96,61.5,1062,451,26,46,56.5,19,22,86.4,9,18,50,0,0.4,0.7,-0.4,3,11,4,2,16
Matheus Reis,BRA,DF,Sporting CP,27,1995,5.7,295,334,88.3,5124,1613,129,141,91.5,144,159,90.6,19,26,73.1,0,0.2,0.4,-0.2,1,17,2,0,13
Karim Rekik,NED,DF,Sevilla,27,1994,1,35,37,94.6,576,132,20,20,100,12,13,92.3,3,3,100,0,0,0,0,0,2,0,0,0
Devyne Rensch,NED,DF,Ajax,19,2003,3.2,106,130,81.5,1827,442,46,52,88.5,43,51,84.3,12,12,100,0,0,0.1,0,2,8,2,0,6
Marco Reus,GER,"MF,FW",Dortmund,33,1989,2.9,80,99,80.8,1068,249,50,55,90.9,23,26,88.5,1,2,50,1,0.8,1.1,0.2,4,10,1,0,9
Gio Reyna,USA,"FW,MF",Dortmund,19,2002,4.3,132,170,77.6,1884,436,72,86,83.7,45,50,90,7,15,46.7,2,1.1,0.9,0.9,10,9,4,1,14
Richarlison,BRA,"MF,FW",Tottenham,25,1997,4.1,77,109,70.6,1053,330,38,51,74.5,32,37,86.5,1,3,33.3,0,0.8,0.5,-0.8,8,3,2,0,12
Stefan Ristovski,MKD,DF,Dinamo Zagreb,30,1992,4.1,159,194,82,2677,1003,73,78,93.6,71,84,84.5,10,18,55.6,0,0.1,0.2,-0.1,3,5,3,2,18
Mats Rits,BEL,MF,Club Brugge,29,1993,0.2,5,5,100,83,9,2,2,100,2,2,100,1,1,100,0,0,0,0,0,0,0,0,0
Sergi Roberto,ESP,DF,Barcelona,30,1992,2.3,173,189,91.5,2580,598,91,95,95.8,73,82,89,6,8,75,2,0.8,0.7,1.2,3,41,0,0,25
Andrew Robertson,SCO,DF,Liverpool,28,1994,4.2,229,292,78.4,3723,1114,125,133,94,79,101,78.2,18,39,46.2,2,0.5,0.6,1.5,8,14,7,3,17
Rochinha,POR,"MF,FW",Sporting CP,27,1995,0.2,4,6,66.7,111,41,1,1,100,0,2,0,2,2,100,0,0.1,0,-0.1,1,1,0,0,1
Sebastian Rode,GER,MF,Eint Frankfurt,31,1990,3.3,157,196,80.1,2332,622,93,107,86.9,55,61,90.2,5,15,33.3,1,0.8,0.5,0.2,4,22,0,0,19
Rodri,ESP,MF,Manchester City,26,1996,11.1,912,993,91.8,16873,3553,373,397,94,423,445,95.1,103,118,87.3,0,0.6,0.6,-0.6,5,105,6,0,87
Rodrygo,BRA,FW,Real Madrid,21,2001,9.1,312,366,85.2,3346,680,217,237,91.6,46,64,71.9,7,11,63.6,2,1.5,1.7,0.5,13,22,6,1,21
Cristian Romero,ARG,DF,Tottenham,24,1998,6.6,389,434,89.6,6596,2315,168,182,92.3,192,205,93.7,23,34,67.6,0,0.1,0.2,-0.1,1,28,7,0,32
Valentin Rongier,FRA,MF,Marseille,27,1994,5.2,372,413,90.1,6521,1529,153,166,92.2,176,190,92.6,32,39,82.1,0,0.1,0.3,-0.1,3,44,2,0,45
Tom Rothe,GER,DF,Dortmund,17,2004,0.7,39,55,70.9,547,239,23,32,71.9,15,20,75,0,1,0,0,0,0,0,0,5,1,0,6
Amir Rrahmani,KVX,DF,Napoli,28,1994,6.8,438,492,89,8805,3376,133,142,93.7,248,267,92.9,53,73,72.6,0,0,0.2,0,1,24,3,1,24
Antonio Rüdiger,GER,DF,Real Madrid,29,1993,7.5,368,402,91.5,6752,2147,153,159,96.2,175,189,92.6,33,44,75,0,0.4,0.3,-0.4,2,21,0,0,15
Daniele Rugani,ITA,DF,Juventus,28,1994,1,48,55,87.3,798,340,19,20,95,25,26,96.2,3,7,42.9,0,0,0,0,0,3,0,0,1
Mário Rui,POR,DF,Napoli,31,1991,4.3,252,317,79.5,4175,1419,137,146,93.8,90,111,81.1,21,41,51.2,1,0.4,0.6,0.6,6,16,9,2,24
Fabián Ruiz Peña,ESP,MF,Paris S-G,26,1996,2.6,186,209,89,2518,807,118,126,93.7,46,53,86.8,10,14,71.4,0,0.2,0.3,-0.2,2,15,1,0,15
Nikita Rukavytsya,AUS,"FW,MF",Maccabi Haifa,35,1987,0.5,12,15,80,130,26,8,10,80,0,1,0,1,1,100,0,0,0.1,0,1,0,0,0,1
Mathew Ryan,AUS,GK,FC Copenhagen,30,1992,2,37,65,56.9,1330,1037,4,4,100,12,12,100,21,49,42.9,0,0,0,0,0,1,0,0,0
Julian Ryerson,NOR,DF,Dortmund,24,1997,0.2,2,3,66.7,45,29,1,2,50,0,0,,1,1,100,0,0,0,0,0,0,1,0,1
Marcel Sabitzer,AUT,MF,Bayern Munich,28,1994,3.1,128,149,85.9,1940,461,72,84,85.7,47,52,90.4,6,8,75,0,0.1,0.1,-0.1,3,7,2,0,16
Alexis Saelemaekers,BEL,"FW,DF",Milan,23,1999,4.1,99,141,70.2,1464,327,54,72,75,38,48,79.2,4,12,33.3,0,0.3,0.4,-0.3,7,3,5,3,9
Fashion Sakala,ZAM,"FW,MF",Rangers,25,1997,2.6,36,52,69.2,498,119,23,26,88.5,10,14,71.4,1,2,50,0,0.1,0.1,-0.1,3,3,1,1,4
Mohamed Salah,EGY,FW,Liverpool,30,1992,6.9,182,223,81.6,2438,622,99,110,90,59,74,79.7,7,13,53.8,2,2.5,1.9,-0.5,13,8,15,0,25
Renato Sanches,POR,MF,Paris S-G,24,1997,1.6,102,106,96.2,1520,421,60,61,98.4,34,34,100,6,7,85.7,0,0,0,0,0,8,0,0,5
Alexis Sánchez,CHI,FW,Marseille,33,1988,4.6,108,133,81.2,1551,212,66,75,88,23,31,74.2,8,10,80,1,0.8,0.6,0.2,6,12,5,1,9
Davinson Sánchez,COL,DF,Tottenham,26,1996,0.2,11,19,57.9,197,62,4,6,66.7,7,10,70,0,1,0,0,0,0,0,0,1,0,0,0
Cisse Sandra,BEL,FW,Club Brugge,18,2003,0.1,0,0,,0,0,0,0,,0,0,,0,0,,0,0,0,0,0,0,0,0,0
Alex Sandro,BRA,DF,Juventus,31,1991,2.7,175,196,89.3,3105,909,82,84,97.6,72,84,85.7,19,24,79.2,0,0,0.1,0,0,22,1,1,23
James Sands,USA,"DF,MF",Rangers,22,2000,3.6,159,189,84.1,3020,791,64,73,87.7,75,82,91.5,19,28,67.9,0,0,0,0,0,6,0,0,10
Leroy Sané,GER,"FW,MF",Bayern Munich,26,1996,6.1,215,258,83.3,3025,758,137,156,87.8,62,73,84.9,10,16,62.5,1,1.9,1.8,-0.9,17,13,17,0,33
Nuno Santos,POR,"DF,MF",Sporting CP,27,1995,3.3,127,151,84.1,2248,366,61,67,91,50,58,86.2,14,20,70,0,0.3,0.3,-0.3,5,3,2,1,5
Zaidu Sanusi,NGA,DF,Porto,25,1997,6.5,221,305,72.5,3590,1297,111,128,86.7,93,124,75,13,40,32.5,0,0,0.3,0,2,13,3,1,16
Alvaro Sanz,ESP,MF,Barcelona,21,2001,0.2,10,12,83.3,117,23,6,6,100,1,2,50,1,1,100,0,0,0,0,0,0,0,0,0
Pablo Sarabia,ESP,MF,Paris S-G,30,1992,1,17,26,65.4,224,77,7,8,87.5,5,9,55.6,1,2,50,0,0.1,0.1,-0.1,1,3,0,0,0
Stefan Savić,MNE,DF,Atlético Madrid,31,1991,3,183,205,89.3,3474,1251,65,65,100,95,102,93.1,20,31,64.5,0,0.1,0.1,-0.1,3,17,2,1,14
Patrik Schick,CZE,FW,Leverkusen,26,1996,5,74,94,78.7,1036,256,44,55,80,19,22,86.4,5,6,83.3,0,0.1,0.1,-0.1,2,11,1,0,9
Andreas Schjelderup,NOR,FW,Benfica,18,2004,0,6,6,100,60,22,4,4,100,2,2,100,0,0,,0,0,0,0,0,0,0,0,1
Xaver Schlager,AUT,MF,RB Leipzig,24,1997,6.5,317,358,88.5,5336,1648,153,167,91.6,127,142,89.4,29,35,82.9,0,0.1,0.4,-0.1,2,42,5,0,34
Nico Schlotterbeck,GER,DF,Dortmund,22,1999,6.2,338,389,86.9,6492,2112,133,145,91.7,171,182,94,32,58,55.2,0,0.2,0.1,-0.2,3,20,1,0,26
Abdoulaye Seck,SEN,DF,Maccabi Haifa,30,1992,4.4,158,188,84,2883,1048,60,68,88.2,86,93,92.5,8,19,42.1,0,0,0,0,0,5,0,0,8
Nicolas Seiwald,AUT,MF,RB Salzburg,21,2001,6,191,260,73.5,3144,1172,101,130,77.7,61,75,81.3,22,38,57.9,0,0.6,0.5,-0.6,6,18,2,0,26
Benjamin Šeško,SVN,FW,RB Salzburg,19,2003,3.7,53,88,60.2,628,87,38,57,66.7,8,13,61.5,3,5,60,0,0.1,0.4,-0.1,3,2,2,0,5
Ryan Sessegnon,ENG,"MF,DF",Tottenham,22,2000,1.7,33,48,68.8,501,175,17,19,89.5,12,19,63.2,2,6,33.3,0,0.3,0.4,-0.3,3,2,1,0,3
Maryan Shved,UKR,MF,Shakhtar,25,1997,2.1,35,51,68.6,464,131,19,27,70.4,15,19,78.9,0,2,0,0,0,0,0,0,2,1,0,4
Danylo Sikan,UKR,FW,Shakhtar,21,2001,1.2,24,27,88.9,345,37,9,10,90,13,13,100,0,0,,1,0.1,0.3,0.9,2,0,0,0,0
André Silva,POR,FW,RB Leipzig,26,1995,5.9,133,170,78.2,1738,361,78,92,84.8,40,53,75.5,3,4,75,3,0.6,0.8,2.4,6,6,6,0,20
António Silva,POR,DF,Benfica,18,2003,9.9,528,574,92,11028,3748,152,158,96.2,282,292,96.6,87,112,77.7,0,0.1,0.1,-0.1,1,31,0,0,30
Bernardo Silva,POR,"FW,MF",Manchester City,27,1994,10.1,553,626,88.3,9044,1814,284,306,92.8,215,235,91.5,41,51,80.4,1,1.4,1.7,-0.4,20,43,14,4,56
Rafa Silva,POR,MF,Benfica,29,1993,9.1,264,318,83,3738,664,151,174,86.8,81,97,83.5,15,16,93.8,2,1.1,1.3,0.9,14,13,16,2,36
Thiago Silva,BRA,DF,Chelsea,37,1984,7.1,388,433,89.6,8161,3282,107,119,89.9,212,221,95.9,65,86,75.6,0,0,0.1,0,0,23,2,0,19
Mohamed Simakan,FRA,DF,RB Leipzig,22,2000,5.7,267,347,76.9,4320,1377,148,172,86,88,111,79.3,23,43,53.5,3,1.8,1.7,1.2,7,16,6,3,24
Giovanni Simeone,ARG,FW,Napoli,27,1995,2.9,48,67,71.6,589,78,30,38,78.9,12,18,66.7,1,2,50,0,0.5,0.6,-0.5,4,1,1,0,3
Roko Simic,CRO,FW,RB Salzburg,18,2003,0.2,3,5,60,40,1,2,4,50,1,1,100,0,0,,0,0,0.1,0,0,0,0,0,0
Oliver Skipp,ENG,MF,Tottenham,21,2000,2.3,108,123,87.8,1659,548,54,56,96.4,42,51,82.4,7,11,63.6,0,0.1,0.1,-0.1,2,12,3,1,14
Leo Skiri Østigård,NOR,DF,Napoli,22,1999,2.2,174,197,88.3,2958,1131,78,80,97.5,77,86,89.5,13,24,54.2,0,0,0.1,0,1,11,0,0,11
Andreas Skov Olsen,DEN,"FW,MF",Club Brugge,22,1999,3.3,68,99,68.7,1228,440,37,46,80.4,18,26,69.2,11,20,55,1,0.7,0.5,0.3,8,4,5,2,5
Milan Škriniar,SVK,DF,Inter,27,1995,6,314,344,91.3,5695,1678,122,128,95.3,168,181,92.8,23,28,82.1,0,0.3,0.1,-0.3,4,21,1,0,17
Hrvoje Smolčić,CRO,DF,Eint Frankfurt,21,2000,1.4,38,51,74.5,943,317,7,11,63.6,21,26,80.8,10,13,76.9,0,0,0,0,0,1,0,0,3
Eduard Sobol,UKR,"FW,DF",Club Brugge,27,1995,1.2,43,59,72.9,685,347,21,25,84,15,21,71.4,4,8,50,0,0,0,0,1,3,2,1,6
Carlos Soler,ESP,MF,Paris S-G,25,1997,1.7,62,70,88.6,946,242,29,35,82.9,24,26,92.3,4,4,100,0,0.2,0.1,-0.2,3,9,1,1,6
Oumar Solet,FRA,DF,RB Salzburg,22,2000,3,114,132,86.4,2292,988,34,38,89.5,61,65,93.8,17,27,63,0,0.1,0.1,-0.1,1,4,0,0,4
Yann Sommer,SUI,GK,Bayern Munich,33,1988,4,130,152,85.5,3006,1774,27,27,100,75,77,97.4,28,46,60.9,0,0,0,0,0,0,0,0,0
Matìas Soulé,ARG,"MF,FW",Juventus,19,2003,0.5,17,18,94.4,291,42,8,9,88.9,6,6,100,2,2,100,0,0.1,0,-0.1,1,1,0,0,2
Djibril Sow,SUI,MF,Eint Frankfurt,25,1997,8,372,440,84.5,6227,1940,178,199,89.4,159,180,88.3,28,42,66.7,0,0.6,0.7,-0.6,9,43,5,1,49
Kamal Sowah,GHA,"FW,MF",Club Brugge,22,2000,6.6,166,221,75.1,2510,704,92,109,84.4,50,69,72.5,11,16,68.8,0,0.3,0.4,-0.3,6,11,4,0,20
Dario Špikić,CRO,"FW,DF",Dinamo Zagreb,23,1999,1.9,45,56,80.4,765,217,24,27,88.9,16,19,84.2,4,7,57.1,0,0.3,0.4,-0.3,1,2,2,1,9
Jorne Spileers,BEL,DF,Club Brugge,17,2005,0,0,0,,0,0,0,0,,0,0,,0,0,,0,0,0,0,0,0,0,0,0
Jerry St. Juste,NED,DF,Sporting CP,25,1996,2.1,103,117,88,1900,703,37,38,97.4,56,61,91.8,8,15,53.3,0,0.1,0,-0.1,1,1,0,0,2
Marko Stamenic,NZL,MF,FC Copenhagen,20,2002,3,76,100,76,1205,294,38,46,82.6,31,36,86.1,5,10,50,0,0,0,0,0,6,0,0,7
Jindřich Staněk,CZE,GK,Viktoria Plzeň,26,1996,5,92,141,65.2,3540,3089,8,8,100,37,38,97.4,47,95,49.5,0,0,0,0,0,5,0,0,0
Josip Stanišić,CRO,DF,Bayern Munich,22,2000,3.9,283,309,91.6,4642,1449,129,137,94.2,134,141,95,14,21,66.7,0,0.1,0.2,-0.1,5,20,2,1,26
Carl Starfelt,SWE,DF,Celtic,27,1995,1,52,54,96.3,971,354,25,26,96.2,20,20,100,7,8,87.5,0,0,0,0,0,3,0,0,0
Orri Steinn Óskarsson,ISL,"MF,FW",FC Copenhagen,17,2004,0.2,3,6,50,20,4,2,2,100,0,2,0,0,0,,0,0,0.1,0,0,0,0,0,0
Taras Stepanenko,UKR,MF,Shakhtar,32,1989,5.9,240,277,86.6,3836,1171,134,138,97.1,75,87,86.2,24,36,66.7,0,0.1,0.1,-0.1,2,15,0,0,16
Raheem Sterling,ENG,"FW,MF",Chelsea,27,1994,7,210,269,78.1,2673,723,139,157,88.5,56,72,77.8,5,14,35.7,1,0.6,0.9,0.4,7,12,10,0,36
John Stones,ENG,"MF,DF",Manchester City,28,1994,7.6,387,430,90,6530,1439,185,194,95.4,168,183,91.8,29,38,76.3,1,0.8,0.8,0.2,6,38,6,2,36
Luka Sučić,CRO,MF,RB Salzburg,19,2002,4.4,151,199,75.9,2174,612,73,86,84.9,55,71,77.5,9,19,47.4,0,0.6,0.7,-0.6,7,13,6,1,22
Heorhii Sudakov,UKR,MF,Shakhtar,19,2002,5.3,277,315,87.9,4431,1194,151,164,92.1,98,113,86.7,23,28,82.1,2,0.8,0.6,1.2,6,22,4,0,22
Niklas Süle,GER,DF,Dortmund,26,1995,7.5,461,512,90,8854,2553,186,196,94.9,197,212,92.9,68,86,79.1,0,0.1,0.2,-0.1,1,31,2,0,32
Daniel Sundgren,SWE,DF,Maccabi Haifa,31,1990,3.6,171,208,82.2,3026,1331,79,88,89.8,74,91,81.3,17,21,81,0,0,0.2,0,1,18,3,0,17
Suso,ESP,"FW,MF",Sevilla,28,1993,2.6,82,100,82,1257,318,48,55,87.3,27,31,87.1,5,7,71.4,0,0.2,0.2,-0.2,3,6,3,1,14
Josip Šutalo,CRO,DF,Dinamo Zagreb,22,2000,6,256,295,86.8,5069,1649,73,77,94.8,152,164,92.7,27,46,58.7,0,0,0,0,0,3,0,0,7
Jan Sýkora,CZE,"FW,DF",Viktoria Plzeň,28,1993,1.6,15,20,75,202,54,8,9,88.9,6,7,85.7,0,1,0,0,0,0,0,1,2,0,0,2
Abakar Sylla,CIV,DF,Club Brugge,19,2002,5.5,271,308,88,5119,1728,101,107,94.4,135,143,94.4,28,50,56,0,0,0,0,1,9,0,0,14
Wojciech Szczęsny,POL,GK,Juventus,32,1990,4,89,103,86.4,2238,1422,11,11,100,53,53,100,22,36,61.1,0,0,0,0,0,1,0,0,0
Dominik Szoboszlai,HUN,FW,RB Leipzig,21,2000,7.3,268,333,80.5,4228,1190,143,161,88.8,81,99,81.8,28,45,62.2,2,1.6,0.9,0.4,12,16,10,1,38
Christian Sørensen,DEN,"DF,MF",FC Copenhagen,29,1992,1.1,52,73,71.2,821,411,28,34,82.4,18,24,75,5,9,55.6,0,0.3,0.3,-0.3,4,3,1,1,6
Dušan Tadić,SRB,FW,Ajax,33,1988,4.8,161,208,77.4,2576,769,75,92,81.5,74,84,88.1,8,17,47.1,1,1.6,1.6,-0.6,10,10,16,4,26
Jonathan Tah,GER,DF,Leverkusen,26,1996,5.3,317,350,90.6,5983,1881,114,121,94.2,173,183,94.5,26,38,68.4,0,0.2,0.3,-0.2,3,17,0,0,17
Japhet Tanganga,ENG,DF,Tottenham,23,1999,0.2,16,18,88.9,244,70,6,7,85.7,7,7,100,1,1,100,0,0,0,0,0,3,0,0,1
Edmond Tapsoba,BFA,DF,Leverkusen,23,1999,3.9,257,282,91.1,5018,2031,95,104,91.3,126,132,95.5,34,43,79.1,0,0.3,0.4,-0.3,2,14,1,0,20
Mehdi Taremi,IRN,FW,Porto,30,1992,6.8,129,177,72.9,1624,449,91,110,82.7,31,43,72.1,2,3,66.7,2,3.3,2.1,-1.3,14,10,8,1,19
Ciprian Tătărușanu,ROU,GK,Milan,36,1986,5,136,173,78.6,4027,2722,19,20,95,66,68,97.1,51,85,60,0,0,0,0,0,2,0,0,0
Nuno Tavares,POR,DF,Marseille,22,2000,6,257,330,77.9,4037,1101,126,141,89.4,105,136,77.2,13,29,44.8,0,0.2,0.3,-0.2,3,19,6,1,27
James Tavernier,ENG,DF,Rangers,30,1991,5.4,196,289,67.8,3275,1193,94,116,81,75,107,70.1,20,46,43.5,0,1,1,-1,6,14,6,4,18
Greg Taylor,SCO,DF,Celtic,24,1997,6,338,399,84.7,5431,2023,155,172,90.1,161,174,92.5,13,30,43.3,0,0.7,0.7,-0.7,9,33,5,1,42
Kenneth Taylor,NED,MF,Ajax,20,2002,4.6,205,240,85.4,2936,942,121,135,89.6,74,84,88.1,4,9,44.4,1,1.4,0.8,-0.4,3,18,7,0,28
Lucas Taylor,BRA,DF,Shakhtar,27,1995,3.5,88,113,77.9,1422,337,42,48,87.5,38,46,82.6,6,12,50,0,0,0,0,0,4,0,0,5
Mavis Tchibota,CGO,FW,Maccabi Haifa,26,1996,1,15,27,55.6,209,81,10,11,90.9,3,10,30,1,2,50,0,0,0.1,0,1,1,1,0,2
Aurélien Tchouaméni,FRA,MF,Real Madrid,22,2000,4.8,349,375,93.1,5648,1720,170,180,94.4,145,154,94.2,23,26,88.5,0,0,0.2,0,0,36,2,0,37
Mathys Tel,FRA,FW,Bayern Munich,17,2005,1.6,35,46,76.1,560,60,18,22,81.8,13,19,68.4,4,4,100,0,0.1,0,-0.1,2,1,0,0,1
Alex Telles,BRA,"DF,FW",Sevilla,29,1992,4.3,181,242,74.8,2923,838,88,104,84.6,81,98,82.7,9,28,32.1,1,0.3,0.4,0.7,5,7,2,2,7
Marc-André ter Stegen,GER,GK,Barcelona,30,1992,5,149,162,92,3810,2529,34,35,97.1,63,63,100,52,64,81.3,0,0,0,0,0,0,0,0,0
Kévin Théophile-Catherine,FRA,DF,Dinamo Zagreb,32,1989,0.8,32,43,74.4,635,256,7,8,87.5,19,25,76,4,7,57.1,0,0,0,0,0,3,0,0,1
Malick Thiaw,GER,DF,Milan,20,2001,3.1,145,171,84.8,3128,974,35,41,85.4,83,88,94.3,26,36,72.2,0,0.1,0,-0.1,1,4,0,0,7
Mohamed Tijani,BEN,DF,Viktoria Plzeň,25,1997,1.9,55,71,77.5,1242,597,14,15,93.3,29,33,87.9,11,21,52.4,0,0.1,0,-0.1,2,3,0,0,3
Malik Tillman,USA,MF,Rangers,20,2002,2.7,40,57,70.2,496,86,29,36,80.6,10,13,76.9,0,3,0,0,0,0,0,1,1,0,0,3
Jurriën Timber,NED,DF,Ajax,21,2001,5.9,393,420,93.6,6541,2200,161,167,96.4,206,217,94.9,18,25,72,0,0,0.1,0,2,34,2,0,31
Fikayo Tomori,ENG,DF,Milan,24,1997,9.2,443,515,86,9183,2899,127,142,89.4,233,249,93.6,76,106,71.7,0,0.4,0.2,-0.4,3,17,5,0,27
Sandro Tonali,ITA,MF,Milan,22,2000,11.7,375,514,73,6903,2219,154,181,85.1,148,184,80.4,53,107,49.5,2,2.9,1.9,-0.9,22,25,7,2,40
Pablo Torre,ESP,"MF,FW",Barcelona,19,2003,1.1,70,78,89.7,991,184,43,46,93.5,20,24,83.3,5,6,83.3,0,0,0,0,1,12,1,0,10
Ferrán Torres,ESP,"FW,MF",Barcelona,22,2000,2.1,66,78,84.6,863,121,42,46,91.3,17,18,94.4,3,5,60,1,0.3,0.1,0.7,3,3,2,0,4
Andriy Totovytskyi,UKR,MF,Shakhtar,29,1993,0.2,5,6,83.3,80,22,3,3,100,1,1,100,1,1,100,0,0,0,0,0,0,0,0,0
Kevin Trapp,GER,GK,Eint Frankfurt,32,1990,8,146,227,64.3,3666,2491,45,45,100,61,64,95.3,39,116,33.6,0,0,0,0,0,2,0,0,0
Francisco Trincão,POR,"MF,FW",Sporting CP,22,1999,4.3,91,120,75.8,1248,257,62,75,82.7,22,29,75.9,5,7,71.4,0,0.4,0.1,-0.4,2,6,1,0,12
Anatolii Trubin,UKR,GK,Shakhtar,20,2001,6,200,260,76.9,4730,3301,56,56,100,101,103,98.1,42,99,42.4,0,0,0,0,0,0,0,0,0
Kostas Tsimikas,GRE,DF,Liverpool,26,1996,3.8,170,239,71.1,3077,1133,70,84,83.3,64,87,73.6,28,48,58.3,2,1,1.1,1,11,6,2,1,14
David Turnbull,SCO,MF,Celtic,23,1999,1.1,67,83,80.7,943,174,38,41,92.7,26,30,86.7,0,6,0,0,0,0,0,0,9,0,0,10
Tuta,BRA,DF,Eint Frankfurt,23,1999,6.7,266,333,79.9,4935,2006,100,114,87.7,141,164,86,21,47,44.7,0,0,0.1,0,1,20,1,0,24
Marián Tvrdoň,SVK,GK,Viktoria Plzeň,27,1994,1,31,50,62,1282,1109,0,0,,14,15,93.3,17,35,48.6,0,0,0,0,0,2,0,0,0
Manuel Ugarte Ribeiro,URU,MF,Sporting CP,21,2001,5.2,201,238,84.5,3424,621,80,95,84.2,101,108,93.5,12,18,66.7,0,0,0,0,1,6,0,0,10
Andreas Ulmer,AUT,DF,RB Salzburg,36,1985,4.2,123,187,65.8,2125,1041,58,72,80.6,56,78,71.8,8,29,27.6,0,0.2,0.2,-0.2,3,10,5,3,11
Sven Ulreich,GER,GK,Bayern Munich,33,1988,3,102,116,87.9,2202,1318,26,26,100,61,62,98.4,15,28,53.6,0,0,0,0,0,0,0,0,0
Cengiz Ünder,TUR,MF,Marseille,25,1997,1.9,80,97,82.5,1483,374,41,44,93.2,21,29,72.4,14,17,82.4,0,1,0.7,-1,6,6,5,2,7
Dayot Upamecano,FRA,DF,Bayern Munich,23,1998,7.9,550,605,90.9,11966,4182,135,144,93.8,324,347,93.4,89,106,84,0,0.1,0.1,-0.1,2,48,0,0,36
Mateus Uribe,COL,MF,Porto,31,1991,6.8,266,328,81.1,4464,1504,138,155,89,100,119,84,24,38,63.2,0,0.5,0.3,-0.5,8,23,3,1,33
Enrique Valiente,ESP,DF,Sevilla,20,2002,2,124,153,81,2437,852,38,42,90.5,76,86,88.4,9,22,40.9,0,0.3,0,-0.3,1,11,0,0,10
Jesús Vallejo,ESP,DF,Real Madrid,25,1997,0.2,16,17,94.1,317,101,3,3,100,8,8,100,3,3,100,0,0,0,0,0,1,0,0,1
Federico Valverde,URU,"MF,FW",Real Madrid,24,1998,10.7,501,576,87,7233,1770,319,342,93.3,119,144,82.6,40,47,85.1,3,2.9,2.4,0.1,19,50,20,3,58
Virgil van Dijk,NED,DF,Liverpool,31,1991,8,439,505,86.9,8146,3353,163,182,89.6,233,254,91.7,33,56,58.9,1,0.1,0.2,0.9,2,30,2,0,33
Hans Vanaken,BEL,MF,Club Brugge,29,1992,7.8,378,452,83.6,6766,1523,171,196,87.2,137,163,84,47,56,83.9,0,0.8,0.5,-0.8,5,40,5,0,47
Denis Vavro,SVK,DF,FC Copenhagen,26,1996,4,133,159,83.6,2706,833,34,39,87.2,83,90,92.2,16,29,55.2,0,0,0,0,0,6,0,0,2
Lucas Vázquez,ESP,DF,Real Madrid,31,1991,2.2,145,159,91.2,2141,430,79,82,96.3,54,61,88.5,4,8,50,1,0.7,1,0.3,4,7,7,3,9
Jordan Veretout,FRA,MF,Marseille,29,1993,5.4,362,411,88.1,6654,1914,134,148,90.5,179,197,90.9,39,52,75,1,0.5,0.6,0.5,8,55,3,2,54
Lucas Veríssimo,BRA,DF,Benfica,27,1995,0.1,3,4,75,61,20,0,0,,3,3,100,0,0,,0,0,0,0,0,0,0,0,0
Gabriel Veron,BRA,"MF,FW",Porto,19,2002,0.5,11,17,64.7,142,70,6,7,85.7,3,5,60,1,1,100,0,0,0,0,0,1,0,0,1
Marco Verratti,ITA,MF,Paris S-G,29,1992,6.9,639,690,92.6,9162,2894,353,369,95.7,194,210,92.4,45,52,86.5,1,0.4,0.8,0.6,4,44,11,0,45
Vitinha,POR,MF,Paris S-G,22,2000,6.5,398,436,91.3,5761,1393,225,241,93.4,118,124,95.2,25,31,80.6,0,0.2,0.4,-0.2,3,34,3,0,35
Odisseas Vlachodimos,GRE,GK,Benfica,28,1994,10,196,264,74.2,5094,3375,44,44,100,92,92,100,58,124,46.8,0,0,0,0,0,5,0,0,0
Dušan Vlahović,SRB,FW,Juventus,22,2000,4.6,65,91,71.4,1095,89,27,37,73,28,34,82.4,6,10,60,1,0.9,0.1,0.1,1,3,1,0,5
Adam Vlkanova,CZE,MF,Viktoria Plzeň,27,1994,5.1,99,135,73.3,1671,409,49,56,87.5,41,55,74.5,6,14,42.9,1,0.6,0.5,0.4,7,9,5,2,12
Stefan de Vrij,NED,DF,Inter,30,1992,3.3,64,77,83.1,1156,254,21,22,95.5,39,46,84.8,3,7,42.9,0,0,0,0,0,1,0,0,0
Kyle Walker,ENG,"DF,FW",Manchester City,32,1990,3.1,152,191,79.6,2598,801,74,88,84.1,61,71,85.9,15,25,60,0,0.1,0.1,-0.1,1,15,1,0,11
Paul Wanner,GER,"DF,FW",Bayern Munich,16,2005,0.4,18,21,85.7,245,29,10,10,100,5,7,71.4,1,2,50,0,0.3,0.1,-0.3,1,0,0,0,0
Stephen Welsh,SCO,DF,Celtic,22,2000,1,55,58,94.8,1162,439,13,14,92.9,32,32,100,9,11,81.8,0,0,0,0,0,2,1,0,7
Wendell,BRA,DF,Porto,29,1993,1.6,88,106,83,1428,473,48,50,96,33,39,84.6,6,12,50,0,0.5,0.2,-0.5,4,3,1,1,8
Timo Werner,GER,FW,RB Leipzig,26,1996,5.6,178,230,77.4,2322,571,109,129,84.5,51,64,79.7,4,7,57.1,2,0.7,0.9,1.3,7,12,8,0,23
Owen Wijndal,NED,DF,Ajax,22,1999,0.8,42,49,85.7,547,212,24,27,88.9,15,19,78.9,0,0,,1,0.2,0.3,0.8,2,2,3,1,6
Josh Wilson-Esbrand,ENG,DF,Manchester City,19,2002,0.5,30,35,85.7,457,65,19,21,90.5,9,11,81.8,2,3,66.7,0,0,0,0,0,0,2,0,2
Axel Witsel,BEL,"DF,MF",Atlético Madrid,33,1989,5.1,322,344,93.6,5315,1752,152,161,94.4,150,156,96.2,15,19,78.9,1,0.4,0.1,0.6,3,18,1,0,14
Maximilian Wöber,AUT,DF,RB Salzburg,24,1998,1.8,32,72,44.4,551,326,14,25,56,13,29,44.8,4,13,30.8,1,0.7,0.4,0.3,3,3,2,1,4
Marius Wolf,GER,DF,Dortmund,27,1995,2,73,98,74.5,1018,294,47,55,85.5,22,29,75.9,3,9,33.3,0,0.1,0.2,-0.1,1,3,2,1,3
Scott Wright,SCO,"FW,MF",Rangers,24,1997,1.5,25,37,67.6,297,69,17,21,81,7,10,70,0,2,0,0,0.2,0,-0.2,1,1,0,0,3
Roman Yaremchuk,UKR,FW,Club Brugge,26,1995,1.2,29,39,74.4,403,65,16,20,80,9,12,75,2,2,100,0,0,0,0,1,3,0,0,3
Rıdvan Yılmaz,TUR,DF,Rangers,21,2001,1,39,50,78,579,287,26,29,89.7,12,16,75,1,3,33.3,0,0,0.1,0,1,2,1,1,5
Warren Zaire-Emery,FRA,MF,Paris S-G,16,2006,0.9,30,38,78.9,358,55,19,21,90.5,8,13,61.5,0,0,,0,0.1,0.6,-0.1,2,2,1,0,3
Denis Zakaria,SUI,MF,Chelsea,25,1996,0.8,42,44,95.5,761,144,22,22,100,13,14,92.9,6,7,85.7,0,0.1,0,-0.1,1,6,0,0,3
Andre-Frank Zambo Anguissa,CMR,MF,Napoli,26,1995,7.2,344,405,84.9,5060,1271,187,206,90.8,127,143,88.8,17,25,68,3,1.3,1.2,1.7,10,31,5,0,30
Alessandro Zanoli,ITA,DF,Napoli,21,2000,0.1,6,8,75,116,32,2,2,100,4,5,80,0,0,,0,0.1,0.1,-0.1,1,0,2,1,1
Zeca,GRE,MF,FC Copenhagen,33,1988,1.8,65,71,91.5,999,311,37,38,97.4,22,24,91.7,4,4,100,0,0,0,0,0,5,0,0,2
Alessio Zerbin,ITA,FW,Napoli,23,1999,0.6,25,34,73.5,283,65,16,17,94.1,5,8,62.5,0,0,,0,0.2,0.1,-0.2,1,2,2,0,4
Piotr Zieliński,POL,MF,Napoli,28,1994,6.9,302,366,82.5,4351,1050,174,187,93,89,111,80.2,19,39,48.7,2,2.1,2,-0.1,23,16,9,1,36
Hakim Ziyech,MAR,"FW,MF",Chelsea,29,1993,1.6,59,88,67,939,246,32,38,84.2,19,28,67.9,4,13,30.8,0,0.4,0.2,-0.4,2,4,4,0,13
Oleksandr Zubkov,UKR,"FW,MF",Shakhtar,25,1996,4.1,81,104,77.9,1294,348,42,54,77.8,26,31,83.9,8,11,72.7,0,0.1,0.3,-0.1,2,5,2,0,10
Neven Đurasek,CRO,MF,Shakhtar,23,1998,1,33,36,91.7,453,95,20,22,90.9,11,12,91.7,1,1,100,0,0,0,0,0,3,0,0,3