Player,Nationality,Position,Club,Age,Born,90s,Yellow Cards,Red Cards,2nd Yellows,Fouls Comitted,Fouls Drawn,Crosses,Interceptions,Tackles won,penalties won,penalties comitted,own goals ,ball recoveries,Unnamed: 19,Unnamed: 20,Unnamed: 21,Unnamed: 22
André Onana, CMR,GK,Inter,26,1996,13.0,2,0,0,0,2,0,0,0,0,0,0,0,8,3,1,75.0
Sandro Tonali, ITA,MF,Milan,22,2000,11.7,3,0,0,13,18,2,47,4,13,1,0,0,57,3,9,25.0
Rúben Dias, POR,DF,Manchester City,25,1997,11.7,2,0,0,8,1,0,2,7,18,0,0,0,55,22,15,59.5
Lautaro Martínez, ARG,FW,Inter,24,1997,11.1,3,0,0,15,18,8,3,9,12,0,0,0,35,16,25,39.0
Rodri, ESP,MF,Manchester City,26,1996,11.1,1,0,0,13,6,0,3,13,15,0,0,0,105,15,11,57.7
İlkay Gündoğan, GER,MF,Manchester City,31,1990,11.0,4,0,0,6,17,0,8,7,8,0,0,0,63,9,9,50.0
Nicolò Barella, ITA,MF,Inter,25,1997,11.0,3,0,0,17,13,3,21,2,14,0,0,0,64,3,11,21.4
Ederson, BRA,GK,Manchester City,28,1993,11.0,2,0,0,0,1,0,0,0,0,0,0,0,15,0,0,
Alessandro Bastoni, ITA,DF,Inter,23,1999,10.9,2,0,0,13,7,0,22,9,8,0,0,0,50,18,9,66.7
Vinicius Júnior, BRA,FW,Real Madrid,22,2000,10.8,1,0,0,11,28,6,21,1,7,0,0,0,40,1,2,33.3
Federico Valverde, URU,"MF,FW",Real Madrid,24,1998,10.7,0,0,0,10,5,1,20,14,7,0,0,0,45,7,5,58.3
Manuel Akanji, SUI,DF,Manchester City,27,1995,10.5,2,0,0,9,5,0,1,9,16,0,1,0,61,10,13,43.5
Theo Hernández, FRA,DF,Milan,24,1997,10.5,2,0,0,13,23,2,20,6,16,0,0,0,74,10,10,50.0
Olivier Giroud, FRA,FW,Milan,35,1986,10.4,1,0,0,12,8,9,2,2,6,0,0,0,17,50,36,58.1
Jack Grealish, ENG,FW,Manchester City,26,1995,10.4,1,0,0,12,32,0,21,4,5,0,0,0,49,4,8,33.3
Francesco Acerbi, ITA,DF,Inter,34,1988,10.2,1,0,0,6,9,1,1,11,8,0,0,0,46,25,21,54.3
Henrikh Mkhitaryan, ARM,MF,Inter,33,1989,10.1,2,0,0,14,12,2,8,16,17,0,0,0,79,5,5,50.0
Bernardo Silva, POR,"FW,MF",Manchester City,27,1994,10.1,2,0,0,19,13,1,19,9,10,0,0,0,66,3,2,60.0
Rafael Leão, POR,"FW,MF",Milan,23,1999,10.1,0,0,0,11,17,1,25,3,2,2,0,0,27,7,13,35.0
Thibaut Courtois, BEL,GK,Real Madrid,30,1992,10.0,0,0,0,0,0,0,0,0,1,0,0,0,8,4,0,100.0
Álex Grimaldo, ESP,DF,Benfica,26,1995,10.0,0,0,0,3,5,1,27,13,10,0,0,0,63,5,10,33.3
Alex Meret, ITA,GK,Napoli,25,1997,10.0,0,0,0,0,3,0,0,0,0,0,0,0,16,4,0,100.0
Odisseas Vlachodimos, GRE,GK,Benfica,28,1994,10.0,0,0,0,0,0,0,0,0,0,0,0,0,7,1,0,100.0
Giovanni Di Lorenzo, ITA,DF,Napoli,28,1993,9.9,2,0,0,12,9,0,23,12,10,0,0,0,56,14,15,48.3
António Silva, POR,DF,Benfica,18,2003,9.9,1,0,0,6,2,0,0,14,7,0,1,0,57,10,10,50.0
Denzel Dumfries, NED,DF,Inter,26,1996,9.8,0,0,0,14,22,5,21,8,6,0,0,0,39,26,15,63.4
Dani Carvajal, ESP,DF,Real Madrid,30,1992,9.7,3,0,0,10,10,1,20,7,11,0,0,0,37,6,7,46.2
Stanislav Lobotka, SVK,MF,Napoli,27,1994,9.7,0,0,0,8,24,0,2,5,11,0,0,0,79,0,3,0.0
João Mário, POR,FW,Benfica,29,1993,9.6,2,0,0,8,9,1,25,5,8,0,1,0,65,4,6,40.0
Florentino Luís, POR,MF,Benfica,22,1999,9.5,2,0,0,12,1,0,1,27,15,0,0,0,60,11,7,61.1
Toni Kroos, GER,MF,Real Madrid,32,1990,9.4,2,0,0,6,11,0,28,9,16,0,0,0,54,2,2,50.0
Erling Haaland, NOR,FW,Manchester City,22,2000,9.3,1,0,0,11,7,4,1,2,0,0,0,0,14,17,11,60.7
Fikayo Tomori, ENG,DF,Milan,24,1997,9.2,4,1,0,14,2,0,1,10,16,0,2,0,57,9,11,45.0
Edin Džeko, BIH,FW,Inter,36,1986,9.2,2,0,0,13,14,2,7,0,2,0,0,0,16,39,26,60.0
Rade Krunić, BIH,"MF,FW",Milan,28,1993,9.1,4,0,0,7,10,0,1,7,11,0,0,0,46,12,7,63.2
Matteo Darmian, ITA,DF,Inter,32,1989,9.1,1,0,0,10,4,1,10,19,11,0,0,0,35,7,9,43.8
Rafa Silva, POR,MF,Benfica,29,1993,9.1,1,0,0,3,19,3,9,1,5,1,0,0,19,5,7,41.7
Rodrygo, BRA,FW,Real Madrid,21,2001,9.1,0,0,0,4,12,2,12,9,3,1,0,0,23,5,8,38.5
Joshua Kimmich, GER,MF,Bayern Munich,27,1995,9.0,3,0,0,8,17,0,40,20,11,0,0,0,53,3,3,50.0
Kepa Arrizabalaga, ESP,GK,Chelsea,27,1994,9.0,2,0,0,0,0,0,0,1,0,0,0,0,10,2,1,66.7
Hakan Çalhanoğlu, TUR,MF,Inter,28,1994,8.9,1,0,0,15,13,1,47,8,11,0,0,0,69,7,5,58.3
Nicolás Otamendi, ARG,DF,Benfica,34,1988,8.8,3,0,0,9,6,0,0,15,11,0,0,0,55,22,17,56.4
Kim Min-jae, KOR,DF,Napoli,25,1996,8.7,3,0,0,9,1,0,0,22,9,0,0,0,41,32,10,76.2
Éder Militão, BRA,DF,Real Madrid,24,1998,8.3,3,0,0,14,9,0,2,9,5,0,0,0,38,13,7,65.0
Karim Benzema, FRA,FW,Real Madrid,34,1987,8.3,0,0,0,4,2,3,0,0,2,0,0,0,12,3,10,23.1
Pierre Kalulu, FRA,DF,Milan,22,2000,8.3,0,0,0,11,8,0,4,7,8,0,0,0,49,11,11,50.0
Luka Modrić, CRO,MF,Real Madrid,36,1985,8.3,0,0,0,3,6,0,21,7,2,0,0,0,44,6,4,60.0
Federico Dimarco, ITA,DF,Inter,24,1997,8.1,2,0,0,7,9,1,63,10,6,0,0,0,47,2,7,22.2
Eduardo Camavinga, FRA,"MF,DF",Real Madrid,19,2002,8.0,3,0,0,14,16,0,3,6,17,0,0,0,39,3,3,50.0
Simon Mignolet, BEL,GK,Club Brugge,34,1988,8.0,2,0,0,0,1,0,0,1,0,0,0,0,10,2,0,100.0
Obite N'Dicka, FRA,DF,Eint Frankfurt,22,1999,8.0,2,0,0,6,0,0,1,13,7,0,0,0,62,9,6,60.0
Sergio Ramos, ESP,DF,Paris S-G,36,1986,8.0,2,0,0,4,3,1,1,11,5,0,0,0,55,17,11,60.7
Kevin De Bruyne, BEL,MF,Manchester City,31,1991,8.0,1,0,0,5,7,1,77,2,3,0,0,0,23,1,2,33.3
Harry Kane, ENG,FW,Tottenham,29,1993,8.0,1,0,0,7,14,2,9,2,0,1,0,0,21,18,10,64.3
Djibril Sow, SUI,MF,Eint Frankfurt,25,1997,8.0,1,0,0,8,14,0,1,18,8,0,1,0,52,3,5,37.5
Virgil van Dijk, NED,DF,Liverpool,31,1991,8.0,1,0,0,6,0,0,0,4,2,0,1,0,36,28,8,77.8
Alisson, BRA,GK,Liverpool,29,1992,8.0,0,0,0,0,0,0,0,0,0,0,0,0,12,0,0,
Diogo Costa, POR,GK,Porto,22,1999,8.0,0,0,0,0,1,0,0,0,0,0,0,0,5,2,0,100.0
Gianluigi Donnarumma, ITA,GK,Paris S-G,23,1999,8.0,0,0,0,0,1,0,0,0,0,0,0,0,8,0,0,
Brandon Mechele, BEL,DF,Club Brugge,29,1993,8.0,0,0,0,1,1,0,0,11,7,1,0,0,34,20,14,58.8
Willi Orban, HUN,DF,RB Leipzig,29,1992,8.0,0,0,0,4,7,0,3,8,5,0,0,0,42,8,10,44.4
Kevin Trapp, GER,GK,Eint Frankfurt,32,1990,8.0,0,0,0,0,1,0,0,0,0,0,0,0,10,4,0,100.0
Gonçalo Ramos, POR,FW,Benfica,21,2001,7.9,2,0,0,11,10,2,5,1,5,2,0,0,9,25,46,35.2
Dayot Upamecano, FRA,DF,Bayern Munich,23,1998,7.9,2,0,0,7,1,0,0,14,8,0,1,0,50,11,6,64.7
David Alaba, AUT,DF,Real Madrid,30,1992,7.9,0,0,0,3,0,0,19,7,3,0,0,0,38,2,8,20.0
Hans Vanaken, BEL,MF,Club Brugge,29,1992,7.8,1,0,0,7,9,0,2,4,3,0,0,0,34,28,10,73.7
Reece James, ENG,"DF,MF",Chelsea,22,1999,7.7,3,0,0,15,7,2,40,7,8,0,0,0,55,3,6,33.3
Daichi Kamada, JPN,"MF,FW",Eint Frankfurt,25,1996,7.7,1,0,0,4,11,1,14,9,9,0,0,0,38,6,10,37.5
Khvicha Kvaratskhelia, GEO,FW,Napoli,21,2001,7.7,0,0,0,4,8,0,17,2,10,0,0,0,33,5,10,33.3
Pepê, BRA,"DF,FW",Porto,25,1997,7.6,4,1,1,6,12,1,14,5,9,0,0,0,52,9,9,50.0
John Stones, ENG,"MF,DF",Manchester City,28,1994,7.6,0,0,0,2,3,0,3,4,2,0,0,0,26,7,5,58.3
Niklas Süle, GER,DF,Dortmund,26,1995,7.5,2,0,0,4,2,0,0,6,5,0,0,0,43,7,2,77.8
Antonio Rüdiger, GER,DF,Real Madrid,29,1993,7.5,0,0,0,3,0,0,0,6,6,0,0,0,34,10,5,66.7
Alexander Bah, DEN,DF,Benfica,24,1997,7.3,1,0,0,9,8,0,23,17,9,0,1,0,34,6,6,50.0
Marquinhos, BRA,DF,Paris S-G,28,1994,7.3,0,0,0,3,4,0,0,3,3,0,0,0,31,14,8,63.6
Dominik Szoboszlai, HUN,FW,RB Leipzig,21,2000,7.3,0,0,0,7,7,1,29,1,6,0,0,0,36,5,3,62.5
Casper Nielsen, DEN,MF,Club Brugge,28,1994,7.2,2,0,0,8,5,0,20,6,14,0,1,0,31,6,11,35.3
Andre-Frank Zambo Anguissa, CMR,MF,Napoli,26,1995,7.2,2,1,1,17,16,0,1,14,8,0,0,0,56,8,7,53.3
Kylian Mbappé, FRA,FW,Paris S-G,23,1998,7.2,0,0,0,2,16,9,22,0,0,0,0,0,8,1,2,33.3
Thiago Silva, BRA,DF,Chelsea,37,1984,7.1,2,0,0,5,6,0,0,9,6,0,0,0,47,13,7,65.0
Jude Bellingham, ENG,MF,Dortmund,19,2003,7.0,2,0,0,6,17,0,5,13,8,0,0,0,32,10,14,41.7
Mike Maignan, FRA,GK,Milan,27,1995,7.0,1,0,0,0,1,0,0,0,0,0,0,0,13,5,0,100.0
Raheem Sterling, ENG,"FW,MF",Chelsea,27,1994,7.0,1,0,0,15,7,7,15,0,2,0,0,0,21,3,2,60.0
Fabinho, BRA,MF,Liverpool,28,1993,7.0,0,0,0,12,4,0,1,9,8,0,0,0,38,10,7,58.8
Marco Verratti, ITA,MF,Paris S-G,29,1992,6.9,4,0,0,10,16,0,1,6,18,0,1,0,52,5,2,71.4
Eric Dier, ENG,DF,Tottenham,28,1994,6.9,3,0,0,11,0,0,4,8,5,0,0,0,40,18,13,58.1
Pierre Højbjerg, DEN,MF,Tottenham,26,1995,6.9,3,0,0,8,7,0,7,11,8,0,0,0,57,5,1,83.3
Trent Alexander-Arnold, ENG,DF,Liverpool,23,1998,6.9,2,0,0,2,2,0,57,4,13,0,0,0,57,2,0,100.0
Mateo Kovačić, CRO,MF,Chelsea,28,1994,6.9,2,0,0,5,10,0,0,6,5,0,0,0,40,2,6,25.0
Son Heung-min, KOR,"MF,FW",Tottenham,30,1992,6.9,1,0,0,1,13,3,33,1,4,0,0,0,20,1,3,25.0
Piotr Zieliński, POL,MF,Napoli,28,1994,6.9,1,0,0,3,12,0,33,4,4,1,0,0,21,1,4,20.0
Fredrik Aursnes, NOR,"FW,MF",Benfica,26,1995,6.9,0,0,0,6,2,2,7,5,9,0,0,0,28,7,6,53.8
Kai Havertz, GER,"FW,MF",Chelsea,23,1999,6.9,0,0,0,12,7,2,7,1,3,0,0,0,31,17,17,50.0
Mohamed Salah, EGY,FW,Liverpool,30,1992,6.9,0,0,0,2,3,4,10,2,1,0,0,0,21,1,3,25.0
Mateus Uribe, COL,MF,Porto,31,1991,6.8,3,0,0,14,2,0,3,11,9,0,1,0,68,5,9,35.7
Kristijan Jakić, CRO,DF,Eint Frankfurt,25,1997,6.8,2,0,0,14,3,0,11,3,9,0,1,0,43,4,3,57.1
Amir Rrahmani, KVX,DF,Napoli,28,1994,6.8,2,0,0,7,2,0,2,2,6,0,0,0,36,19,14,57.6
Mehdi Taremi, IRN,FW,Porto,30,1992,6.8,2,1,1,9,11,2,1,1,6,0,0,0,22,15,18,45.5
Nathan Aké, NED,DF,Manchester City,27,1995,6.8,1,0,0,5,1,0,5,7,6,0,0,0,22,14,1,93.3
Matthijs de Ligt, NED,DF,Bayern Munich,22,1999,6.8,1,0,0,8,4,0,0,10,3,0,0,0,27,11,6,64.7
Lionel Messi, ARG,"FW,MF",Paris S-G,35,1987,6.8,0,0,0,2,16,0,14,3,4,0,0,0,18,1,0,100.0
Tuta, BRA,DF,Eint Frankfurt,23,1999,6.7,2,1,1,6,1,0,1,8,11,0,0,0,55,7,7,50.0
Alphonso Davies, CAN,DF,Bayern Munich,21,2000,6.7,1,0,0,4,4,1,6,8,10,0,0,0,56,0,2,0.0
Brahim Díaz, ESP,"MF,FW",Milan,22,1999,6.7,1,0,0,11,23,0,7,6,3,0,0,0,25,4,7,36.4
Leon Goretzka, GER,MF,Bayern Munich,27,1995,6.7,1,0,0,12,0,0,4,7,9,0,0,0,46,7,6,53.8
Benjamin Pavard, FRA,DF,Bayern Munich,26,1996,6.6,4,1,1,15,6,0,6,13,9,0,0,0,40,11,10,52.4
Cristian Romero, ARG,DF,Tottenham,24,1998,6.6,4,1,1,7,1,1,1,10,9,0,0,0,41,17,3,85.0
Kamal Sowah, GHA,"FW,MF",Club Brugge,22,2000,6.6,4,1,1,4,3,3,7,4,7,0,0,0,41,2,4,33.3
Stephen Eustáquio, CAN,MF,Porto,25,1996,6.6,1,0,0,3,7,0,22,11,7,0,0,0,35,8,5,61.5
Ismaël Bennacer, ALG,MF,Milan,24,1997,6.5,1,0,0,11,12,0,6,7,13,0,0,0,65,6,12,33.3
Xaver Schlager, AUT,MF,RB Leipzig,24,1997,6.5,1,0,0,9,3,0,0,5,7,0,0,0,53,4,2,66.7
Zaidu Sanusi, NGA,DF,Porto,25,1997,6.5,0,0,0,3,1,1,8,11,9,0,0,0,30,5,9,35.7
Vitinha, POR,MF,Paris S-G,22,2000,6.5,0,0,0,5,7,0,2,13,6,0,0,0,51,2,3,40.0
Achraf Hakimi, MAR,"DF,MF",Paris S-G,23,1998,6.4,1,0,0,3,1,1,11,8,6,0,0,0,31,4,3,57.1
Bjorn Meijer, NED,DF,Club Brugge,19,2003,6.4,1,0,0,5,1,1,8,11,9,0,0,0,35,9,7,56.3
Ivan Perišić, CRO,"DF,MF",Tottenham,33,1989,6.4,0,0,0,4,3,1,54,4,7,0,0,0,26,10,5,66.7
Raphael Onyedika, NGA,MF,Club Brugge,21,2001,6.3,3,0,0,10,8,0,0,6,5,0,0,0,44,4,3,57.1
Emre Can, GER,MF,Dortmund,28,1994,6.3,2,0,0,12,2,0,1,13,12,0,1,0,42,3,7,30.0
Kalidou Koulibaly, SEN,DF,Chelsea,31,1991,6.3,2,0,0,8,4,2,0,8,7,0,0,0,38,15,18,45.5
Galeno, BRA,"FW,MF",Porto,24,1997,6.3,0,0,0,4,18,1,13,10,1,2,0,0,34,10,11,47.6
Ben Chilwell, ENG,"DF,MF",Chelsea,25,1996,6.2,1,1,0,10,11,2,34,4,8,0,0,0,33,3,4,42.9
Christopher Nkunku, FRA,"MF,FW",RB Leipzig,24,1997,6.2,1,0,0,4,6,4,4,4,4,0,1,0,21,3,4,42.9
Nico Schlotterbeck, GER,DF,Dortmund,22,1999,6.2,0,0,0,1,6,0,0,3,8,0,0,0,46,10,4,71.4
Marcelo Brozović, CRO,MF,Inter,29,1992,6.1,1,0,0,7,5,0,11,9,11,0,0,0,38,6,7,46.2
Sadio Mané, SEN,FW,Bayern Munich,30,1992,6.1,0,0,0,11,9,9,5,4,6,0,0,0,17,9,5,64.3
Leroy Sané, GER,"FW,MF",Bayern Munich,26,1996,6.1,0,0,0,4,2,1,7,6,7,0,0,0,36,1,7,12.5
Neymar, BRA,"MF,FW",Paris S-G,30,1992,6.0,4,0,0,8,19,1,19,2,1,0,0,0,15,0,4,0.0
Salih Özcan, TUR,MF,Dortmund,24,1998,6.0,4,0,0,5,4,0,1,12,4,0,0,0,34,3,5,37.5
Valerii Bondar, UKR,DF,Shakhtar,23,1999,6.0,2,0,0,3,0,0,0,7,5,0,0,1,26,5,8,38.5
Strahinja Pavlović, SRB,DF,RB Salzburg,21,2001,6.0,2,0,0,8,4,0,1,3,8,0,0,0,34,21,15,58.3
Calvin Bassey, NGA,DF,Ajax,22,1999,6.0,1,0,0,3,8,0,1,7,9,0,0,0,39,6,8,42.9
Tjaronn Chery, SUR,"MF,FW",Maccabi Haifa,34,1988,6.0,1,0,0,3,2,2,14,1,1,0,0,0,27,1,0,100.0
Emerson, BRA,"DF,MF",Tottenham,23,1999,6.0,1,0,0,8,12,2,15,3,11,0,0,0,28,9,10,47.4
Lukáš Hrádecký, FIN,GK,Leverkusen,32,1989,6.0,1,0,0,0,1,0,0,0,0,0,0,0,3,0,0,
Gonçalo Inácio, POR,DF,Sporting CP,20,2001,6.0,1,0,0,3,2,0,0,5,1,0,0,0,23,5,6,45.5
Moritz Jenz, GER,DF,Celtic,23,1999,6.0,1,0,0,4,0,0,0,8,4,0,1,0,22,7,2,77.8
Josip Juranović, CRO,DF,Celtic,26,1995,6.0,1,0,0,3,2,0,19,5,7,0,0,0,45,2,2,50.0
Robert Ljubicic, AUT,"FW,DF",Dinamo Zagreb,23,1999,6.0,1,0,0,7,10,0,9,10,6,0,1,1,47,4,3,57.1
Mykola Matviyenko, UKR,DF,Shakhtar,26,1996,6.0,1,0,0,3,1,0,0,9,4,0,0,0,27,6,1,85.7
Nuno Tavares, POR,DF,Marseille,22,2000,6.0,1,0,0,5,14,5,33,4,8,0,0,0,45,3,3,50.0
Anatolii Trubin, UKR,GK,Shakhtar,20,2001,6.0,1,0,0,0,0,0,0,0,0,0,0,0,3,2,0,100.0
Josh Cohen, USA,GK,Maccabi Haifa,29,1992,6.0,0,0,0,0,1,0,0,0,0,0,0,0,7,0,0,
Amar Dedić, BIH,DF,RB Salzburg,19,2002,6.0,0,0,0,6,6,0,9,9,11,0,0,0,31,5,6,45.5
Sean Goldberg, ISR,DF,Maccabi Haifa,27,1995,6.0,0,0,0,6,0,0,0,4,6,0,0,1,27,8,3,72.7
Joško Gvardiol, CRO,DF,RB Leipzig,20,2002,6.0,0,0,0,1,5,0,0,4,6,0,0,0,33,3,6,33.3
Joe Hart, ENG,GK,Celtic,35,1987,6.0,0,0,0,0,0,0,0,1,0,0,0,0,5,0,0,
Philipp Köhn, SUI,GK,RB Salzburg,24,1998,6.0,0,0,0,0,3,0,0,0,0,0,0,0,10,0,0,
Dominik Livaković, CRO,GK,Dinamo Zagreb,27,1995,6.0,0,0,0,0,1,0,0,0,0,0,0,0,5,1,0,100.0
Hugo Lloris, FRA,GK,Tottenham,35,1986,6.0,0,0,0,0,0,0,0,1,0,0,0,0,11,0,1,0.0
Pau López, ESP,GK,Marseille,27,1994,6.0,0,0,0,0,2,0,0,0,0,0,0,0,11,1,0,100.0
Remko Pasveer, NED,GK,Ajax,38,1983,6.0,0,0,0,0,0,0,0,0,0,0,0,0,6,0,0,
Dino Perić, CRO,DF,Dinamo Zagreb,28,1994,6.0,0,0,0,4,1,0,1,14,4,0,0,0,22,28,7,80.0
Nicolas Seiwald, AUT,MF,RB Salzburg,21,2001,6.0,0,0,0,4,2,0,18,8,14,0,0,0,47,1,5,16.7
Milan Škriniar, SVK,DF,Inter,27,1995,6.0,0,0,0,6,2,0,0,4,6,0,0,0,19,13,9,59.1
Josip Šutalo, CRO,DF,Dinamo Zagreb,22,2000,6.0,0,0,0,2,4,0,0,9,6,0,1,0,39,12,9,57.1
Greg Taylor, SCO,DF,Celtic,24,1997,6.0,0,0,0,1,6,0,8,7,9,0,0,0,26,4,7,36.4
Edson Álvarez, MEX,MF,Ajax,24,1997,5.9,2,0,0,12,4,0,0,11,8,0,1,0,37,17,19,47.2
Jurriën Timber, NED,DF,Ajax,21,2001,5.9,2,0,0,11,5,1,1,8,1,0,1,0,28,4,5,44.4
Taras Stepanenko, UKR,MF,Shakhtar,32,1989,5.9,1,0,0,6,2,0,0,12,11,0,0,0,31,6,4,60.0
Janis Blaswich, GER,GK,RB Leipzig,31,1991,5.9,0,0,0,0,0,0,0,0,0,0,0,0,3,1,0,100.0
Kingsley Coman, FRA,"FW,DF",Bayern Munich,26,1996,5.9,0,0,0,1,12,2,27,2,8,0,0,0,35,6,5,54.5
Jamal Musiala, GER,"MF,FW",Bayern Munich,19,2003,5.9,0,0,0,6,9,0,1,6,3,0,0,0,33,1,3,25.0
David Raum, GER,DF,RB Leipzig,24,1998,5.9,0,0,0,6,3,2,39,7,7,0,0,0,25,9,2,81.8
André Silva, POR,FW,RB Leipzig,26,1995,5.9,0,0,0,6,6,6,3,1,3,0,0,0,14,4,9,30.8
Denis Odoi, GHA,"DF,MF",Club Brugge,34,1988,5.8,4,0,0,8,5,1,3,7,2,0,0,0,30,11,10,52.4
Otávio, POR,MF,Porto,27,1995,5.8,3,1,1,14,14,0,14,1,13,0,0,0,27,4,10,28.6
Tajon Buchanan, CAN,"DF,MF",Club Brugge,23,1999,5.8,2,0,0,4,14,2,12,0,4,0,0,0,27,5,5,50.0
Mario Götze, GER,"MF,FW",Eint Frankfurt,30,1992,5.8,2,0,0,7,10,1,12,3,3,0,0,0,33,1,4,20.0
Luka Ivanušec, CRO,MF,Dinamo Zagreb,23,1998,5.8,2,0,0,8,3,0,4,6,2,0,0,0,35,4,3,57.1
Steven Bergwijn, NED,FW,Ajax,24,1997,5.8,1,0,0,7,3,3,3,1,1,0,0,0,23,1,4,20.0
Josip Mišić, CRO,MF,Dinamo Zagreb,28,1994,5.8,1,0,0,13,4,0,3,8,6,0,0,0,30,5,3,62.5
Reinildo Mandava, MOZ,DF,Atlético Madrid,28,1994,5.7,2,0,0,4,5,0,5,5,8,0,0,0,43,10,8,55.6
Mykhailo Mudryk, UKR,MF,Shakhtar,21,2001,5.7,2,0,0,5,9,5,21,0,1,0,0,0,24,0,9,0.0
Matheus Reis, BRA,DF,Sporting CP,27,1995,5.7,2,0,0,6,5,0,0,3,7,0,0,0,21,2,7,22.2
Randal Kolo Muani, FRA,FW,Eint Frankfurt,23,1998,5.7,1,1,0,11,7,8,4,2,4,0,0,0,18,10,19,34.5
Mathías Olivera, URU,DF,Napoli,24,1997,5.7,1,0,0,6,7,0,7,5,13,0,0,0,42,9,15,37.5
Mohamed Simakan, FRA,DF,RB Leipzig,22,2000,5.7,1,0,0,6,16,0,9,12,9,0,0,0,30,11,3,78.6
Evanilson, BRA,FW,Porto,22,1999,5.7,0,0,0,5,15,6,1,1,3,0,0,0,23,13,18,41.9
Lukáš Hejda, CZE,DF,Viktoria Plzeň,32,1990,5.7,0,0,0,6,1,0,1,7,3,0,0,0,10,6,7,46.2
Jutglà, ESP,FW,Club Brugge,23,1999,5.7,0,0,0,4,4,2,1,0,1,1,0,0,14,3,12,20.0
Clément Lenglet, FRA,DF,Tottenham,27,1995,5.6,3,0,0,12,5,0,5,7,8,0,0,0,31,9,8,52.9
Rodrigo Bentancur, URU,"MF,FW",Tottenham,25,1997,5.6,2,0,0,8,3,0,3,5,7,0,0,0,41,6,10,37.5
Timo Werner, GER,FW,RB Leipzig,26,1996,5.6,1,0,0,2,2,5,3,0,0,0,0,0,13,0,0,
Moussa Diaby, FRA,"FW,MF",Leverkusen,23,1999,5.6,0,0,0,3,2,1,16,0,2,0,0,0,21,0,5,0.0
Ryan Kent, ENG,"FW,MF",Rangers,25,1996,5.6,0,0,0,0,11,3,9,1,3,0,0,0,24,1,7,12.5
Simon Kjær, DEN,DF,Milan,33,1989,5.6,0,0,0,5,0,0,0,6,4,0,0,0,25,6,8,42.9
Jesper Lindstrøm, DEN,"MF,FW",Eint Frankfurt,22,2000,5.6,0,0,0,8,11,1,10,2,2,0,0,0,32,1,4,20.0
Riyad Mahrez, ALG,"FW,MF",Manchester City,31,1991,5.6,0,0,0,4,9,2,20,1,5,1,0,0,20,1,2,33.3
Abakar Sylla, CIV,DF,Club Brugge,19,2002,5.5,4,0,0,10,1,0,1,7,2,0,1,0,30,7,6,53.8
Davide Calabria, ITA,DF,Milan,25,1996,5.5,2,0,0,6,4,0,12,15,10,0,0,0,32,3,1,75.0
Nemanja Gudelj, SRB,"DF,MF",Sevilla,30,1991,5.5,2,0,0,4,4,0,0,2,2,0,0,0,22,13,7,65.0
Luděk Pernica, CZE,DF,Viktoria Plzeň,32,1990,5.5,2,0,0,4,0,0,0,3,4,0,0,0,16,9,9,50.0
Leonardo Balerdi, ARG,DF,Marseille,23,1999,5.5,1,0,0,4,2,0,1,13,6,0,0,0,49,16,7,69.6
Lukáš Kalvach, CZE,MF,Viktoria Plzeň,27,1995,5.5,1,0,0,9,4,0,23,14,5,0,0,0,46,7,2,77.8
Maurits Kjærgaard, DEN,MF,RB Salzburg,19,2003,5.5,0,0,0,6,1,0,19,4,11,0,0,0,43,0,1,0.0
Viktor Claesson, SWE,"FW,MF",FC Copenhagen,30,1992,5.4,2,0,0,6,5,1,0,9,8,0,0,0,41,8,14,36.4
Jordan Veretout, FRA,MF,Marseille,29,1993,5.4,2,0,0,9,5,1,15,2,9,0,0,0,34,5,6,45.5
Artem Bondarenko, UKR,MF,Shakhtar,21,2000,5.4,1,0,0,6,3,0,2,7,4,0,0,1,29,1,3,25.0
Mislav Oršić, CRO,FW,Dinamo Zagreb,29,1992,5.4,1,0,0,2,5,1,16,2,4,0,0,0,16,0,4,0.0
Bruno Petković, CRO,FW,Dinamo Zagreb,27,1994,5.4,1,0,0,10,18,0,1,2,5,0,0,0,16,23,31,42.6
James Tavernier, ENG,DF,Rangers,30,1991,5.4,1,0,0,5,1,0,22,6,5,0,0,0,32,7,8,46.7
Victor Bernth Kristiansen, DEN,"DF,MF",FC Copenhagen,19,2002,5.4,0,0,0,5,3,0,18,6,6,0,0,0,23,2,3,40.0
Matt O'Riley, DEN,MF,Celtic,21,2000,5.3,2,0,0,9,3,0,11,11,7,0,1,0,27,3,3,50.0
Julián Álvarez, ARG,FW,Manchester City,22,2000,5.3,1,0,0,9,2,2,8,2,3,0,0,0,10,4,2,66.7
Frantzdy Pierrot, HAI,FW,Maccabi Haifa,27,1995,5.3,1,0,0,7,6,10,2,1,1,0,0,0,11,16,12,57.1
Jonathan Tah, GER,DF,Leverkusen,26,1996,5.3,1,0,0,5,0,1,0,2,6,0,0,0,44,10,4,71.4
Julian Brandt, GER,"MF,FW",Dortmund,26,1996,5.3,0,0,0,6,2,0,18,2,3,0,0,0,24,4,6,40.0
Raphaël Guerreiro, POR,DF,Dortmund,28,1993,5.3,0,0,0,3,8,0,10,10,4,0,0,0,26,3,4,42.9
Heorhii Sudakov, UKR,MF,Shakhtar,19,2002,5.3,0,0,0,3,5,0,1,6,6,0,0,0,22,1,0,100.0
Arijan Ademi, MKD,MF,Dinamo Zagreb,31,1991,5.2,2,0,0,3,3,0,0,3,11,0,0,0,21,8,4,66.7
Neta Lavi, ISR,MF,Maccabi Haifa,25,1996,5.2,2,0,0,9,3,0,2,9,17,0,0,0,39,3,1,75.0
Manuel Ugarte Ribeiro, URU,MF,Sporting CP,21,2001,5.2,2,0,0,16,11,0,1,13,17,0,0,0,43,6,4,60.0
Borna Barišić, CRO,DF,Rangers,29,1992,5.2,1,0,0,2,2,1,27,3,3,0,1,0,21,2,4,33.3
Noah Okafor, SUI,FW,RB Salzburg,22,2000,5.2,1,0,0,5,4,0,4,0,0,0,0,0,11,2,5,28.6
Hirving Lozano, MEX,FW,Napoli,27,1995,5.2,0,0,0,7,7,3,20,2,6,0,0,0,26,2,5,28.6
Nahuel Molina, ARG,"DF,MF",Atlético Madrid,24,1998,5.2,0,0,0,5,4,1,38,1,3,0,0,0,26,2,10,16.7
Valentin Rongier, FRA,MF,Marseille,27,1994,5.2,0,0,0,14,4,0,1,8,6,0,0,0,39,3,4,42.9
Steven Berghuis, NED,"MF,FW",Ajax,30,1991,5.1,1,0,0,3,4,2,24,4,9,0,0,0,23,1,2,33.3
Callum Hudson-Odoi, ENG,FW,Leverkusen,21,2000,5.1,0,0,0,0,6,1,11,3,1,0,0,0,21,1,0,100.0
Adam Vlkanova, CZE,MF,Viktoria Plzeň,27,1994,5.1,0,0,0,6,9,1,14,2,2,0,0,0,35,4,3,57.1
Axel Witsel, BEL,"DF,MF",Atlético Madrid,33,1989,5.1,0,0,0,2,3,0,0,3,3,0,0,0,29,13,8,61.9
David Carmo, POR,DF,Porto,23,1999,5.0,3,0,0,4,2,0,2,4,2,0,2,0,11,6,5,54.5
Piero Hincapié, ECU,DF,Leverkusen,20,2002,5.0,3,0,0,7,7,0,6,6,11,0,1,0,37,4,7,36.4
John Lundstram, ENG,"MF,DF",Rangers,28,1994,5.0,3,0,0,9,4,0,2,9,3,0,0,0,41,4,4,50.0
Carmona, ESP,DF,Sevilla,20,2002,5.0,2,0,0,4,4,0,10,3,4,0,0,0,13,3,4,42.9
Lukas Lerager, DEN,MF,FC Copenhagen,29,1993,5.0,2,0,0,9,2,0,4,14,4,0,0,0,21,12,5,70.6
Reo Hatate, JPN,MF,Celtic,24,1997,5.0,1,0,0,2,4,0,1,3,1,0,0,0,39,1,3,25.0
Kudus Mohammed, GHA,FW,Ajax,21,2000,5.0,1,0,0,12,4,8,2,5,2,0,0,0,18,6,15,28.6
Dylan Batubinsika, COD,DF,Maccabi Haifa,26,1996,5.0,0,0,0,3,0,0,0,10,1,0,0,0,28,10,4,71.4
Allan McGregor, SCO,GK,Rangers,40,1982,5.0,0,0,0,0,0,0,0,0,0,0,0,0,6,0,0,
Jan Oblak, SVN,GK,Atlético Madrid,29,1993,5.0,0,0,0,0,0,0,0,0,0,0,0,0,4,0,0,
Danilo Pereira, POR,"DF,MF",Paris S-G,30,1991,5.0,0,0,0,1,3,2,0,6,7,0,0,1,40,5,5,50.0
Adrien Rabiot, FRA,MF,Juventus,27,1995,5.0,0,0,0,10,5,1,8,5,8,0,0,0,34,8,3,72.7
Patrik Schick, CZE,FW,Leverkusen,26,1996,5.0,0,0,0,4,3,3,0,1,2,0,0,0,12,13,14,48.1
Jindřich Staněk, CZE,GK,Viktoria Plzeň,26,1996,5.0,0,0,0,0,0,0,0,0,0,0,0,0,6,0,0,
Ciprian Tătărușanu, ROU,GK,Milan,36,1986,5.0,0,0,0,0,1,0,0,0,0,0,0,0,7,2,0,100.0
Marc-André ter Stegen, GER,GK,Barcelona,30,1992,5.0,0,0,0,0,0,0,0,0,0,0,0,0,8,1,0,100.0
Mason Mount, ENG,MF,Chelsea,23,1999,4.9,3,0,0,8,7,1,21,4,6,1,0,0,31,4,5,44.4
David Neres, BRA,"FW,MF",Benfica,25,1997,4.9,2,0,0,8,8,3,21,1,7,0,0,0,24,1,2,33.3
Mohammed Daramy, DEN,FW,FC Copenhagen,20,2002,4.9,1,0,0,2,5,4,5,4,1,0,0,0,16,2,0,100.0
Leonardo Bonucci, ITA,DF,Juventus,35,1987,4.9,0,0,0,6,1,0,1,2,0,0,0,0,30,6,5,54.5
Trevoh Chalobah, ENG,DF,Chelsea,23,1999,4.9,0,0,0,1,3,0,0,5,6,0,0,0,24,10,3,76.9
Robert Lewandowski, POL,FW,Barcelona,33,1988,4.9,0,0,0,5,10,2,6,1,4,0,0,0,11,12,7,63.2
Nuno Mendes, POR,"DF,MF",Paris S-G,20,2002,4.9,0,0,0,6,9,2,12,1,7,0,0,0,21,2,3,40.0
Nacho, ESP,DF,Real Madrid,32,1990,4.9,0,0,0,5,6,1,0,17,5,0,0,0,32,7,3,70.0
Jhon Mosquera, COL,"FW,MF",Viktoria Plzeň,32,1990,4.8,3,0,0,7,8,0,10,4,6,0,0,0,26,22,16,57.9
Dušan Tadić, SRB,FW,Ajax,33,1988,4.8,2,1,1,9,6,2,10,0,3,0,0,0,27,3,5,37.5
Davit Khocholava, GEO,DF,FC Copenhagen,29,1993,4.8,1,1,0,6,0,0,0,10,1,0,0,1,14,10,8,55.6
Odilon Kossonou, CIV,DF,Leverkusen,21,2001,4.8,1,0,0,7,2,0,2,4,6,0,1,0,31,9,7,56.3
Juan Cuadrado, COL,"DF,MF",Juventus,34,1988,4.8,0,0,0,4,17,1,24,8,7,0,1,0,30,2,4,33.3
Filip Kostić, SRB,"DF,FW",Juventus,29,1992,4.8,0,0,0,3,3,0,41,0,4,0,0,0,24,1,1,50.0
Eric Maxim Choupo-Moting, CMR,FW,Bayern Munich,33,1989,4.8,0,0,0,4,4,5,0,1,4,0,0,0,14,8,11,42.1
Aurélien Tchouaméni, FRA,MF,Real Madrid,22,2000,4.8,0,0,0,5,5,0,0,7,7,0,0,0,37,6,5,54.5
Danilo, BRA,DF,Juventus,31,1991,4.7,3,0,0,4,1,0,8,7,2,0,0,0,18,6,3,66.7
Enzo Fernández, ARG,MF,Benfica,21,2001,4.7,3,0,0,15,4,0,9,9,7,0,0,0,37,1,1,50.0
Robin Gosens, GER,DF,Inter,28,1994,4.7,1,0,0,7,3,0,12,5,13,0,0,0,23,5,9,35.7
Victor Osimhen, NGA,FW,Napoli,23,1998,4.7,1,0,0,5,10,9,3,1,2,2,0,0,7,16,8,66.7
Milan Havel, CZE,DF,Viktoria Plzeň,27,1994,4.7,0,0,0,0,1,0,10,4,5,0,0,0,12,4,0,100.0
Marc Cucurella, ESP,DF,Chelsea,24,1998,4.6,2,0,0,6,6,2,13,8,9,0,0,0,40,7,4,63.6
Yukhym Konoplia, UKR,DF,Shakhtar,22,1999,4.6,2,0,0,10,5,0,5,2,7,0,0,0,21,2,5,28.6
Kenneth Taylor, NED,MF,Ajax,20,2002,4.6,2,0,0,7,1,0,6,4,3,0,0,0,19,1,1,50.0
Jonathan Clauss, FRA,DF,Marseille,29,1992,4.6,1,0,0,1,1,0,12,5,1,0,0,0,19,0,2,0.0
Ousmane Dembélé, FRA,FW,Barcelona,25,1997,4.6,1,0,0,5,6,2,51,2,7,0,0,0,16,2,1,66.7
Mattéo Guendouzi, FRA,MF,Marseille,23,1999,4.6,1,0,0,2,6,0,5,6,3,0,0,0,26,1,3,25.0
Roberto Firmino, BRA,"FW,MF",Liverpool,30,1991,4.6,0,0,0,7,0,0,1,6,2,0,0,0,20,8,7,53.3
Jorginho, ITA,MF,Chelsea,30,1991,4.6,0,0,0,3,10,0,1,11,6,0,0,0,37,2,3,40.0
Ivan Rakitić, CRO,MF,Sevilla,34,1988,4.6,0,0,0,2,6,0,4,4,4,0,0,0,28,3,5,37.5
Alexis Sánchez, CHI,FW,Marseille,33,1988,4.6,0,0,0,7,10,15,5,0,3,0,0,0,8,1,7,12.5
Dušan Vlahović, SRB,FW,Juventus,22,2000,4.6,0,0,0,4,4,4,2,0,1,0,0,0,10,3,9,25.0
Robert Andrich, GER,MF,Leverkusen,27,1994,4.5,4,0,0,15,2,0,0,5,7,0,0,0,25,5,3,62.5
Sadegh Moharrami, IRN,"FW,DF",Dinamo Zagreb,26,1996,4.5,2,0,0,5,8,0,15,0,3,0,1,0,21,1,0,100.0
Matteo Politano, ITA,FW,Napoli,28,1993,4.5,2,0,0,4,5,1,25,1,6,0,0,0,28,3,3,50.0
José María Giménez, URU,DF,Atlético Madrid,27,1995,4.5,1,0,0,4,2,0,1,6,3,0,0,0,20,8,9,47.1
Marcos Alonso, ESP,DF,Barcelona,31,1990,4.5,0,0,0,3,2,0,12,6,2,0,0,0,42,8,5,61.5
Pierre-Emerick Aubameyang, GAB,FW,Chelsea,33,1989,4.5,0,0,0,4,2,4,3,0,0,0,0,0,9,3,3,50.0
Daley Blind, NED,DF,Ajax,32,1990,4.5,0,0,0,4,0,1,4,4,10,0,0,0,20,7,6,53.8
Chiquinho, POR,MF,Benfica,27,1995,4.5,0,0,0,3,7,1,12,7,6,0,0,0,32,3,6,33.3
Emil Forsberg, SWE,"MF,FW",RB Leipzig,30,1991,4.5,0,0,0,6,7,2,2,1,4,0,0,0,15,0,2,0.0
Antoine Griezmann, FRA,"FW,MF",Atlético Madrid,31,1991,4.5,0,0,0,3,4,6,20,2,5,0,0,0,17,4,7,36.4
Chancel Mbemba, COD,DF,Marseille,27,1994,4.5,0,1,0,2,3,0,9,4,6,0,0,0,24,5,4,55.6
Alexander Meyer, GER,GK,Dortmund,31,1991,4.5,0,0,0,0,0,0,0,0,0,0,0,0,12,0,0,
Pedri, ESP,"MF,FW",Barcelona,19,2002,4.5,0,0,0,1,7,0,3,5,2,0,0,0,24,1,0,100.0
Noussair Mazraoui, MAR,DF,Bayern Munich,24,1997,4.4,2,0,0,10,3,0,8,3,9,0,0,0,32,8,12,40.0
Abdoulaye Seck, SEN,DF,Maccabi Haifa,30,1992,4.4,2,0,0,3,1,0,0,4,7,0,0,0,39,15,3,83.3
Luka Sučić, CRO,MF,RB Salzburg,19,2002,4.4,2,0,0,4,1,0,3,4,3,0,0,0,29,2,8,20.0
Mohammad Abu Fani, ISR,MF,Maccabi Haifa,24,1998,4.4,1,0,0,13,12,0,2,3,6,0,0,0,35,0,3,0.0
Sebastián Coates, URU,DF,Sporting CP,31,1990,4.4,1,0,0,2,1,0,0,6,3,0,1,0,20,6,5,54.5
Harvey Elliott, ENG,MF,Liverpool,19,2003,4.4,1,0,0,5,5,0,5,5,5,0,0,0,30,2,4,33.3
Wesley Fofana, FRA,DF,Chelsea,21,2000,4.4,1,0,0,10,2,0,1,4,9,0,0,0,36,11,7,61.1
Darwin Núñez, URU,FW,Liverpool,23,1999,4.4,1,0,0,11,2,5,11,1,3,0,0,0,15,4,12,25.0
Pedro Porro, ESP,"DF,MF",Sporting CP,22,1999,4.4,1,0,0,4,7,0,22,4,10,0,0,0,23,1,3,25.0
Ben Davies, WAL,DF,Tottenham,29,1993,4.4,0,0,0,6,3,2,2,5,6,0,0,0,17,7,2,77.8
Isco, ESP,"MF,FW",Sevilla,30,1992,4.4,0,0,0,3,14,0,4,5,3,0,0,0,25,5,6,45.5
Phil Foden, ENG,"MF,FW",Manchester City,22,2000,4.3,1,0,0,4,9,2,22,5,4,0,0,0,19,1,6,14.3
Mário Rui, POR,DF,Napoli,31,1991,4.3,1,0,0,7,5,0,16,7,6,0,1,0,30,4,11,26.7
Gio Reyna, USA,"FW,MF",Dortmund,19,2002,4.3,0,0,0,2,7,3,11,3,2,0,0,0,15,6,7,46.2
Alex Telles, BRA,"DF,FW",Sevilla,29,1992,4.3,0,0,0,3,7,0,27,4,4,0,0,0,15,7,7,50.0
Francisco Trincão, POR,"MF,FW",Sporting CP,22,1999,4.3,0,0,0,2,3,1,5,2,4,0,0,0,16,1,9,10.0
Jeremie Frimpong, NED,"MF,FW",Leverkusen,21,2000,4.2,2,1,1,4,7,1,10,5,5,0,0,0,21,6,9,40.0
Karim Adeyemi, GER,"FW,MF",Dortmund,20,2002,4.2,1,0,0,7,6,0,6,2,1,0,0,0,21,1,6,14.3
João Cancelo, POR,DF,Manchester City,28,1994,4.2,1,0,0,5,3,2,24,3,7,0,0,0,28,3,2,60.0
Andreas Ulmer, AUT,DF,RB Salzburg,36,1985,4.2,1,0,0,4,2,0,11,4,1,1,0,0,28,3,1,75.0
Antonio Adán, ESP,GK,Sporting CP,35,1987,4.2,0,1,0,1,0,0,0,0,0,0,0,0,8,0,1,0.0
Amine Harit, MAR,MF,Marseille,25,1997,4.2,0,0,0,4,11,2,13,3,0,1,0,0,19,3,5,37.5
Leon King, SCO,DF,Rangers,18,2004,4.2,0,0,0,1,1,0,1,5,5,0,1,0,14,4,6,40.0
Andrew Robertson, SCO,DF,Liverpool,28,1994,4.2,0,0,0,0,0,0,32,2,0,0,0,0,24,4,3,57.1
Pierre Cornud, FRA,DF,Maccabi Haifa,25,1996,4.1,1,0,0,2,2,0,21,3,4,0,0,0,16,5,3,62.5
Stefan Ristovski, MKD,DF,Dinamo Zagreb,30,1992,4.1,1,0,0,2,7,0,13,6,2,0,0,0,18,0,1,0.0
Alexis Saelemaekers, BEL,"FW,DF",Milan,23,1999,4.1,1,0,0,8,5,0,13,4,4,0,0,0,18,6,2,75.0
Oleksandr Zubkov, UKR,"FW,MF",Shakhtar,25,1996,4.1,1,0,0,4,7,0,0,4,4,0,0,0,19,2,4,33.3
Thomas Müller, GER,"MF,FW",Bayern Munich,32,1989,4.1,0,0,0,6,3,2,3,2,3,0,0,0,29,7,17,29.2
Tanguy Ndombele, FRA,MF,Napoli,25,1996,4.1,0,0,0,2,9,0,1,5,1,0,0,0,31,7,3,70.0
Richarlison, BRA,"MF,FW",Tottenham,25,1997,4.1,0,0,0,5,9,3,1,2,1,0,0,0,21,4,10,28.6
Tomáš Chorý, CZE,FW,Viktoria Plzeň,27,1995,4.0,2,0,0,9,7,3,0,1,1,1,0,0,5,18,14,56.3
Pedro Gonçalves, POR,"MF,FW",Sporting CP,24,1998,4.0,2,1,1,11,4,0,4,3,4,0,0,0,21,1,4,20.0
Václav Jemelka, CZE,DF,Viktoria Plzeň,27,1995,4.0,2,0,0,2,2,1,4,5,7,0,0,0,14,1,3,25.0
Yassine Bounou, MAR,GK,Sevilla,31,1991,4.0,1,0,0,0,0,0,0,0,0,0,0,0,7,0,0,
Fábio Cardoso, POR,DF,Porto,28,1994,4.0,1,0,0,4,1,0,1,3,3,0,0,0,19,8,10,44.4
Kyogo Furuhashi, JPN,FW,Celtic,27,1995,4.0,1,0,0,5,2,0,3,0,0,0,0,0,5,1,4,20.0
Weston McKennie, USA,MF,Juventus,23,1998,4.0,1,0,0,6,2,1,3,5,3,0,0,0,15,3,6,33.3
Bohdan Mykhaylychenko, UKR,DF,Shakhtar,25,1997,4.0,1,0,0,5,2,0,5,7,2,0,0,0,16,4,1,80.0
Denis Vavro, SVK,DF,FC Copenhagen,26,1996,4.0,1,0,0,2,1,0,1,7,1,0,0,0,16,5,1,83.3
Pavel Bucha, CZE,MF,Viktoria Plzeň,24,1998,4.0,0,1,0,1,0,0,4,2,3,0,0,0,24,1,3,25.0
Cameron Carter-Vickers, USA,DF,Celtic,24,1997,4.0,0,0,0,1,1,0,0,4,2,0,0,0,16,6,3,66.7
Kamil Grabara, POL,GK,FC Copenhagen,23,1999,4.0,0,0,0,0,0,0,0,0,0,0,0,0,1,1,0,100.0
Ali Mohamed, NIG,MF,Maccabi Haifa,26,1995,4.0,0,0,0,5,4,1,1,7,2,0,0,0,35,0,0,
Pepe, POR,DF,Porto,39,1983,4.0,0,0,0,0,5,1,0,6,4,0,0,0,22,6,4,60.0
Yann Sommer, SUI,GK,Bayern Munich,33,1988,4.0,0,0,0,0,1,0,0,0,0,0,0,0,3,2,0,100.0
Wojciech Szczęsny, POL,GK,Juventus,32,1990,4.0,0,0,0,0,0,0,0,0,0,0,0,0,5,0,0,
Josip Stanišić, CRO,DF,Bayern Munich,22,2000,3.9,2,0,0,6,2,0,2,4,7,0,0,0,27,1,5,16.7
Ferland Mendy, FRA,DF,Real Madrid,27,1995,3.9,1,0,0,3,4,0,2,3,2,0,1,0,22,1,0,100.0
Thomas Meunier, BEL,DF,Dortmund,30,1991,3.9,1,0,0,6,1,0,11,6,7,0,0,0,30,2,3,40.0
Leandro Paredes, ARG,MF,Juventus,28,1994,3.9,1,0,0,4,4,0,10,3,3,0,0,0,23,2,0,100.0
Marcus Edwards, ENG,"FW,MF",Sporting CP,23,1998,3.9,0,0,0,2,5,1,6,1,0,0,0,0,16,1,2,33.3
Edmond Tapsoba, BFA,DF,Leverkusen,23,1999,3.9,0,0,0,3,2,0,0,4,5,0,0,0,27,3,4,42.9
Mitchel Bakker, NED,"MF,DF",Leverkusen,22,2000,3.8,2,0,0,6,2,1,6,4,5,1,0,0,30,5,1,83.3
Amadou Haidara, MLI,MF,RB Leipzig,24,1998,3.8,1,0,0,2,2,0,0,10,9,0,0,0,37,3,4,42.9
Arkadiusz Milik, POL,FW,Juventus,28,1994,3.8,1,0,0,4,5,5,3,1,1,0,0,0,10,3,6,33.3
Anthony Modeste, FRA,FW,Dortmund,34,1988,3.8,1,0,0,5,4,1,3,0,0,0,0,0,7,6,7,46.2
Kostas Tsimikas, GRE,DF,Liverpool,26,1996,3.8,1,0,0,6,8,0,44,2,3,0,0,0,23,4,9,30.8
Serge Gnabry, GER,"FW,MF",Bayern Munich,27,1995,3.8,0,0,0,4,0,5,4,0,3,0,0,0,7,0,3,0.0
Gavi, ESP,MF,Barcelona,17,2004,3.7,2,0,0,5,8,1,7,5,6,0,0,0,20,5,5,50.0
Hidemasa Morita, JPN,MF,Sporting CP,27,1995,3.7,2,0,0,6,2,0,0,2,1,0,0,0,17,4,3,57.1
Enzo Fernández, ARG,MF,Chelsea,21,2001,3.7,1,0,0,4,4,0,5,1,7,0,0,0,28,4,5,44.4
Koke, ESP,MF,Atlético Madrid,30,1992,3.7,1,0,0,7,4,0,3,1,1,0,0,0,15,4,0,100.0
Daizen Maeda, JPN,FW,Celtic,24,1997,3.7,1,0,0,7,2,1,6,7,3,0,0,0,12,5,3,62.5
Kevin Diks, NED,DF,FC Copenhagen,25,1996,3.7,0,0,0,5,1,0,2,4,7,0,0,0,14,8,3,72.7
Benjamin Šeško, SVN,FW,RB Salzburg,19,2003,3.7,0,0,0,5,3,2,1,0,1,0,0,0,14,9,16,36.0
James Sands, USA,"DF,MF",Rangers,22,2000,3.6,2,1,1,8,2,0,0,4,3,0,1,0,13,6,1,85.7
Marco Asensio, ESP,"FW,MF",Real Madrid,26,1996,3.6,0,0,0,0,3,0,11,5,0,0,0,0,10,1,1,50.0
Daniel Sundgren, SWE,DF,Maccabi Haifa,31,1990,3.6,0,0,0,1,3,0,4,5,8,0,0,0,26,3,1,75.0
Lucas Gourna-Douath, FRA,MF,RB Salzburg,18,2003,3.5,2,0,0,8,10,0,1,4,6,0,0,0,44,5,2,71.4
Mats Hummels, GER,DF,Dortmund,33,1988,3.5,1,0,0,1,3,0,0,7,5,0,0,0,18,3,3,50.0
Lucas Taylor, BRA,DF,Shakhtar,27,1995,3.5,1,0,0,5,4,0,2,3,2,0,0,0,17,1,3,25.0
Ángel Correa, ARG,"FW,MF",Atlético Madrid,27,1995,3.5,0,0,0,3,4,4,8,0,0,0,0,0,8,1,3,25.0
Connor Goldson, ENG,DF,Rangers,29,1992,3.5,0,0,0,1,4,0,0,5,3,0,0,0,14,1,1,50.0
Gregor Kobel, SUI,GK,Dortmund,24,1997,3.5,0,0,0,0,2,0,0,0,0,0,0,0,5,1,0,100.0
Junior Messias, BRA,"FW,DF",Milan,31,1991,3.5,0,0,0,5,2,2,9,3,3,0,0,0,16,2,10,16.7
Omer Atzili, ISR,"FW,MF",Maccabi Haifa,29,1993,3.4,3,0,0,10,4,1,15,3,3,0,0,0,10,0,3,0.0
Eric Bailly, CIV,DF,Marseille,28,1994,3.4,2,0,0,4,4,0,0,15,5,0,0,0,26,5,4,55.6
Valdemar Jensen, DEN,DF,FC Copenhagen,19,2003,3.4,1,0,0,4,2,0,0,5,5,0,0,0,19,4,2,66.7
Thiago Alcántara, ESP,MF,Liverpool,31,1991,3.4,0,0,0,4,6,0,2,7,8,0,0,0,35,3,2,60.0
Joaquín Correa, ARG,FW,Inter,27,1994,3.4,0,0,0,3,4,3,0,0,1,0,0,0,12,1,4,20.0
Sergio Gómez, ESP,"DF,MF",Manchester City,21,2000,3.4,0,1,0,3,1,0,15,2,1,0,0,0,11,6,4,60.0
Conor Gallagher, ENG,MF,Chelsea,22,2000,3.3,2,0,0,5,6,0,10,5,6,0,0,0,18,3,1,75.0
Joe Gomez, ENG,DF,Liverpool,25,1997,3.3,1,0,0,6,1,0,2,5,2,0,0,0,33,7,0,100.0
Nuno Santos, POR,"DF,MF",Sporting CP,27,1995,3.3,1,0,0,2,6,0,12,2,5,0,0,0,12,1,4,20.0
Stefan de Vrij, NED,DF,Inter,30,1992,3.3,1,0,0,4,0,0,0,4,4,0,0,0,7,2,3,40.0
Hákon Arnar Haraldsson, ISL,FW,FC Copenhagen,19,2003,3.3,0,0,0,4,8,1,3,0,3,0,0,0,16,0,9,0.0
Ansgar Knauff, GER,"DF,FW",Eint Frankfurt,20,2002,3.3,0,0,0,6,2,0,4,6,6,0,0,0,24,1,4,20.0
Álvaro Morata, ESP,FW,Atlético Madrid,29,1992,3.3,0,0,0,6,6,4,2,0,0,0,0,0,6,3,2,60.0
Raphinha, BRA,FW,Barcelona,25,1996,3.3,0,0,0,5,2,1,30,4,7,0,0,0,16,1,1,50.0
Sebastian Rode, GER,MF,Eint Frankfurt,31,1990,3.3,0,0,0,5,5,0,2,3,5,0,0,0,21,1,1,50.0
Andreas Skov Olsen, DEN,"FW,MF",Club Brugge,22,1999,3.3,0,0,0,0,3,2,20,0,2,0,0,0,11,2,2,50.0
Sergio Busquets, ESP,MF,Barcelona,34,1988,3.2,3,0,0,4,9,0,0,4,8,0,0,0,23,7,2,77.8
Elif Elmas, MKD,"FW,MF",Napoli,22,1999,3.2,1,0,0,5,5,0,1,0,1,0,0,0,23,0,2,0.0
Noa Lang, NED,FW,Club Brugge,23,1999,3.2,1,0,0,3,6,1,20,0,3,0,0,0,10,0,4,0.0
Aymeric Laporte, ESP,DF,Manchester City,28,1994,3.2,1,0,0,3,1,0,0,3,0,1,0,0,12,10,2,83.3
Devyne Rensch, NED,DF,Ajax,19,2003,3.2,1,0,0,2,1,0,1,4,9,0,0,0,17,4,2,66.7
Antonio Čolak, CRO,FW,Rangers,28,1993,3.2,0,0,0,3,3,4,1,1,0,0,0,0,7,6,14,30.0
Libor Holík, CZE,DF,Viktoria Plzeň,24,1998,3.2,0,0,0,1,4,0,15,4,1,0,0,0,10,0,1,0.0
Ísak Jóhannesson, ISL,"FW,MF",FC Copenhagen,19,2003,3.2,0,0,0,2,2,0,14,2,0,0,0,0,13,3,6,33.3
Jota, POR,FW,Celtic,23,1999,3.2,0,0,0,3,2,2,15,3,0,0,0,0,13,0,1,0.0
Ruben Loftus-Cheek, ENG,MF,Chelsea,26,1996,3.2,0,0,0,2,8,0,1,7,4,0,0,0,25,4,4,50.0
Marcel Sabitzer, AUT,MF,Bayern Munich,28,1994,3.1,3,0,0,5,8,0,1,5,8,0,0,0,22,5,4,55.6
Érik Lamela, ARG,"FW,MF",Sevilla,30,1992,3.1,2,0,0,5,0,1,3,2,1,0,0,0,10,2,1,66.7
Malick Thiaw, GER,DF,Milan,20,2001,3.1,2,0,0,8,3,0,0,10,4,0,0,0,15,7,5,58.3
Marko Grujić, SRB,MF,Porto,26,1996,3.1,1,0,0,6,2,0,2,4,5,0,0,0,16,12,9,57.1
Juan Bernat, ESP,DF,Paris S-G,29,1993,3.1,0,0,0,0,3,0,2,1,7,1,0,0,13,1,2,33.3
Jordan Henderson, ENG,MF,Liverpool,32,1990,3.1,0,0,0,2,1,0,2,3,2,0,0,0,21,0,2,0.0
Adam Hložek, CZE,"MF,FW",Leverkusen,20,2002,3.1,0,0,0,3,7,0,1,0,2,0,0,0,8,10,8,55.6
Saúl Ñíguez, ESP,"MF,DF",Atlético Madrid,27,1994,3.1,0,0,0,6,2,0,6,4,6,0,0,0,15,11,11,50.0
Kyle Walker, ENG,"DF,FW",Manchester City,32,1990,3.1,0,0,0,2,1,1,5,3,7,0,0,0,21,3,1,75.0
João Mário Lopes, POR,DF,Porto,22,2000,3.0,3,0,0,4,5,0,8,3,4,0,1,0,14,1,2,33.3
Stefan Savić, MNE,DF,Atlético Madrid,31,1991,3.0,3,0,0,2,1,0,1,2,1,0,0,0,13,6,4,60.0
Marko Stamenic, NZL,MF,FC Copenhagen,20,2002,3.0,3,0,0,9,1,0,0,3,1,0,1,0,15,4,7,36.4
Nicolás Capaldo, ARG,MF,RB Salzburg,24,1997,3.0,2,0,0,10,2,0,5,4,4,0,0,0,20,3,6,33.3
Gleison Bremer, BRA,DF,Juventus,25,1997,3.0,1,0,0,4,2,0,0,5,3,0,0,0,17,5,5,50.0
Kerem Demirbay, GER,MF,Leverkusen,29,1993,3.0,1,0,0,9,4,1,28,3,5,0,0,0,24,1,1,50.0
Jorge Eduardo Sánchez, MEX,DF,Ajax,24,1997,3.0,1,0,0,4,1,0,3,2,4,0,0,0,14,1,1,50.0
Kevin Kampl, SVN,MF,RB Leipzig,31,1990,3.0,1,0,0,3,1,0,0,3,6,0,0,0,15,0,0,
Scott Arfield, CAN,MF,Rangers,33,1988,3.0,0,0,0,3,0,1,2,1,1,0,0,0,17,1,4,20.0
Bernardo, BRA,DF,RB Salzburg,27,1995,3.0,0,0,0,0,3,1,0,5,6,0,0,0,15,5,6,45.5
Yannick Carrasco, BEL,"DF,MF",Atlético Madrid,28,1993,3.0,0,0,0,3,0,2,23,1,4,0,0,0,14,0,2,0.0
Luis Díaz, COL,FW,Liverpool,25,1997,3.0,0,0,0,6,5,2,2,0,2,1,0,0,14,7,3,70.0
Erik Jirka, SVK,"FW,MF",Viktoria Plzeň,24,1997,3.0,0,0,0,2,5,0,4,7,0,0,0,0,16,1,5,16.7
Franck Kessié, CIV,MF,Barcelona,25,1996,3.0,0,0,0,7,8,0,6,2,2,0,0,0,18,2,4,33.3
Iván Marcano, ESP,DF,Porto,35,1987,3.0,0,0,0,1,0,0,1,4,1,0,0,1,15,7,6,53.8
Manuel Neuer, GER,GK,Bayern Munich,36,1986,3.0,0,0,0,0,1,0,0,0,0,0,0,0,0,0,0,
Oumar Solet, FRA,DF,RB Salzburg,22,2000,3.0,0,0,0,4,1,0,0,3,4,0,0,0,24,5,1,83.3
Sven Ulreich, GER,GK,Bayern Munich,33,1988,3.0,0,0,0,0,0,0,0,0,0,0,0,0,3,1,0,100.0
Makoto Hasebe, JPN,DF,Eint Frankfurt,38,1984,2.9,2,0,0,3,8,0,0,2,2,0,0,0,31,4,1,80.0
Ben Davies, ENG,DF,Rangers,26,1995,2.9,1,0,0,2,1,0,0,4,1,0,0,0,15,5,3,62.5
Joan Jordán, ESP,MF,Sevilla,28,1994,2.9,1,0,0,5,5,0,1,4,2,0,0,0,19,1,0,100.0
Ibrahima Konaté, FRA,DF,Liverpool,23,1999,2.9,1,0,0,7,4,0,0,1,5,0,0,0,10,7,2,77.8
César Azpilicueta, ESP,DF,Chelsea,32,1989,2.9,0,0,0,4,4,0,4,3,5,0,0,0,17,2,1,66.7
Diogo Jota, POR,"FW,MF",Liverpool,25,1996,2.9,0,0,0,3,5,1,2,0,2,0,0,0,11,6,4,60.0
Konrad Laimer, AUT,"MF,FW",RB Leipzig,25,1997,2.9,0,0,0,2,1,0,2,2,6,0,0,0,16,0,6,0.0
Gerard Piqué, ESP,DF,Barcelona,35,1987,2.9,0,0,0,1,1,0,0,3,2,0,0,0,9,8,4,66.7
Marco Reus, GER,"MF,FW",Dortmund,33,1989,2.9,0,0,0,4,1,1,4,3,2,0,0,0,14,1,1,50.0
Giovanni Simeone, ARG,FW,Napoli,27,1995,2.9,0,0,0,3,4,4,4,0,2,1,0,0,4,4,7,36.4
Rodrigo De Paul, ARG,MF,Atlético Madrid,28,1994,2.8,1,0,0,2,8,1,20,3,2,0,0,0,18,0,0,
Donyell Malen, NED,"FW,MF",Dortmund,23,1999,2.8,1,0,0,1,3,1,1,2,0,0,0,0,11,0,3,0.0
Alfredo Morelos, COL,FW,Rangers,26,1996,2.8,1,0,0,4,9,0,1,1,1,0,0,0,3,8,11,42.1
Giacomo Raspadori, ITA,FW,Napoli,22,2000,2.8,1,0,0,4,5,1,9,2,3,0,0,0,16,1,0,100.0
Steven Davis, NIR,MF,Rangers,37,1985,2.8,0,0,0,0,1,0,0,2,4,0,0,0,21,4,1,80.0
Samuel Gigot, FRA,DF,Marseille,28,1993,2.8,0,0,0,2,3,0,2,4,0,0,0,0,13,7,2,77.8
Ryan Gravenberch, NED,MF,Bayern Munich,20,2002,2.8,0,0,0,7,3,0,3,3,5,0,0,0,12,5,2,71.4
Ante Rebić, CRO,"FW,MF",Milan,28,1993,2.8,0,0,0,9,1,0,9,1,3,0,0,0,18,3,4,42.9
Junior Dina Ebimbe, FRA,"MF,DF",Eint Frankfurt,21,2000,2.7,1,0,0,9,4,0,3,1,6,0,0,0,19,2,5,28.6
Joël Matip, CMR,DF,Liverpool,30,1991,2.7,1,0,0,2,2,0,0,3,3,0,0,0,13,11,1,91.7
James Milner, ENG,MF,Liverpool,36,1986,2.7,1,0,0,7,4,0,7,2,9,0,1,0,18,2,1,66.7
Alex Sandro, BRA,DF,Juventus,31,1991,2.7,1,0,0,3,5,0,5,5,2,0,0,0,21,4,0,100.0
Youssef En-Nesyri, MAR,FW,Sevilla,25,1997,2.7,0,0,0,1,1,3,2,2,2,0,0,0,4,5,7,41.7
Ansu Fati, ESP,FW,Barcelona,19,2002,2.7,0,0,0,6,0,0,4,0,1,0,0,0,6,1,7,12.5
João Félix, POR,"FW,MF",Chelsea,22,1999,2.7,0,0,0,1,6,1,12,0,1,0,0,0,16,3,3,50.0
Lassina Franck Traoré, BFA,FW,Shakhtar,21,2001,2.7,0,0,0,4,4,3,0,0,0,0,0,0,3,5,5,50.0
Giorgos Giakoumakis, GRE,FW,Celtic,27,1994,2.7,0,0,0,8,4,0,0,4,3,0,0,0,13,6,3,66.7
Papu Gómez, ARG,"FW,MF",Sevilla,34,1988,2.7,0,0,0,2,5,0,6,3,2,0,0,0,7,0,3,0.0
Jules Koundé, FRA,DF,Barcelona,23,1998,2.7,0,0,0,0,1,0,2,3,3,0,0,0,19,6,7,46.2
Youssoufa Moukoko, GER,"FW,MF",Dortmund,17,2004,2.7,0,0,0,1,2,2,1,0,1,0,0,0,8,1,2,33.3
Malik Tillman, USA,MF,Rangers,20,2002,2.7,0,0,0,1,5,0,1,3,5,0,0,0,15,4,5,44.4
Charles De Ketelaere, BEL,"MF,FW",Milan,21,2001,2.6,1,0,0,5,1,0,3,3,1,0,0,0,12,2,4,33.3
Paulinho, POR,FW,Sporting CP,29,1992,2.6,1,0,0,4,9,1,0,0,2,0,0,0,11,7,6,53.8
Fabián Ruiz Peña, ESP,MF,Paris S-G,26,1996,2.6,1,0,0,4,4,0,0,1,1,0,0,0,16,2,4,33.3
Dean David, ISR,"FW,DF",Maccabi Haifa,26,1996,2.6,0,0,0,2,1,1,2,0,2,0,0,0,10,3,6,33.3
Thomas Delaney, DEN,MF,Sevilla,30,1991,2.6,0,0,0,2,4,0,1,1,2,0,0,0,14,4,1,80.0
Frenkie de Jong, NED,MF,Barcelona,25,1997,2.6,0,0,0,2,6,0,4,3,3,0,0,0,14,5,2,71.4
Fashion Sakala, ZAM,"FW,MF",Rangers,25,1997,2.6,0,0,0,2,6,2,8,2,3,0,0,0,4,4,5,44.4
Suso, ESP,"FW,MF",Sevilla,28,1993,2.6,0,0,0,2,6,1,4,1,2,0,0,0,3,1,0,100.0
Geoffrey Kondogbia, CTA,MF,Atlético Madrid,29,1993,2.5,2,0,0,3,3,0,2,7,4,0,0,0,30,3,4,42.9
Gonzalo Montiel, ARG,DF,Sevilla,25,1997,2.5,2,0,0,4,2,0,7,4,5,0,0,0,16,3,2,60.0
Christopher Lenz, GER,DF,Eint Frankfurt,27,1994,2.5,1,0,0,7,1,1,9,4,2,0,0,0,10,2,1,66.7
Manuel Locatelli, ITA,MF,Juventus,24,1998,2.5,1,0,0,4,2,1,6,2,5,0,0,0,20,2,6,25.0
Rafael Borré, COL,FW,Eint Frankfurt,26,1995,2.5,0,0,0,5,6,3,2,0,1,0,0,0,11,5,9,35.7
Abdou Diallo, SEN,"DF,MF",RB Leipzig,26,1996,2.5,0,0,0,0,2,0,1,1,2,0,0,0,14,4,4,50.0
Eric García, ESP,DF,Barcelona,21,2001,2.5,0,0,0,2,0,1,2,4,2,0,0,0,13,1,2,33.3
Sead Haksabanović, MNE,"MF,FW",Celtic,23,1999,2.5,0,0,0,2,7,0,18,2,3,0,0,0,12,1,1,50.0
Marcão, BRA,DF,Sevilla,26,1996,2.5,0,0,0,2,4,0,0,1,5,0,0,0,10,1,1,50.0
Jesús Navas, ESP,"DF,MF",Sevilla,36,1985,2.5,0,0,0,0,3,2,10,5,1,0,0,0,7,3,1,75.0
Fabio Miretti, ITA,"MF,FW",Juventus,18,2003,2.4,2,0,0,4,3,0,5,0,2,0,1,0,13,2,3,40.0
Liel Abada, ISR,"FW,MF",Celtic,20,2001,2.4,0,0,0,0,3,1,10,2,1,1,0,0,7,0,3,0.0
Marcos Acuña, ARG,"DF,MF",Sevilla,30,1991,2.4,0,0,0,8,0,0,9,2,5,0,0,0,17,3,1,75.0
Charles Aránguiz, CHI,MF,Leverkusen,33,1989,2.4,0,0,0,3,0,0,0,2,2,0,0,0,13,4,4,50.0
Andreas Christensen, DEN,DF,Barcelona,26,1996,2.4,0,0,0,2,2,0,0,3,1,0,0,0,13,4,0,100.0
João Félix, POR,FW,Atlético Madrid,22,1999,2.4,0,0,0,1,10,1,6,0,0,0,0,0,10,3,0,100.0
Davy Klaassen, NED,MF,Ajax,29,1993,2.4,0,0,0,0,2,1,1,0,0,0,0,0,8,1,4,20.0
Marcos Llorente, ESP,"MF,FW",Atlético Madrid,27,1995,2.4,0,0,0,1,0,0,3,2,1,0,0,0,12,1,0,100.0
Callum McGregor, SCO,MF,Celtic,29,1993,2.4,0,0,0,1,1,0,1,5,1,0,0,0,19,1,0,100.0
Juan Jesus, BRA,DF,Napoli,31,1991,2.3,2,0,0,4,0,0,0,1,1,0,1,0,5,1,6,14.3
Junior Adamu, AUT,FW,RB Salzburg,21,2001,2.3,1,0,0,6,1,4,5,1,8,0,0,0,13,4,10,28.6
Matteo Gabbia, ITA,DF,Milan,22,1999,2.3,1,0,0,5,3,0,0,3,1,0,0,0,13,1,0,100.0
Dolev Haziz, ISR,DF,Maccabi Haifa,27,1995,2.3,1,0,0,3,4,0,15,2,5,0,0,0,12,1,1,50.0
Sergi Roberto, ESP,DF,Barcelona,30,1992,2.3,1,0,0,0,0,0,3,4,1,0,0,0,16,2,5,28.6
Oliver Skipp, ENG,MF,Tottenham,21,2000,2.3,1,0,0,4,3,0,2,2,4,0,0,0,15,2,4,33.3
Benjamin Henrichs, GER,"DF,MF",RB Leipzig,25,1997,2.2,2,0,0,5,2,0,5,3,2,0,1,0,8,1,2,33.3
Gilberto, BRA,DF,Benfica,29,1993,2.2,1,0,0,2,3,0,6,6,5,1,0,0,15,2,1,66.7
Luca Pellegrini, ITA,"DF,MF",Eint Frankfurt,23,1999,2.2,1,0,0,3,0,1,15,3,3,0,0,0,17,3,3,50.0
Lucas Vázquez, ESP,DF,Real Madrid,31,1991,2.2,1,0,0,3,4,0,9,3,1,0,0,0,11,0,0,
Thorgan Hazard, BEL,"DF,FW",Dortmund,29,1993,2.2,0,0,0,2,2,0,7,3,1,0,0,0,13,1,3,25.0
Dejan Kulusevski, SWE,"MF,DF",Tottenham,22,2000,2.2,0,0,0,7,5,0,10,1,3,0,0,0,7,0,3,0.0
Leo Skiri Østigård, NOR,DF,Napoli,22,1999,2.2,0,0,0,0,2,1,1,2,2,0,0,0,10,9,5,64.3
Ryan Jack, SCO,MF,Rangers,30,1992,2.1,1,0,0,5,1,0,3,1,3,0,0,0,10,1,0,100.0
Romelu Lukaku, BEL,FW,Inter,29,1993,2.1,1,0,0,5,1,0,1,0,3,0,0,0,8,8,8,50.0
Jerry St. Juste, NED,DF,Sporting CP,25,1996,2.1,1,0,0,4,5,0,0,7,5,0,0,0,8,3,2,60.0
Ferrán Torres, ESP,"FW,MF",Barcelona,22,2000,2.1,1,0,0,2,2,1,1,0,2,0,0,0,6,0,1,0.0
Sergiño Dest, USA,DF,Milan,21,2000,2.1,0,0,0,2,1,1,3,1,1,0,0,0,15,1,2,33.3
Rasmus Falk, DEN,MF,FC Copenhagen,30,1992,2.1,0,0,0,0,4,0,0,7,1,0,0,0,15,0,0,
Péter Gulácsi, HUN,GK,RB Leipzig,32,1990,2.1,0,0,0,0,0,0,0,0,0,0,0,0,1,0,0,
Elias Jelert, DEN,"DF,MF",FC Copenhagen,19,2003,2.1,0,0,0,2,0,0,4,1,2,0,0,0,8,1,2,33.3
Maryan Shved, UKR,MF,Shakhtar,25,1997,2.1,0,0,0,4,2,0,3,4,2,0,0,0,7,1,0,100.0
Modou Biramé Ndiaye, SEN,MF,Viktoria Plzeň,25,1996,2.0,1,0,0,1,4,0,0,6,1,0,0,0,23,3,0,100.0
Federico Gatti, ITA,DF,Juventus,24,1998,2.0,1,0,0,4,3,0,1,2,2,0,0,0,7,5,2,71.4
Mattia Perin, ITA,GK,Juventus,29,1992,2.0,1,0,0,0,0,0,0,0,0,0,0,0,2,0,0,
Enrique Valiente, ESP,DF,Sevilla,20,2002,2.0,1,0,0,3,1,0,1,1,3,0,0,0,5,5,2,71.4
Marius Wolf, GER,DF,Dortmund,27,1995,2.0,1,0,0,4,1,0,9,2,3,0,1,0,9,2,1,66.7
Héctor Bellerín, ESP,DF,Barcelona,27,1995,2.0,0,0,0,2,0,0,5,1,3,0,0,0,7,0,7,0.0
Marko Dmitrović, SRB,GK,Sevilla,30,1992,2.0,0,0,0,0,0,0,0,0,0,0,0,0,1,2,0,100.0
Fraser Forster, ENG,GK,Tottenham,34,1988,2.0,0,0,0,0,0,0,0,0,0,0,0,0,2,0,0,
Andriy Lunin, UKR,GK,Real Madrid,23,1999,2.0,0,0,0,0,0,0,0,0,0,0,0,0,3,1,0,100.0
Tanguy Nianzou, FRA,DF,Sevilla,20,2002,2.0,0,0,0,1,2,0,0,2,1,0,0,0,14,3,0,100.0
Stefan Ortega, GER,GK,Manchester City,29,1992,2.0,0,0,0,0,0,0,0,0,0,0,0,0,4,0,0,
Ivan Petryak, UKR,MF,Shakhtar,28,1994,2.0,0,0,0,2,1,1,4,0,2,0,0,0,5,0,6,0.0
Mathew Ryan, AUS,GK,FC Copenhagen,30,1992,2.0,0,0,0,0,0,0,0,0,0,0,0,0,2,0,0,
Cengiz Ünder, TUR,MF,Marseille,25,1997,1.9,1,0,0,1,0,1,7,1,3,0,0,0,6,0,0,
Alejandro Balde, ESP,DF,Barcelona,18,2003,1.9,0,0,0,1,4,0,9,0,0,0,0,0,8,0,3,0.0
William Clem, DEN,MF,FC Copenhagen,18,2004,1.9,0,0,0,1,2,0,0,4,2,0,0,0,12,0,0,
Marcel Halstenberg, GER,DF,RB Leipzig,30,1991,1.9,0,0,0,2,2,0,10,6,0,0,0,0,6,1,1,50.0
Lucas Hernández, FRA,DF,Bayern Munich,26,1996,1.9,0,0,0,1,3,0,0,8,2,0,0,0,7,4,2,66.7
Lucas Moura, BRA,"FW,MF",Tottenham,29,1992,1.9,0,0,0,1,1,4,4,0,2,0,0,0,6,2,2,50.0
Dario Špikić, CRO,"FW,DF",Dinamo Zagreb,23,1999,1.9,0,0,0,1,5,0,4,4,1,0,0,0,14,0,2,0.0
Mohamed Tijani, BEN,DF,Viktoria Plzeň,25,1997,1.9,0,0,0,1,1,0,0,2,0,0,0,0,10,1,1,50.0
Mario Hermoso, ESP,DF,Atlético Madrid,27,1995,1.8,1,0,0,2,1,0,4,2,1,0,1,0,4,2,3,40.0
Tommaso Pobega, ITA,MF,Milan,23,1999,1.8,1,0,0,7,1,0,2,0,2,0,0,0,6,3,3,50.0
Aurélio Buta, POR,DF,Eint Frankfurt,25,1997,1.8,0,0,0,1,0,0,5,1,4,0,1,0,7,5,3,62.5
Danilo D'Ambrosio, ITA,DF,Inter,33,1988,1.8,0,0,0,3,4,1,2,4,1,0,0,1,10,4,3,57.1
N'Golo Kanté, FRA,MF,Chelsea,31,1991,1.8,0,0,0,3,0,0,5,2,2,0,0,0,12,0,2,0.0
Clinton Mata, ANG,DF,Club Brugge,29,1992,1.8,0,0,0,1,1,0,3,4,1,0,0,0,8,2,2,50.0
Maximilian Wöber, AUT,DF,RB Salzburg,24,1998,1.8,0,0,0,3,0,0,9,0,6,0,0,0,11,6,4,60.0
Zeca, GRE,MF,FC Copenhagen,33,1988,1.8,0,0,0,4,0,0,0,3,0,0,0,0,11,3,1,75.0
Rafa Mir, ESP,"MF,FW",Sevilla,25,1997,1.7,1,0,0,2,1,0,0,0,0,0,0,0,3,2,9,18.2
Divock Origi, BEL,FW,Milan,27,1995,1.7,1,0,0,3,2,2,2,0,0,0,0,0,8,5,4,55.6
Ryan Sessegnon, ENG,"MF,DF",Tottenham,22,2000,1.7,1,0,0,6,3,2,3,2,7,0,0,0,7,0,0,
Cody Gakpo, NED,"FW,MF",Liverpool,23,1999,1.7,0,0,0,1,3,1,4,1,5,0,0,0,10,0,0,
Franco Israel, URU,GK,Sporting CP,22,2000,1.7,0,0,0,0,0,0,0,0,0,0,0,0,0,0,0,
Sead Kolašinac, BIH,DF,Marseille,29,1993,1.7,0,0,0,3,1,0,0,1,3,0,0,0,8,2,0,100.0
Aaron Mooy, AUS,MF,Celtic,31,1990,1.7,0,0,0,1,0,0,13,1,0,0,0,0,10,2,1,66.7
Carlos Soler, ESP,MF,Paris S-G,25,1997,1.7,0,0,0,3,3,0,2,3,4,0,0,0,7,1,1,50.0
Presnel Kimpembe, FRA,DF,Paris S-G,26,1995,1.6,1,0,0,3,2,0,0,2,2,0,0,0,5,1,0,100.0
Jan Sýkora, CZE,"FW,DF",Viktoria Plzeň,28,1993,1.6,1,0,0,3,2,1,1,3,0,0,0,0,5,0,1,0.0
Hakim Ziyech, MAR,"FW,MF",Chelsea,29,1993,1.6,1,0,0,3,3,1,18,2,0,0,0,0,5,0,2,0.0
Jordi Alba, ESP,DF,Barcelona,33,1989,1.6,0,0,0,0,0,0,9,0,0,0,0,0,16,0,0,
Ángel Di María, ARG,FW,Juventus,34,1988,1.6,0,0,0,1,2,0,10,0,0,0,0,0,12,0,1,0.0
Sébastien Haller, CIV,FW,Dortmund,28,1994,1.6,0,0,0,1,2,0,0,0,0,0,0,0,4,3,5,37.5
Renato Sanches, POR,MF,Paris S-G,24,1997,1.6,0,0,0,3,3,0,0,1,0,0,0,0,15,0,3,0.0
Mathys Tel, FRA,FW,Bayern Munich,17,2005,1.6,0,0,0,0,1,1,4,3,1,0,0,0,7,3,3,50.0
Wendell, BRA,DF,Porto,29,1993,1.6,0,0,0,2,4,0,8,1,1,0,0,0,12,2,1,66.7
Fodé Ballo-Touré, SEN,"DF,MF",Milan,25,1997,1.5,2,0,0,3,2,0,3,5,2,0,0,0,9,0,2,0.0
Dedryck Boyata, BEL,DF,Club Brugge,31,1990,1.5,1,0,0,1,0,0,0,7,0,0,0,0,8,1,1,50.0
Fortune Bassey, NGA,FW,Viktoria Plzeň,23,1998,1.5,0,0,0,0,0,0,0,0,0,0,0,0,3,1,6,14.3
Eden Hazard, BEL,"FW,MF",Real Madrid,31,1991,1.5,0,0,0,0,2,0,0,1,0,0,0,0,5,0,0,
Cole Palmer, ENG,"MF,FW",Manchester City,20,2002,1.5,0,0,0,1,0,0,4,0,0,0,0,0,6,0,0,
Scott Wright, SCO,"FW,MF",Rangers,24,1997,1.5,0,0,0,2,1,3,2,1,1,0,0,0,7,0,2,0.0
Hrvoje Smolčić, CRO,DF,Eint Frankfurt,21,2000,1.4,2,0,0,4,0,0,0,5,1,0,1,0,7,3,2,60.0
João Cancelo, POR,DF,Bayern Munich,28,1994,1.4,1,0,0,1,1,0,5,0,2,0,0,0,16,0,1,0.0
Petar Musa, CRO,FW,Benfica,24,1998,1.4,1,0,0,3,0,0,0,1,0,0,0,0,5,5,8,38.5
Nadiem Amiri, GER,"MF,FW",Leverkusen,25,1996,1.4,0,0,0,2,0,0,1,2,2,0,0,0,13,0,1,0.0
Kristjan Asllani, ALB,MF,Inter,20,2002,1.4,0,0,0,1,2,0,8,2,1,0,0,0,8,0,1,0.0
Matheus Cunha, BRA,"FW,MF",Atlético Madrid,23,1999,1.4,0,0,0,2,3,1,3,1,1,1,0,0,5,0,8,0.0
Glen Kamara, FIN,MF,Rangers,26,1995,1.4,0,0,0,2,1,0,0,4,0,0,0,0,10,0,1,0.0
Václav Pilař, CZE,"FW,MF",Viktoria Plzeň,33,1988,1.4,0,0,0,4,2,1,4,0,1,0,0,0,5,3,3,50.0
Roberto Gagliardini, ITA,MF,Inter,28,1994,1.3,1,0,0,6,3,0,1,2,2,0,0,0,7,1,2,33.3
Luis Javier Suárez, COL,FW,Marseille,24,1997,1.3,1,0,0,3,4,1,1,0,0,0,0,0,2,2,7,22.2
Amine Adli, FRA,"FW,MF",Leverkusen,22,2000,1.3,0,0,0,4,1,3,4,0,1,0,1,0,10,3,1,75.0
Sotiris Alexandropoulos, GRE,MF,Sporting CP,20,2001,1.3,0,0,0,0,3,0,0,0,1,0,0,0,4,1,2,33.3
Raoul Bellanova, ITA,"DF,MF",Inter,22,2000,1.3,0,0,0,0,1,0,11,1,1,0,0,0,5,3,1,75.0
Brian Brobbey, NED,FW,Ajax,20,2002,1.3,0,0,0,1,3,0,1,0,0,1,0,0,0,2,9,18.2
Armando Broja, ALB,FW,Chelsea,20,2001,1.3,0,0,0,7,0,1,0,0,1,0,0,0,3,2,2,50.0
Fabio Carvalho, POR,"MF,FW",Liverpool,19,2002,1.3,0,0,0,0,1,0,1,0,1,0,0,0,9,0,1,0.0
Gerson, BRA,MF,Marseille,25,1997,1.3,0,0,0,2,6,0,2,0,1,0,0,0,4,2,3,40.0
Issa Kaboré, BFA,DF,Marseille,21,2001,1.3,0,0,0,2,3,1,5,0,3,0,0,0,10,0,2,0.0
Dijon Kameri, KVX,MF,RB Salzburg,18,2004,1.3,0,0,0,1,3,1,2,1,2,0,0,0,13,1,4,20.0
Rico Lewis, ENG,DF,Manchester City,17,2004,1.3,0,0,0,4,1,0,1,0,1,0,0,0,4,1,0,100.0
Toni Martínez, ESP,FW,Porto,25,1997,1.3,0,0,0,5,1,2,2,0,4,0,0,0,5,10,6,62.5
Philipp Max, GER,DF,Eint Frankfurt,28,1993,1.3,0,0,0,1,3,0,11,1,1,0,0,0,7,0,1,0.0
Flávio Nazinho, POR,"DF,MF",Sporting CP,19,2003,1.3,0,0,0,0,1,0,1,1,2,0,0,0,3,1,3,25.0
Christian Pulisic, USA,"DF,FW",Chelsea,23,1998,1.3,0,0,0,2,3,1,1,2,1,0,0,0,7,3,3,50.0
Ricardo Esgaio, POR,"DF,MF",Sporting CP,29,1993,1.2,3,1,1,2,1,0,1,0,5,0,1,0,6,0,1,0.0
Nicolò Fagioli, ITA,MF,Juventus,21,2001,1.2,1,0,0,1,3,0,1,1,0,0,0,0,7,0,3,0.0
Danylo Sikan, UKR,FW,Shakhtar,21,2001,1.2,1,0,0,4,1,0,1,0,0,0,0,0,7,2,7,22.2
Eduard Sobol, UKR,"FW,DF",Club Brugge,27,1995,1.2,1,0,0,1,0,1,7,2,1,0,0,0,6,8,1,88.9
Roman Yaremchuk, UKR,FW,Club Brugge,26,1995,1.2,1,0,0,1,0,0,1,0,1,0,0,0,4,2,3,40.0
Arthur, BRA,"MF,FW",Sporting CP,24,1998,1.2,0,0,0,0,2,1,3,0,2,0,0,0,5,1,1,50.0
Stefan Bajcetic, ESP,MF,Liverpool,17,2004,1.2,0,0,0,2,0,0,0,1,4,0,0,0,7,0,2,0.0
Andreas Cornelius, DEN,FW,FC Copenhagen,29,1993,1.2,0,0,0,4,3,1,0,0,1,0,0,0,2,6,6,50.0
Kasper Dolberg, DEN,FW,Sevilla,24,1997,1.2,0,0,0,3,1,1,0,1,0,0,0,0,3,2,4,33.3
Moise Kean, ITA,"FW,MF",Juventus,22,2000,1.2,0,0,0,0,1,2,2,0,1,0,0,0,3,2,5,28.6
Thomas Lemar, FRA,MF,Atlético Madrid,26,1995,1.2,0,0,0,0,1,0,6,1,1,0,0,0,13,0,0,
Morato, BRA,DF,Benfica,21,2001,1.2,0,0,0,1,1,0,1,1,0,0,0,0,9,2,4,33.3
Nordi Mukiele, FRA,"DF,MF",Paris S-G,24,1997,1.2,0,0,0,4,1,1,2,1,1,0,0,0,5,2,5,28.6
Christian Sørensen, DEN,"DF,MF",FC Copenhagen,29,1992,1.1,1,0,0,2,2,0,9,2,1,0,0,0,2,0,1,0.0
Pablo Torre, ESP,"MF,FW",Barcelona,19,2003,1.1,1,0,0,3,1,0,0,1,2,0,1,0,4,0,3,0.0
Roony Bardghji, SWE,FW,FC Copenhagen,16,2005,1.1,0,0,0,0,0,0,1,0,0,0,0,0,7,0,1,0.0
Nicolai Boilesen, DEN,DF,FC Copenhagen,30,1992,1.1,0,0,0,2,1,0,0,2,0,0,1,0,5,0,0,
Mattia De Sciglio, ITA,DF,Juventus,29,1992,1.1,0,0,0,1,1,1,6,1,1,0,0,0,2,0,2,0.0
Josip Drmić, SUI,FW,Dinamo Zagreb,29,1992,1.1,0,0,0,0,0,1,1,0,0,0,0,0,1,1,3,25.0
Curtis Jones, ENG,"FW,MF",Liverpool,21,2001,1.1,0,0,0,2,2,1,1,1,0,0,0,0,5,2,0,100.0
José Marsà, ESP,DF,Sporting CP,20,2002,1.1,0,0,0,2,0,0,0,1,0,0,0,0,3,1,0,100.0
Rabbi Matondo, WAL,"MF,FW",Rangers,21,2000,1.1,0,0,0,0,2,1,1,2,1,1,0,0,4,1,3,25.0
David Turnbull, SCO,MF,Celtic,23,1999,1.1,0,0,0,1,0,0,6,0,0,0,0,0,3,0,1,0.0
Exequiel Palacios, ARG,MF,Leverkusen,23,1998,1.0,2,0,0,4,3,0,4,1,1,0,0,0,14,1,1,50.0
Mykhailo Mudryk, UKR,"FW,DF",Chelsea,21,2001,1.0,1,0,0,3,2,1,3,1,1,0,0,0,4,0,0,
Pablo Sarabia, ESP,MF,Paris S-G,30,1992,1.0,1,0,0,1,1,0,5,0,1,0,0,0,2,1,0,100.0
Mavis Tchibota, CGO,FW,Maccabi Haifa,26,1996,1.0,1,0,0,4,2,0,3,0,2,0,0,0,6,0,1,0.0
Neven Đurasek, CRO,MF,Shakhtar,23,1998,1.0,1,0,0,1,0,0,0,4,0,0,0,0,6,0,0,
Ronald Araújo, URU,DF,Barcelona,23,1999,1.0,0,0,0,1,0,0,0,0,0,0,0,0,1,2,4,33.3
Yves Bissouma, MLI,MF,Tottenham,25,1996,1.0,0,0,0,0,0,0,0,2,1,0,0,0,12,2,1,66.7
Dani Ceballos, ESP,MF,Real Madrid,25,1996,1.0,0,0,0,2,4,0,1,0,1,0,0,0,9,0,0,
Abdul Fatawu Issahaku, GHA,"MF,DF",Sporting CP,18,2004,1.0,0,0,0,0,2,0,2,0,3,0,0,0,5,1,3,25.0
Felipe, BRA,DF,Atlético Madrid,33,1989,1.0,0,0,0,0,0,0,0,1,4,0,0,0,5,4,1,80.0
Fernando, BRA,MF,Sevilla,35,1987,1.0,0,0,0,1,2,0,0,1,0,0,0,0,6,3,2,60.0
James Forrest, SCO,FW,Celtic,31,1991,1.0,0,0,0,0,0,0,10,1,1,0,0,0,3,0,4,0.0
Ivo Grbić, CRO,GK,Atlético Madrid,26,1996,1.0,0,0,0,0,0,0,0,0,0,0,0,0,2,0,0,
Jack Hendry, SCO,DF,Club Brugge,27,1995,1.0,0,0,0,1,0,1,0,0,1,0,1,0,4,1,0,100.0
Pape Matar Sarr, SEN,MF,Tottenham,19,2002,1.0,0,0,0,2,1,0,0,1,3,0,0,0,12,2,3,40.0
Jon McLaughlin, SCO,GK,Rangers,34,1987,1.0,0,0,0,0,0,0,0,0,0,0,0,0,1,1,0,100.0
Edouard Mendy, SEN,GK,Chelsea,30,1992,1.0,0,0,0,0,0,0,0,0,0,0,0,0,1,0,0,
Felix Passlack, GER,DF,Dortmund,24,1998,1.0,0,0,0,0,3,0,2,0,1,0,0,0,7,1,1,50.0
Iñaki Peña, ESP,GK,Barcelona,23,1999,1.0,0,0,0,0,0,0,0,0,0,0,0,0,1,0,0,
Karim Rekik, NED,DF,Sevilla,27,1994,1.0,0,0,0,0,0,0,1,0,0,0,0,0,2,0,1,0.0
Daniele Rugani, ITA,DF,Juventus,28,1994,1.0,0,0,0,0,0,0,1,3,2,0,0,0,2,5,5,50.0
Carl Starfelt, SWE,DF,Celtic,27,1995,1.0,0,0,0,1,0,0,0,0,0,0,0,0,4,0,0,
Marián Tvrdoň, SVK,GK,Viktoria Plzeň,27,1994,1.0,0,0,0,0,0,0,0,0,0,0,0,0,3,0,0,
Stephen Welsh, SCO,DF,Celtic,22,2000,1.0,0,0,0,1,0,0,0,1,0,0,0,0,3,0,1,0.0
Rıdvan Yılmaz, TUR,DF,Rangers,21,2001,1.0,0,0,0,0,0,0,4,3,0,0,0,0,8,0,0,
Jan Kopic, CZE,"FW,MF",Viktoria Plzeň,32,1990,0.9,0,0,0,0,1,0,2,1,1,0,0,0,5,0,2,0.0
Raz Meir, ISR,"DF,MF",Maccabi Haifa,25,1996,0.9,0,0,0,0,0,0,1,0,3,0,0,0,3,0,1,0.0
Dimitri Payet, FRA,MF,Marseille,35,1987,0.9,0,0,0,0,1,0,5,1,1,0,0,0,6,0,1,0.0
Warren Zaire-Emery, FRA,MF,Paris S-G,16,2006,0.9,0,0,0,0,2,0,2,0,2,0,0,0,5,0,2,0.0
Faride Alidou, GER,"DF,FW",Eint Frankfurt,21,2001,0.8,0,0,0,1,1,0,2,1,4,0,0,0,4,1,0,100.0
Bruno Xavier Almeida Costa, POR,MF,Porto,25,1997,0.8,0,0,0,1,1,0,3,1,2,0,0,0,4,0,0,
Matt Doherty, IRL,DF,Tottenham,30,1992,0.8,0,0,0,2,0,0,1,2,1,0,0,0,4,2,0,100.0
Yussuf Poulsen, DEN,"FW,MF",RB Leipzig,28,1994,0.8,0,0,0,1,0,0,1,0,0,0,0,0,3,2,2,50.0
Kévin Théophile-Catherine, FRA,DF,Dinamo Zagreb,32,1989,0.8,0,0,0,1,0,0,0,1,2,0,0,0,8,0,1,0.0
Owen Wijndal, NED,DF,Ajax,22,1999,0.8,0,0,0,2,0,0,3,2,0,0,0,0,5,0,0,
Denis Zakaria, SUI,MF,Chelsea,25,1996,0.8,0,0,0,1,3,0,0,2,1,0,0,0,9,0,0,
Martin Baturina, CRO,MF,Dinamo Zagreb,19,2003,0.7,1,0,0,1,3,0,1,0,1,0,0,0,6,0,0,
Sun Menachem, ISR,DF,Maccabi Haifa,28,1993,0.7,1,0,0,4,0,0,1,0,3,0,0,0,7,2,3,40.0
Oliver Abildgaard, DEN,MF,Celtic,26,1996,0.7,0,0,0,0,0,0,0,0,3,0,0,0,4,3,0,100.0
Hugo Ekitike, FRA,"MF,FW",Paris S-G,20,2002,0.7,0,0,0,2,0,0,0,0,1,0,0,0,4,1,1,50.0
Fernando, BRA,FW,RB Salzburg,23,1999,0.7,0,0,0,1,5,0,0,1,0,0,0,0,1,1,0,100.0
Florian Grillitsch, AUT,MF,Ajax,26,1995,0.7,0,0,0,0,1,0,3,0,1,0,0,0,4,0,1,0.0
Dani Olmo, ESP,"FW,MF",RB Leipzig,24,1998,0.7,0,0,0,1,4,0,3,0,2,0,0,0,2,0,1,0.0
Tom Rothe, GER,DF,Dortmund,17,2004,0.7,0,0,0,0,0,0,1,1,0,0,0,0,3,0,2,0.0
Éder Álvarez Balanta, COL,"MF,FW",Club Brugge,29,1993,0.6,0,0,0,2,2,0,0,2,0,0,0,0,6,0,0,
Adnan Januzaj, BEL,"FW,MF",Sevilla,27,1995,0.6,0,0,0,0,2,0,1,1,1,0,0,0,4,2,1,66.7
Lukas Klostermann, GER,DF,RB Leipzig,26,1996,0.6,0,0,0,1,0,0,0,0,1,0,0,0,1,0,0,
Danny Loader, ENG,"FW,MF",Porto,21,2000,0.6,0,0,0,0,0,0,1,0,2,0,0,0,5,1,1,50.0
Antonio Nusa, NOR,FW,Club Brugge,17,2005,0.6,0,0,0,0,3,0,0,0,0,0,0,0,0,0,0,
Alessio Zerbin, ITA,FW,Napoli,23,1999,0.6,0,0,0,0,0,0,0,0,1,0,0,0,7,0,0,
Paulinho, BRA,FW,Leverkusen,22,2000,0.5,1,0,0,1,0,0,1,0,2,0,0,0,2,0,0,
Youri Baas, NED,DF,Ajax,19,2003,0.5,0,0,0,0,0,0,0,0,0,0,0,0,1,1,1,50.0
El Chadaille Bitshiabu, FRA,DF,Paris S-G,17,2005,0.5,0,0,0,0,0,0,0,0,1,0,0,0,1,1,3,25.0
Gonçalo Guedes, POR,"FW,MF",Benfica,25,1996,0.5,0,0,0,0,1,2,1,0,0,0,0,0,3,1,0,100.0
Mamoudou Karamoko, FRA,FW,FC Copenhagen,22,1999,0.5,0,0,0,0,0,0,0,0,0,0,0,0,0,1,5,16.7
Jan Kliment, CZE,FW,Viktoria Plzeň,28,1993,0.5,0,0,0,2,1,0,0,0,0,0,0,0,1,2,0,100.0
Paul Mukairu, NGA,FW,FC Copenhagen,22,2000,0.5,0,0,0,1,1,0,0,0,2,0,0,0,1,1,1,50.0
Kalvin Phillips, ENG,MF,Manchester City,26,1995,0.5,0,0,0,0,0,0,0,1,0,0,0,0,2,1,0,100.0
Nikita Rukavytsya, AUS,"FW,MF",Maccabi Haifa,35,1987,0.5,0,0,0,0,0,1,1,0,0,0,0,0,4,1,0,100.0
Matìas Soulé, ARG,"MF,FW",Juventus,19,2003,0.5,0,0,0,0,3,0,0,0,0,0,0,0,3,0,2,0.0
Gabriel Veron, BRA,"MF,FW",Porto,19,2002,0.5,0,0,0,1,0,0,2,0,0,0,0,0,3,0,2,0.0
Josh Wilson-Esbrand, ENG,DF,Manchester City,19,2002,0.5,0,0,0,0,1,0,1,0,1,0,0,0,2,1,0,100.0
Gonçalo Borges, POR,"MF,FW",Porto,21,2001,0.4,1,0,0,2,1,0,1,0,0,0,0,0,3,1,0,100.0
Petar Bočkaj, CRO,"DF,FW",Dinamo Zagreb,26,1996,0.4,0,0,0,0,2,0,5,0,0,0,0,0,0,0,0,
Jamie Bynoe-Gittens, ENG,MF,Dortmund,17,2004,0.4,0,0,0,0,1,0,1,0,0,0,0,0,2,0,0,
Aleš Čermák, CZE,MF,Viktoria Plzeň,27,1994,0.4,0,0,0,1,0,0,2,2,1,0,0,0,4,0,0,
Julian Draxler, GER,MF,Benfica,28,1993,0.4,0,0,0,0,0,0,0,0,0,0,0,0,5,2,1,66.7
Bryan Gil, ESP,MF,Tottenham,21,2001,0.4,0,0,0,0,3,0,3,2,0,1,0,0,7,0,1,0.0
Diogo Gonçalves, POR,"FW,MF",Benfica,25,1997,0.4,0,0,0,2,2,0,2,0,0,0,0,0,4,0,2,0.0
Pape Gueye, SEN,MF,Marseille,23,1999,0.4,0,0,0,1,2,0,0,1,0,0,0,0,4,0,1,0.0
Luís Neto, POR,DF,Sporting CP,34,1988,0.4,0,0,0,0,0,0,0,0,1,0,0,0,1,1,0,100.0
Pedro Porro, ESP,DF,Tottenham,22,1999,0.4,0,0,0,1,0,0,8,0,0,0,0,0,3,0,0,
Paul Wanner, GER,"DF,FW",Bayern Munich,16,2005,0.4,0,0,0,1,0,0,1,1,0,0,0,0,2,1,0,100.0
Peter Ankersen, DEN,DF,FC Copenhagen,31,1990,0.3,0,0,0,0,0,0,0,0,0,0,0,0,1,0,0,
Marko Bulat, CRO,MF,Dinamo Zagreb,20,2001,0.3,0,0,0,0,0,0,0,0,1,0,0,0,3,0,1,0.0
Marc Casado, ESP,MF,Barcelona,18,2003,0.3,0,0,0,0,1,0,0,0,0,0,0,0,2,1,0,100.0
Dario Essugo, POR,MF,Sporting CP,17,2005,0.3,0,0,0,0,1,0,1,0,2,0,0,0,3,0,0,
Mateus Fernandes, POR,MF,Sporting CP,18,2004,0.3,0,0,0,2,1,0,0,0,0,0,0,0,1,2,0,100.0
Gianluca Gaetano, ITA,MF,Napoli,22,2000,0.3,0,0,0,2,0,0,0,0,0,0,0,0,1,1,0,100.0
João Neves, POR,"FW,MF",Benfica,17,2004,0.3,0,0,0,0,0,0,1,0,1,0,0,0,4,0,1,0.0
Valentin Carboni, ARG,FW,Inter,17,2005,0.2,1,0,0,1,0,0,0,0,0,0,0,0,0,0,1,0.0
Francisco Conceição, POR,"FW,MF",Ajax,19,2002,0.2,1,0,0,1,3,0,0,0,0,0,0,0,3,0,1,0.0
Julian Ryerson, NOR,DF,Dortmund,24,1997,0.2,1,0,0,1,1,0,0,0,0,0,0,0,0,0,0,
Lucas Alario, ARG,"FW,MF",Eint Frankfurt,29,1992,0.2,0,0,0,0,0,1,0,0,0,0,0,0,0,2,1,66.7
Ofri Arad, ISR,"DF,MF",Maccabi Haifa,23,1998,0.2,0,0,0,2,0,0,0,1,2,0,0,0,2,0,1,0.0
Federico Chiesa, ITA,FW,Juventus,24,1997,0.2,0,0,0,1,0,1,0,0,0,0,0,0,1,0,0,
Soumaïla Coulibaly, FRA,DF,Dortmund,18,2003,0.2,0,0,0,1,0,0,0,1,0,0,0,0,1,0,0,
André Franco, POR,MF,Porto,24,1998,0.2,0,0,0,0,0,0,6,0,1,0,0,0,0,1,0,100.0
Samuel Iling-Junior, ENG,DF,Juventus,18,2003,0.2,0,0,0,0,0,0,4,1,0,0,0,0,2,1,0,100.0
Sekou Koita, MLI,FW,RB Salzburg,22,1999,0.2,0,0,0,0,0,0,0,0,0,0,0,0,0,1,1,50.0
Rasmus Lauritsen, DEN,DF,Dinamo Zagreb,26,1996,0.2,0,0,0,0,0,0,0,1,0,0,0,0,0,0,0,
Mahir Madatov, AZE,FW,Dinamo Zagreb,25,1997,0.2,0,0,0,1,0,0,0,0,0,0,0,0,2,0,0,
Arthur Melo, BRA,MF,Liverpool,25,1996,0.2,0,0,0,0,1,0,0,0,0,0,0,0,2,0,0,
Memphis, NED,FW,Barcelona,28,1994,0.2,0,0,0,0,0,0,0,0,0,0,0,0,0,0,0,
Lucas Ocampos, ARG,FW,Ajax,28,1994,0.2,0,0,0,0,1,0,0,1,0,0,0,0,1,0,0,
Oleh Ocheretko, UKR,MF,Shakhtar,19,2003,0.2,0,0,0,0,0,0,0,0,2,0,0,0,2,0,0,
Alex Oxlade-Chamberlain, ENG,MF,Liverpool,28,1993,0.2,0,0,0,0,0,0,0,1,1,0,0,0,0,0,0,
Rodrigo Pinho, BRA,FW,Benfica,31,1991,0.2,0,0,0,1,1,1,0,0,0,0,0,0,0,1,2,33.3
Mats Rits, BEL,MF,Club Brugge,29,1993,0.2,0,0,0,0,0,0,0,0,1,0,0,0,1,0,0,
Rochinha, POR,"MF,FW",Sporting CP,27,1995,0.2,0,0,0,0,1,0,1,0,0,0,0,0,1,1,0,100.0
Davinson Sánchez, COL,DF,Tottenham,26,1996,0.2,0,0,0,1,0,0,1,0,0,0,0,0,1,2,0,100.0
Alvaro Sanz, ESP,MF,Barcelona,21,2001,0.2,0,0,0,0,0,0,0,0,0,0,0,0,1,0,0,
Roko Simic, CRO,FW,RB Salzburg,18,2003,0.2,0,0,0,2,0,0,0,0,0,0,0,0,1,1,0,100.0
Orri Steinn Óskarsson, ISL,"MF,FW",FC Copenhagen,17,2004,0.2,0,0,0,1,0,0,0,0,0,0,0,0,1,1,1,50.0
Japhet Tanganga, ENG,DF,Tottenham,23,1999,0.2,0,0,0,0,0,0,0,0,1,0,0,0,2,1,0,100.0
Andriy Totovytskyi, UKR,MF,Shakhtar,29,1993,0.2,0,0,0,0,0,0,1,0,0,0,0,0,0,0,0,
Jesús Vallejo, ESP,DF,Real Madrid,25,1997,0.2,0,0,0,0,0,0,0,0,2,0,0,0,0,0,1,0.0
Antonio Marin, CRO,FW,Dinamo Zagreb,21,2001,0.1,1,0,0,1,0,0,0,0,0,0,0,0,2,0,0,
Henrique Araújo, POR,FW,Benfica,20,2002,0.1,0,0,0,0,0,0,2,0,0,0,0,0,0,1,0,100.0
Lynnt Audoor, BEL,MF,Club Brugge,18,2003,0.1,0,0,0,2,0,0,0,0,0,0,0,0,0,1,0,100.0
Sardar Azmoun, IRN,FW,Leverkusen,27,1995,0.1,0,0,0,0,0,1,0,0,0,0,0,0,0,0,1,0.0
Pablo Barrios, ESP,MF,Atlético Madrid,19,2003,0.1,0,0,0,0,0,0,0,0,0,0,0,0,0,0,1,0.0
Alexandro Bernabei, ARG,FW,Celtic,21,2000,0.1,0,0,0,0,0,0,0,0,0,0,0,0,1,0,1,0.0
Jovane Cabral, CPV,MF,Sporting CP,24,1998,0.1,0,0,0,0,0,0,2,0,0,0,0,0,2,0,0,
Timothy Chandler, USA,DF,Eint Frankfurt,32,1990,0.1,0,0,0,0,0,0,0,0,0,0,0,0,0,0,0,
Rodrigo Conceição, POR,DF,Porto,22,2000,0.1,0,0,0,1,0,0,0,0,1,0,0,0,0,0,0,
Arnaut Danjuma, NED,MF,Tottenham,25,1997,0.1,0,0,0,0,0,0,0,0,0,0,0,0,0,0,0,
Bernardo Folha, POR,MF,Porto,20,2002,0.1,0,0,0,1,0,0,0,0,1,0,0,0,2,0,0,
Timothy Fosu-Mensah, NED,"MF,DF",Leverkusen,24,1998,0.1,0,0,0,0,0,0,0,1,1,0,0,0,1,0,1,0.0
Dmytro Kryskiv, UKR,MF,Shakhtar,21,2000,0.1,0,0,0,0,0,0,0,0,0,0,0,0,0,0,0,
Serhiy Kryvtsov, UKR,DF,Shakhtar,31,1991,0.1,0,0,0,0,1,0,0,0,0,0,0,0,0,0,0,
Cyle Larin, CAN,"FW,MF",Club Brugge,27,1995,0.1,0,0,0,0,0,0,0,0,0,0,0,0,0,0,1,0.0
Alexander lowry, SCO,MF,Rangers,19,2003,0.1,0,0,0,0,0,0,0,0,0,0,0,0,0,0,0,
Mariano, DOM,FW,Real Madrid,28,1993,0.1,0,0,0,0,0,0,0,0,0,0,0,0,0,0,0,
James McCarthy, IRL,MF,Celtic,31,1990,0.1,0,0,0,0,0,0,0,0,0,0,0,0,2,0,0,
Antonios Papadopoulos, GER,"MF,FW",Dortmund,22,1999,0.1,0,0,0,0,0,0,0,0,0,0,0,0,0,0,0,
Suf Podgoreanu, ISR,DF,Maccabi Haifa,20,2002,0.1,0,0,0,0,1,0,0,0,0,0,0,0,1,0,0,
Cisse Sandra, BEL,FW,Club Brugge,18,2003,0.1,0,0,0,0,0,0,0,0,0,0,0,0,0,0,0,
Lucas Veríssimo, BRA,DF,Benfica,27,1995,0.1,0,0,0,1,0,0,0,0,0,0,0,0,2,0,0,
Alessandro Zanoli, ITA,DF,Napoli,21,2000,0.1,0,0,0,0,0,0,3,1,2,0,0,0,0,1,1,50.0
Tommaso Barbieri, ITA,MF,Juventus,19,2002,0.0,0,0,0,0,0,0,1,0,1,0,0,0,1,0,0,
Enzo Barrenechea, ARG,DF,Juventus,21,2001,0.0,0,0,0,0,0,0,0,0,0,0,0,0,0,0,0,
Adam Kronus, CZE,FW,Viktoria Plzeň,20,2002,0.0,0,0,0,0,0,0,0,0,0,0,0,0,1,0,0,
Hugo Novoa, ESP,MF,RB Leipzig,19,2003,0.0,0,0,0,0,0,0,0,0,0,0,0,0,0,0,0,
Calvin Ramsay, SCO,DF,Liverpool,19,2003,0.0,0,0,0,0,1,0,0,0,0,0,0,0,0,0,0,
Andreas Schjelderup, NOR,FW,Benfica,18,2004,0.0,0,0,0,0,0,0,0,0,0,0,0,0,0,0,0,
Jorne Spileers, BEL,DF,Club Brugge,17,2005,0.0,0,0,0,0,0,0,0,0,0,0,0,0,1,0,0,
