Player,Nationality,Position,Club,Age,Born,90s,SCA,SCA/90,SCA (PassLive),SCA (PassDead),SCA (TO),SCA(Sh),SCA(Fld),SCA(Def),GCA,GCA/90,GCA (PassLive),GCA (PassDead),GCA (TO),GCA (Sh),GCA (Fld),GCA (Def)
Liel Abada, ISR,"FW,MF",Celtic,20,2001,2.4,5,2.07,3,0,0,1,1,0,1,0.41,0,0,0,1,0,0.0
Oliver Abildgaard, DEN,MF,Celtic,26,1996,0.7,0,0.0,0,0,0,0,0,0,0,0.0,0,0,0,0,0,0.0
Mohammad Abu Fani, ISR,MF,Maccabi Haifa,24,1998,4.4,20,4.5,13,3,2,2,0,0,1,0.23,1,0,0,0,0,0.0
Francesco Acerbi, ITA,DF,Inter,34,1988,10.2,7,0.68,5,0,0,2,0,0,1,0.1,1,0,0,0,0,0.0
Marcos Acuña, ARG,"DF,MF",Sevilla,30,1991,2.4,4,1.64,3,1,0,0,0,0,1,0.41,1,0,0,0,0,0.0
Junior Adamu, AUT,FW,RB Salzburg,21,2001,2.3,5,2.2,5,0,0,0,0,0,1,0.44,1,0,0,0,0,0.0
Antonio Adán, ESP,GK,Sporting CP,35,1987,4.2,0,0.0,0,0,0,0,0,0,0,0.0,0,0,0,0,0,0.0
Arijan Ademi, MKD,MF,Dinamo Zagreb,31,1991,5.2,3,0.57,3,0,0,0,0,0,0,0.0,0,0,0,0,0,0.0
Karim Adeyemi, GER,"FW,MF",Dortmund,20,2002,4.2,17,4.07,9,0,4,2,2,0,2,0.48,0,0,2,0,0,0.0
Amine Adli, FRA,"FW,MF",Leverkusen,22,2000,1.3,8,6.0,7,1,0,0,0,0,0,0.0,0,0,0,0,0,0.0
Manuel Akanji, SUI,DF,Manchester City,27,1995,10.5,20,1.9,17,0,0,3,0,0,3,0.29,1,0,0,2,0,0.0
Nathan Aké, NED,DF,Manchester City,27,1995,6.8,7,1.04,6,0,0,0,0,1,1,0.15,1,0,0,0,0,0.0
David Alaba, AUT,DF,Real Madrid,30,1992,7.9,13,1.64,8,4,1,0,0,0,1,0.13,0,1,0,0,0,0.0
Lucas Alario, ARG,"FW,MF",Eint Frankfurt,29,1992,0.2,0,0.0,0,0,0,0,0,0,0,0.0,0,0,0,0,0,0.0
Jordi Alba, ESP,DF,Barcelona,33,1989,1.6,7,4.32,7,0,0,0,0,0,2,1.23,2,0,0,0,0,0.0
Thiago Alcántara, ESP,MF,Liverpool,31,1991,3.4,13,3.8,12,0,1,0,0,0,2,0.58,2,0,0,0,0,0.0
Trent Alexander-Arnold, ENG,DF,Liverpool,23,1998,6.9,28,4.03,14,12,0,2,0,0,1,0.14,1,0,0,0,0,0.0
Sotiris Alexandropoulos, GRE,MF,Sporting CP,20,2001,1.3,1,0.74,1,0,0,0,0,0,0,0.0,0,0,0,0,0,0.0
Faride Alidou, GER,"DF,FW",Eint Frankfurt,21,2001,0.8,4,4.93,4,0,0,0,0,0,0,0.0,0,0,0,0,0,0.0
Alisson, BRA,GK,Liverpool,29,1992,8.0,3,0.37,3,0,0,0,0,0,0,0.0,0,0,0,0,0,0.0
Marcos Alonso, ESP,DF,Barcelona,31,1990,4.5,12,2.67,11,1,0,0,0,0,1,0.22,1,0,0,0,0,0.0
Éder Álvarez Balanta, COL,"MF,FW",Club Brugge,29,1993,0.6,3,5.63,3,0,0,0,0,0,0,0.0,0,0,0,0,0,0.0
Edson Álvarez, MEX,MF,Ajax,24,1997,5.9,3,0.51,3,0,0,0,0,0,0,0.0,0,0,0,0,0,0.0
Julián Álvarez, ARG,FW,Manchester City,22,2000,5.3,19,3.61,14,1,1,1,0,2,4,0.76,3,0,0,0,0,1.0
Nadiem Amiri, GER,"MF,FW",Leverkusen,25,1996,1.4,6,4.39,4,0,1,0,0,1,2,1.46,1,0,0,0,0,1.0
Robert Andrich, GER,MF,Leverkusen,27,1994,4.5,6,1.33,6,0,0,0,0,0,1,0.22,1,0,0,0,0,0.0
Peter Ankersen, DEN,DF,FC Copenhagen,31,1990,0.3,0,0.0,0,0,0,0,0,0,0,0.0,0,0,0,0,0,0.0
Ofri Arad, ISR,"DF,MF",Maccabi Haifa,23,1998,0.2,0,0.0,0,0,0,0,0,0,0,0.0,0,0,0,0,0,0.0
Charles Aránguiz, CHI,MF,Leverkusen,33,1989,2.4,6,2.51,5,0,0,1,0,0,0,0.0,0,0,0,0,0,0.0
Henrique Araújo, POR,FW,Benfica,20,2002,0.1,2,20.0,2,0,0,0,0,0,0,0.0,0,0,0,0,0,0.0
Ronald Araújo, URU,DF,Barcelona,23,1999,1.0,0,0.0,0,0,0,0,0,0,0,0.0,0,0,0,0,0,0.0
Scott Arfield, CAN,MF,Rangers,33,1988,3.0,2,0.67,2,0,0,0,0,0,0,0.0,0,0,0,0,0,0.0
Hákon Arnar Haraldsson, ISL,FW,FC Copenhagen,19,2003,3.3,7,2.11,4,0,0,1,2,0,0,0.0,0,0,0,0,0,0.0
Kepa Arrizabalaga, ESP,GK,Chelsea,27,1994,9.0,0,0.0,0,0,0,0,0,0,0,0.0,0,0,0,0,0,0.0
Arthur, BRA,"MF,FW",Sporting CP,24,1998,1.2,5,4.05,3,0,1,0,1,0,1,0.81,0,0,1,0,0,0.0
Marco Asensio, ESP,"FW,MF",Real Madrid,26,1996,3.6,17,4.72,15,2,0,0,0,0,3,0.83,3,0,0,0,0,0.0
Kristjan Asllani, ALB,MF,Inter,20,2002,1.4,4,2.79,2,2,0,0,0,0,0,0.0,0,0,0,0,0,0.0
Omer Atzili, ISR,"FW,MF",Maccabi Haifa,29,1993,3.4,12,3.51,8,2,0,1,0,1,1,0.29,0,1,0,0,0,0.0
Pierre-Emerick Aubameyang, GAB,FW,Chelsea,33,1989,4.5,8,1.79,7,0,0,1,0,0,1,0.22,1,0,0,0,0,0.0
Lynnt Audoor, BEL,MF,Club Brugge,18,2003,0.1,0,0.0,0,0,0,0,0,0,0,0.0,0,0,0,0,0,0.0
Fredrik Aursnes, NOR,"FW,MF",Benfica,26,1995,6.9,24,3.48,23,0,0,1,0,0,3,0.44,3,0,0,0,0,0.0
Sardar Azmoun, IRN,FW,Leverkusen,27,1995,0.1,1,12.86,1,0,0,0,0,0,0,0.0,0,0,0,0,0,0.0
César Azpilicueta, ESP,DF,Chelsea,32,1989,2.9,9,3.12,9,0,0,0,0,0,0,0.0,0,0,0,0,0,0.0
Youri Baas, NED,DF,Ajax,19,2003,0.5,0,0.0,0,0,0,0,0,0,0,0.0,0,0,0,0,0,0.0
Alexander Bah, DEN,DF,Benfica,24,1997,7.3,21,2.89,19,1,0,0,1,0,5,0.69,5,0,0,0,0,0.0
Eric Bailly, CIV,DF,Marseille,28,1994,3.4,1,0.3,1,0,0,0,0,0,1,0.3,1,0,0,0,0,0.0
Stefan Bajcetic, ESP,MF,Liverpool,17,2004,1.2,1,0.83,1,0,0,0,0,0,0,0.0,0,0,0,0,0,0.0
Mitchel Bakker, NED,"MF,DF",Leverkusen,22,2000,3.8,8,2.13,5,0,1,1,1,0,0,0.0,0,0,0,0,0,0.0
Alejandro Balde, ESP,DF,Barcelona,18,2003,1.9,4,2.12,4,0,0,0,0,0,1,0.53,1,0,0,0,0,0.0
Leonardo Balerdi, ARG,DF,Marseille,23,1999,5.5,4,0.73,4,0,0,0,0,0,0,0.0,0,0,0,0,0,0.0
Fodé Ballo-Touré, SEN,"DF,MF",Milan,25,1997,1.5,0,0.0,0,0,0,0,0,0,0,0.0,0,0,0,0,0,0.0
Tommaso Barbieri, ITA,MF,Juventus,19,2002,0.0,0,0.0,0,0,0,0,0,0,0,0.0,0,0,0,0,0,0.0
Roony Bardghji, SWE,FW,FC Copenhagen,16,2005,1.1,0,0.0,0,0,0,0,0,0,0,0.0,0,0,0,0,0,0.0
Nicolò Barella, ITA,MF,Inter,25,1997,11.0,25,2.27,24,0,0,1,0,0,4,0.36,4,0,0,0,0,0.0
Borna Barišić, CRO,DF,Rangers,29,1992,5.2,7,1.35,5,2,0,0,0,0,0,0.0,0,0,0,0,0,0.0
Enzo Barrenechea, ARG,DF,Juventus,21,2001,0.0,0,0.0,0,0,0,0,0,0,0,0.0,0,0,0,0,0,0.0
Pablo Barrios, ESP,MF,Atlético Madrid,19,2003,0.1,1,15.0,1,0,0,0,0,0,0,0.0,0,0,0,0,0,0.0
Calvin Bassey, NGA,DF,Ajax,22,1999,6.0,5,0.83,5,0,0,0,0,0,2,0.33,2,0,0,0,0,0.0
Fortune Bassey, NGA,FW,Viktoria Plzeň,23,1998,1.5,4,2.67,4,0,0,0,0,0,0,0.0,0,0,0,0,0,0.0
Alessandro Bastoni, ITA,DF,Inter,23,1999,10.9,17,1.55,15,1,1,0,0,0,4,0.37,3,0,1,0,0,0.0
Dylan Batubinsika, COD,DF,Maccabi Haifa,26,1996,5.0,2,0.4,1,0,0,0,0,1,1,0.2,1,0,0,0,0,0.0
Martin Baturina, CRO,MF,Dinamo Zagreb,19,2003,0.7,4,6.21,3,0,0,0,1,0,0,0.0,0,0,0,0,0,0.0
Raoul Bellanova, ITA,"DF,MF",Inter,22,2000,1.3,2,1.5,1,0,1,0,0,0,0,0.0,0,0,0,0,0,0.0
Héctor Bellerín, ESP,DF,Barcelona,27,1995,2.0,1,0.5,1,0,0,0,0,0,0,0.0,0,0,0,0,0,0.0
Jude Bellingham, ENG,MF,Dortmund,19,2003,7.0,23,3.29,20,0,2,0,1,0,4,0.57,4,0,0,0,0,0.0
Ismaël Bennacer, ALG,MF,Milan,24,1997,6.5,18,2.77,14,2,0,1,1,0,3,0.46,2,0,0,0,1,0.0
Rodrigo Bentancur, URU,"MF,FW",Tottenham,25,1997,5.6,16,2.86,14,0,1,0,0,1,1,0.18,1,0,0,0,0,0.0
Karim Benzema, FRA,FW,Real Madrid,34,1987,8.3,36,4.35,31,0,3,2,0,0,4,0.48,3,0,1,0,0,0.0
Steven Berghuis, NED,"MF,FW",Ajax,30,1991,5.1,16,3.11,12,4,0,0,0,0,3,0.58,2,1,0,0,0,0.0
Steven Bergwijn, NED,FW,Ajax,24,1997,5.8,18,3.11,15,1,1,1,0,0,2,0.35,1,0,1,0,0,0.0
Alexandro Bernabei, ARG,FW,Celtic,21,2000,0.1,2,16.36,1,0,1,0,0,0,0,0.0,0,0,0,0,0,0.0
Bernardo, BRA,DF,RB Salzburg,27,1995,3.0,1,0.33,0,0,0,1,0,0,0,0.0,0,0,0,0,0,0.0
Juan Bernat, ESP,DF,Paris S-G,29,1993,3.1,4,1.31,3,0,0,0,1,0,1,0.33,0,0,0,0,1,0.0
Victor Bernth Kristiansen, DEN,"DF,MF",FC Copenhagen,19,2002,5.4,9,1.68,6,3,0,0,0,0,0,0.0,0,0,0,0,0,0.0
Modou Biramé Ndiaye, SEN,MF,Viktoria Plzeň,25,1996,2.0,5,2.47,2,0,0,1,1,1,0,0.0,0,0,0,0,0,0.0
Yves Bissouma, MLI,MF,Tottenham,25,1996,1.0,0,0.0,0,0,0,0,0,0,0,0.0,0,0,0,0,0,0.0
Janis Blaswich, GER,GK,RB Leipzig,31,1991,5.9,0,0.0,0,0,0,0,0,0,0,0.0,0,0,0,0,0,0.0
Daley Blind, NED,DF,Ajax,32,1990,4.5,8,1.76,6,1,0,1,0,0,2,0.44,2,0,0,0,0,0.0
Petar Bočkaj, CRO,"DF,FW",Dinamo Zagreb,26,1996,0.4,2,4.74,2,0,0,0,0,0,0,0.0,0,0,0,0,0,0.0
Nicolai Boilesen, DEN,DF,FC Copenhagen,30,1992,1.1,1,0.9,1,0,0,0,0,0,0,0.0,0,0,0,0,0,0.0
Valerii Bondar, UKR,DF,Shakhtar,23,1999,6.0,1,0.17,1,0,0,0,0,0,0,0.0,0,0,0,0,0,0.0
Artem Bondarenko, UKR,MF,Shakhtar,21,2000,5.4,6,1.12,6,0,0,0,0,0,0,0.0,0,0,0,0,0,0.0
Leonardo Bonucci, ITA,DF,Juventus,35,1987,4.9,1,0.2,1,0,0,0,0,0,0,0.0,0,0,0,0,0,0.0
Gonçalo Borges, POR,"MF,FW",Porto,21,2001,0.4,2,4.62,1,0,0,1,0,0,0,0.0,0,0,0,0,0,0.0
Rafael Borré, COL,FW,Eint Frankfurt,26,1995,2.5,6,2.38,5,0,0,1,0,0,1,0.4,0,0,0,1,0,0.0
Yassine Bounou, MAR,GK,Sevilla,31,1991,4.0,0,0.0,0,0,0,0,0,0,0,0.0,0,0,0,0,0,0.0
Dedryck Boyata, BEL,DF,Club Brugge,31,1990,1.5,0,0.0,0,0,0,0,0,0,0,0.0,0,0,0,0,0,0.0
Julian Brandt, GER,"MF,FW",Dortmund,26,1996,5.3,20,3.78,15,0,2,3,0,0,1,0.19,1,0,0,0,0,0.0
Gleison Bremer, BRA,DF,Juventus,25,1997,3.0,2,0.67,2,0,0,0,0,0,1,0.33,1,0,0,0,0,0.0
Brian Brobbey, NED,FW,Ajax,20,2002,1.3,3,2.37,2,0,0,0,1,0,1,0.79,0,0,0,0,1,0.0
Armando Broja, ALB,FW,Chelsea,20,2001,1.3,4,3.13,4,0,0,0,0,0,0,0.0,0,0,0,0,0,0.0
Marcelo Brozović, CRO,MF,Inter,29,1992,6.1,18,2.95,13,2,1,0,1,1,0,0.0,0,0,0,0,0,0.0
Pavel Bucha, CZE,MF,Viktoria Plzeň,24,1998,4.0,13,3.21,11,1,0,1,0,0,0,0.0,0,0,0,0,0,0.0
Tajon Buchanan, CAN,"DF,MF",Club Brugge,23,1999,5.8,9,1.55,5,0,0,1,3,0,1,0.17,1,0,0,0,0,0.0
Marko Bulat, CRO,MF,Dinamo Zagreb,20,2001,0.3,2,6.21,2,0,0,0,0,0,0,0.0,0,0,0,0,0,0.0
Sergio Busquets, ESP,MF,Barcelona,34,1988,3.2,8,2.5,6,0,0,0,2,0,0,0.0,0,0,0,0,0,0.0
Aurélio Buta, POR,DF,Eint Frankfurt,25,1997,1.8,0,0.0,0,0,0,0,0,0,0,0.0,0,0,0,0,0,0.0
Jamie Bynoe-Gittens, ENG,MF,Dortmund,17,2004,0.4,0,0.0,0,0,0,0,0,0,0,0.0,0,0,0,0,0,0.0
Jovane Cabral, CPV,MF,Sporting CP,24,1998,0.1,0,0.0,0,0,0,0,0,0,0,0.0,0,0,0,0,0,0.0
Davide Calabria, ITA,DF,Milan,25,1996,5.5,9,1.63,9,0,0,0,0,0,0,0.0,0,0,0,0,0,0.0
Hakan Çalhanoğlu, TUR,MF,Inter,28,1994,8.9,30,3.36,16,12,0,1,1,0,2,0.22,1,1,0,0,0,0.0
Eduardo Camavinga, FRA,"MF,DF",Real Madrid,19,2002,8.0,13,1.62,12,0,0,0,1,0,2,0.25,2,0,0,0,0,0.0
Emre Can, GER,MF,Dortmund,28,1994,6.3,4,0.64,3,0,0,0,0,1,1,0.16,1,0,0,0,0,0.0
João Cancelo, POR,DF,Bayern Munich,28,1994,1.4,3,2.21,3,0,0,0,0,0,1,0.74,1,0,0,0,0,0.0
João Cancelo, POR,DF,Manchester City,28,1994,4.2,12,2.86,10,0,0,1,1,0,4,0.95,4,0,0,0,0,0.0
Nicolás Capaldo, ARG,MF,RB Salzburg,24,1997,3.0,5,1.67,5,0,0,0,0,0,0,0.0,0,0,0,0,0,0.0
Valentin Carboni, ARG,FW,Inter,17,2005,0.2,0,0.0,0,0,0,0,0,0,0,0.0,0,0,0,0,0,0.0
Fábio Cardoso, POR,DF,Porto,28,1994,4.0,1,0.25,1,0,0,0,0,0,0,0.0,0,0,0,0,0,0.0
David Carmo, POR,DF,Porto,23,1999,5.0,2,0.4,1,0,0,1,0,0,1,0.2,1,0,0,0,0,0.0
Carmona, ESP,DF,Sevilla,20,2002,5.0,5,1.0,4,0,1,0,0,0,0,0.0,0,0,0,0,0,0.0
Yannick Carrasco, BEL,"DF,MF",Atlético Madrid,28,1993,3.0,14,4.13,11,1,0,2,0,0,1,0.3,1,0,0,0,0,0.0
Cameron Carter-Vickers, USA,DF,Celtic,24,1997,4.0,0,0.0,0,0,0,0,0,0,0,0.0,0,0,0,0,0,0.0
Dani Carvajal, ESP,DF,Real Madrid,30,1992,9.7,22,2.28,19,1,0,0,1,1,1,0.1,1,0,0,0,0,0.0
Fabio Carvalho, POR,"MF,FW",Liverpool,19,2002,1.3,5,3.91,3,0,0,2,0,0,2,1.57,1,0,0,1,0,0.0
Marc Casado, ESP,MF,Barcelona,18,2003,0.3,0,0.0,0,0,0,0,0,0,0,0.0,0,0,0,0,0,0.0
Dani Ceballos, ESP,MF,Real Madrid,25,1996,1.0,4,4.14,3,1,0,0,0,0,0,0.0,0,0,0,0,0,0.0
Aleš Čermák, CZE,MF,Viktoria Plzeň,27,1994,0.4,1,2.73,1,0,0,0,0,0,0,0.0,0,0,0,0,0,0.0
El Chadaille Bitshiabu, FRA,DF,Paris S-G,17,2005,0.5,0,0.0,0,0,0,0,0,0,0,0.0,0,0,0,0,0,0.0
Trevoh Chalobah, ENG,DF,Chelsea,23,1999,4.9,4,0.82,4,0,0,0,0,0,0,0.0,0,0,0,0,0,0.0
Timothy Chandler, USA,DF,Eint Frankfurt,32,1990,0.1,0,0.0,0,0,0,0,0,0,0,0.0,0,0,0,0,0,0.0
Tjaronn Chery, SUR,"MF,FW",Maccabi Haifa,34,1988,6.0,25,4.17,17,2,3,2,1,0,2,0.33,2,0,0,0,0,0.0
Federico Chiesa, ITA,FW,Juventus,24,1997,0.2,1,5.29,1,0,0,0,0,0,0,0.0,0,0,0,0,0,0.0
Ben Chilwell, ENG,"DF,MF",Chelsea,25,1996,6.2,23,3.72,8,13,1,0,1,0,1,0.16,1,0,0,0,0,0.0
Chiquinho, POR,MF,Benfica,27,1995,4.5,16,3.56,8,4,3,0,1,0,3,0.67,1,0,1,0,1,0.0
Tomáš Chorý, CZE,FW,Viktoria Plzeň,27,1995,4.0,7,1.75,4,0,0,1,2,0,2,0.5,0,0,0,1,1,0.0
Andreas Christensen, DEN,DF,Barcelona,26,1996,2.4,4,1.67,4,0,0,0,0,0,1,0.42,1,0,0,0,0,0.0
Viktor Claesson, SWE,"FW,MF",FC Copenhagen,30,1992,5.4,13,2.43,11,0,0,1,0,1,1,0.19,1,0,0,0,0,0.0
Jonathan Clauss, FRA,DF,Marseille,29,1992,4.6,6,1.31,5,1,0,0,0,0,1,0.22,1,0,0,0,0,0.0
William Clem, DEN,MF,FC Copenhagen,18,2004,1.9,3,1.59,2,0,0,0,1,0,0,0.0,0,0,0,0,0,0.0
Sebastián Coates, URU,DF,Sporting CP,31,1990,4.4,0,0.0,0,0,0,0,0,0,0,0.0,0,0,0,0,0,0.0
Josh Cohen, USA,GK,Maccabi Haifa,29,1992,6.0,0,0.0,0,0,0,0,0,0,0,0.0,0,0,0,0,0,0.0
Antonio Čolak, CRO,FW,Rangers,28,1993,3.2,3,0.95,3,0,0,0,0,0,1,0.32,1,0,0,0,0,0.0
Kingsley Coman, FRA,"FW,DF",Bayern Munich,26,1996,5.9,31,5.23,26,0,4,0,1,0,2,0.34,2,0,0,0,0,0.0
Francisco Conceição, POR,"FW,MF",Ajax,19,2002,0.2,0,0.0,0,0,0,0,0,0,0,0.0,0,0,0,0,0,0.0
Rodrigo Conceição, POR,DF,Porto,22,2000,0.1,0,0.0,0,0,0,0,0,0,0,0.0,0,0,0,0,0,0.0
Andreas Cornelius, DEN,FW,FC Copenhagen,29,1993,1.2,1,0.83,1,0,0,0,0,0,0,0.0,0,0,0,0,0,0.0
Pierre Cornud, FRA,DF,Maccabi Haifa,25,1996,4.1,14,3.4,11,0,1,1,1,0,2,0.49,1,0,0,0,1,0.0
Ángel Correa, ARG,"FW,MF",Atlético Madrid,27,1995,3.5,13,4.12,8,2,1,1,1,0,2,0.63,2,0,0,0,0,0.0
Joaquín Correa, ARG,FW,Inter,27,1994,3.4,8,2.36,7,0,1,0,0,0,4,1.18,3,0,1,0,0,0.0
Bruno Xavier Almeida Costa, POR,MF,Porto,25,1997,0.8,3,3.7,2,1,0,0,0,0,0,0.0,0,0,0,0,0,0.0
Diogo Costa, POR,GK,Porto,22,1999,8.0,2,0.25,2,0,0,0,0,0,1,0.12,1,0,0,0,0,0.0
Soumaïla Coulibaly, FRA,DF,Dortmund,18,2003,0.2,1,4.74,1,0,0,0,0,0,0,0.0,0,0,0,0,0,0.0
Thibaut Courtois, BEL,GK,Real Madrid,30,1992,10.0,0,0.0,0,0,0,0,0,0,0,0.0,0,0,0,0,0,0.0
Juan Cuadrado, COL,"DF,MF",Juventus,34,1988,4.8,17,3.54,12,2,0,0,3,0,1,0.21,0,0,0,0,1,0.0
Marc Cucurella, ESP,DF,Chelsea,24,1998,4.6,9,1.95,6,3,0,0,0,0,0,0.0,0,0,0,0,0,0.0
Matheus Cunha, BRA,"FW,MF",Atlético Madrid,23,1999,1.4,13,9.59,6,0,1,2,2,2,0,0.0,0,0,0,0,0,0.0
Danilo D'Ambrosio, ITA,DF,Inter,33,1988,1.8,4,2.25,3,0,0,0,1,0,0,0.0,0,0,0,0,0,0.0
Danilo, BRA,DF,Juventus,31,1991,4.7,7,1.48,6,0,0,1,0,0,0,0.0,0,0,0,0,0,0.0
Arnaut Danjuma, NED,MF,Tottenham,25,1997,0.1,0,0.0,0,0,0,0,0,0,0,0.0,0,0,0,0,0,0.0
Mohammed Daramy, DEN,FW,FC Copenhagen,20,2002,4.9,19,3.85,15,0,2,1,1,0,0,0.0,0,0,0,0,0,0.0
Matteo Darmian, ITA,DF,Inter,32,1989,9.1,5,0.55,3,1,0,1,0,0,0,0.0,0,0,0,0,0,0.0
Dean David, ISR,"FW,DF",Maccabi Haifa,26,1996,2.6,8,3.03,2,0,5,0,1,0,1,0.38,0,0,1,0,0,0.0
Alphonso Davies, CAN,DF,Bayern Munich,21,2000,6.7,21,3.13,17,0,3,1,0,0,3,0.45,3,0,0,0,0,0.0
Ben Davies, WAL,DF,Tottenham,29,1993,4.4,3,0.69,3,0,0,0,0,0,1,0.23,1,0,0,0,0,0.0
Ben Davies, ENG,DF,Rangers,26,1995,2.9,2,0.69,1,0,0,1,0,0,0,0.0,0,0,0,0,0,0.0
Steven Davis, NIR,MF,Rangers,37,1985,2.8,2,0.72,1,0,0,0,1,0,0,0.0,0,0,0,0,0,0.0
Kevin De Bruyne, BEL,MF,Manchester City,31,1991,8.0,42,5.28,28,6,4,3,1,0,7,0.88,5,1,0,1,0,0.0
Charles De Ketelaere, BEL,"MF,FW",Milan,21,2001,2.6,2,0.77,1,0,0,1,0,0,0,0.0,0,0,0,0,0,0.0
Rodrigo De Paul, ARG,MF,Atlético Madrid,28,1994,2.8,14,4.92,12,2,0,0,0,0,1,0.35,1,0,0,0,0,0.0
Mattia De Sciglio, ITA,DF,Juventus,29,1992,1.1,3,2.84,2,1,0,0,0,0,0,0.0,0,0,0,0,0,0.0
Amar Dedić, BIH,DF,RB Salzburg,19,2002,6.0,15,2.5,11,1,1,1,1,0,0,0.0,0,0,0,0,0,0.0
Thomas Delaney, DEN,MF,Sevilla,30,1991,2.6,5,1.96,4,0,0,1,0,0,0,0.0,0,0,0,0,0,0.0
Ousmane Dembélé, FRA,FW,Barcelona,25,1997,4.6,28,6.1,16,5,3,1,1,2,4,0.87,2,1,0,0,0,1.0
Kerem Demirbay, GER,MF,Leverkusen,29,1993,3.0,11,3.69,8,2,1,0,0,0,0,0.0,0,0,0,0,0,0.0
Sergiño Dest, USA,DF,Milan,21,2000,2.1,3,1.41,3,0,0,0,0,0,0,0.0,0,0,0,0,0,0.0
Giovanni Di Lorenzo, ITA,DF,Napoli,28,1993,9.9,29,2.94,28,0,1,0,0,0,3,0.3,3,0,0,0,0,0.0
Ángel Di María, ARG,FW,Juventus,34,1988,1.6,10,6.16,7,2,0,1,0,0,3,1.85,2,1,0,0,0,0.0
Moussa Diaby, FRA,"FW,MF",Leverkusen,23,1999,5.6,14,2.5,10,0,1,3,0,0,0,0.0,0,0,0,0,0,0.0
Abdou Diallo, SEN,"DF,MF",RB Leipzig,26,1996,2.5,7,2.79,7,0,0,0,0,0,1,0.4,1,0,0,0,0,0.0
Rúben Dias, POR,DF,Manchester City,25,1997,11.7,11,0.94,9,0,1,1,0,0,1,0.09,0,0,0,1,0,0.0
Brahim Díaz, ESP,"MF,FW",Milan,22,1999,6.7,22,3.29,16,0,0,5,1,0,3,0.45,2,0,0,1,0,0.0
Luis Díaz, COL,FW,Liverpool,25,1997,3.0,13,4.35,8,0,2,1,2,0,3,1.0,1,0,1,0,1,0.0
Eric Dier, ENG,DF,Tottenham,28,1994,6.9,4,0.58,3,0,0,1,0,0,0,0.0,0,0,0,0,0,0.0
Kevin Diks, NED,DF,FC Copenhagen,25,1996,3.7,2,0.54,2,0,0,0,0,0,0,0.0,0,0,0,0,0,0.0
Federico Dimarco, ITA,DF,Inter,24,1997,8.1,29,3.59,17,8,0,4,0,0,7,0.87,5,2,0,0,0,0.0
Junior Dina Ebimbe, FRA,"MF,DF",Eint Frankfurt,21,2000,2.7,4,1.49,3,0,0,0,1,0,0,0.0,0,0,0,0,0,0.0
Marko Dmitrović, SRB,GK,Sevilla,30,1992,2.0,1,0.5,0,1,0,0,0,0,0,0.0,0,0,0,0,0,0.0
Matt Doherty, IRL,DF,Tottenham,30,1992,0.8,2,2.4,2,0,0,0,0,0,0,0.0,0,0,0,0,0,0.0
Kasper Dolberg, DEN,FW,Sevilla,24,1997,1.2,3,2.45,2,0,1,0,0,0,0,0.0,0,0,0,0,0,0.0
Gianluigi Donnarumma, ITA,GK,Paris S-G,23,1999,8.0,0,0.0,0,0,0,0,0,0,0,0.0,0,0,0,0,0,0.0
Julian Draxler, GER,MF,Benfica,28,1993,0.4,2,5.81,1,0,1,0,0,0,0,0.0,0,0,0,0,0,0.0
Josip Drmić, SUI,FW,Dinamo Zagreb,29,1992,1.1,3,2.87,3,0,0,0,0,0,0,0.0,0,0,0,0,0,0.0
Denzel Dumfries, NED,DF,Inter,26,1996,9.8,15,1.52,5,4,1,2,2,1,0,0.0,0,0,0,0,0,0.0
Edin Džeko, BIH,FW,Inter,36,1986,9.2,24,2.62,19,0,1,2,2,0,1,0.11,1,0,0,0,0,0.0
Ederson, BRA,GK,Manchester City,28,1993,11.0,0,0.0,0,0,0,0,0,0,0,0.0,0,0,0,0,0,0.0
Jorge Eduardo Sánchez, MEX,DF,Ajax,24,1997,3.0,2,0.67,2,0,0,0,0,0,0,0.0,0,0,0,0,0,0.0
Marcus Edwards, ENG,"FW,MF",Sporting CP,23,1998,3.9,14,3.58,10,0,3,0,1,0,4,1.02,3,0,1,0,0,0.0
Hugo Ekitike, FRA,"MF,FW",Paris S-G,20,2002,0.7,0,0.0,0,0,0,0,0,0,0,0.0,0,0,0,0,0,0.0
Harvey Elliott, ENG,MF,Liverpool,19,2003,4.4,15,3.42,12,0,2,0,1,0,1,0.23,1,0,0,0,0,0.0
Elif Elmas, MKD,"FW,MF",Napoli,22,1999,3.2,10,3.16,6,1,1,1,1,0,0,0.0,0,0,0,0,0,0.0
Emerson, BRA,"DF,MF",Tottenham,23,1999,6.0,7,1.16,7,0,0,0,0,0,1,0.17,1,0,0,0,0,0.0
Youssef En-Nesyri, MAR,FW,Sevilla,25,1997,2.7,7,2.57,2,0,0,4,0,1,0,0.0,0,0,0,0,0,0.0
Ricardo Esgaio, POR,"DF,MF",Sporting CP,29,1993,1.2,1,0.83,1,0,0,0,0,0,0,0.0,0,0,0,0,0,0.0
Dario Essugo, POR,MF,Sporting CP,17,2005,0.3,0,0.0,0,0,0,0,0,0,0,0.0,0,0,0,0,0,0.0
Stephen Eustáquio, CAN,MF,Porto,25,1996,6.6,13,1.97,8,2,0,2,1,0,1,0.15,0,0,0,1,0,0.0
Evanilson, BRA,FW,Porto,22,1999,5.7,13,2.28,9,0,0,3,1,0,1,0.18,0,0,0,1,0,0.0
Fabinho, BRA,MF,Liverpool,28,1993,7.0,16,2.28,15,0,0,0,1,0,0,0.0,0,0,0,0,0,0.0
Nicolò Fagioli, ITA,MF,Juventus,21,2001,1.2,4,3.33,4,0,0,0,0,0,0,0.0,0,0,0,0,0,0.0
Rasmus Falk, DEN,MF,FC Copenhagen,30,1992,2.1,6,2.86,5,0,0,0,1,0,0,0.0,0,0,0,0,0,0.0
Abdul Fatawu Issahaku, GHA,"MF,DF",Sporting CP,18,2004,1.0,1,1.01,1,0,0,0,0,0,0,0.0,0,0,0,0,0,0.0
Ansu Fati, ESP,FW,Barcelona,19,2002,2.7,7,2.6,3,0,2,2,0,0,2,0.74,1,0,0,1,0,0.0
Felipe, BRA,DF,Atlético Madrid,33,1989,1.0,2,2.0,0,0,0,1,0,1,0,0.0,0,0,0,0,0,0.0
João Félix, POR,"FW,MF",Chelsea,22,1999,2.7,15,5.53,7,1,3,2,2,0,0,0.0,0,0,0,0,0,0.0
João Félix, POR,FW,Atlético Madrid,22,1999,2.4,12,4.98,8,0,1,2,1,0,0,0.0,0,0,0,0,0,0.0
Mateus Fernandes, POR,MF,Sporting CP,18,2004,0.3,0,0.0,0,0,0,0,0,0,0,0.0,0,0,0,0,0,0.0
Enzo Fernández, ARG,MF,Benfica,21,2001,4.7,9,1.9,6,1,1,1,0,0,1,0.21,1,0,0,0,0,0.0
Enzo Fernández, ARG,MF,Chelsea,21,2001,3.7,9,2.44,8,0,1,0,0,0,0,0.0,0,0,0,0,0,0.0
Fernando, BRA,FW,RB Salzburg,23,1999,0.7,3,4.22,2,0,0,0,0,1,1,1.41,1,0,0,0,0,0.0
Fernando, BRA,MF,Sevilla,35,1987,1.0,1,1.0,1,0,0,0,0,0,0,0.0,0,0,0,0,0,0.0
Roberto Firmino, BRA,"FW,MF",Liverpool,30,1991,4.6,18,3.88,16,0,1,1,0,0,2,0.43,2,0,0,0,0,0.0
Phil Foden, ENG,"MF,FW",Manchester City,22,2000,4.3,20,4.69,9,5,2,2,2,0,5,1.17,3,0,1,1,0,0.0
Wesley Fofana, FRA,DF,Chelsea,21,2000,4.4,5,1.13,5,0,0,0,0,0,0,0.0,0,0,0,0,0,0.0
Bernardo Folha, POR,MF,Porto,20,2002,0.1,0,0.0,0,0,0,0,0,0,0,0.0,0,0,0,0,0,0.0
James Forrest, SCO,FW,Celtic,31,1991,1.0,3,2.97,3,0,0,0,0,0,0,0.0,0,0,0,0,0,0.0
Emil Forsberg, SWE,"MF,FW",RB Leipzig,30,1991,4.5,10,2.24,8,1,0,1,0,0,0,0.0,0,0,0,0,0,0.0
Fraser Forster, ENG,GK,Tottenham,34,1988,2.0,0,0.0,0,0,0,0,0,0,0,0.0,0,0,0,0,0,0.0
Timothy Fosu-Mensah, NED,"MF,DF",Leverkusen,24,1998,0.1,0,0.0,0,0,0,0,0,0,0,0.0,0,0,0,0,0,0.0
Lassina Franck Traoré, BFA,FW,Shakhtar,21,2001,2.7,2,0.74,1,0,0,1,0,0,0,0.0,0,0,0,0,0,0.0
André Franco, POR,MF,Porto,24,1998,0.2,1,4.29,1,0,0,0,0,0,0,0.0,0,0,0,0,0,0.0
Jeremie Frimpong, NED,"MF,FW",Leverkusen,21,2000,4.2,8,1.93,6,0,1,0,1,0,2,0.48,2,0,0,0,0,0.0
Kyogo Furuhashi, JPN,FW,Celtic,27,1995,4.0,7,1.76,5,0,0,2,0,0,1,0.25,1,0,0,0,0,0.0
Matteo Gabbia, ITA,DF,Milan,22,1999,2.3,1,0.43,1,0,0,0,0,0,0,0.0,0,0,0,0,0,0.0
Gianluca Gaetano, ITA,MF,Napoli,22,2000,0.3,1,2.9,1,0,0,0,0,0,1,2.9,1,0,0,0,0,0.0
Roberto Gagliardini, ITA,MF,Inter,28,1994,1.3,4,3.1,4,0,0,0,0,0,0,0.0,0,0,0,0,0,0.0
Cody Gakpo, NED,"FW,MF",Liverpool,23,1999,1.7,3,1.78,2,0,0,1,0,0,0,0.0,0,0,0,0,0,0.0
Galeno, BRA,"FW,MF",Porto,24,1997,6.3,24,3.84,18,1,1,2,2,0,6,0.96,3,0,1,0,2,0.0
Conor Gallagher, ENG,MF,Chelsea,22,2000,3.3,12,3.59,7,2,0,2,1,0,1,0.3,1,0,0,0,0,0.0
Eric García, ESP,DF,Barcelona,21,2001,2.5,2,0.8,1,0,0,0,0,1,1,0.4,1,0,0,0,0,0.0
Federico Gatti, ITA,DF,Juventus,24,1998,2.0,1,0.5,1,0,0,0,0,0,0,0.0,0,0,0,0,0,0.0
Gavi, ESP,MF,Barcelona,17,2004,3.7,12,3.28,11,0,0,0,0,1,0,0.0,0,0,0,0,0,0.0
Gerson, BRA,MF,Marseille,25,1997,1.3,0,0.0,0,0,0,0,0,0,0,0.0,0,0,0,0,0,0.0
Giorgos Giakoumakis, GRE,FW,Celtic,27,1994,2.7,7,2.55,4,0,0,1,1,1,0,0.0,0,0,0,0,0,0.0
Samuel Gigot, FRA,DF,Marseille,28,1993,2.8,1,0.36,1,0,0,0,0,0,0,0.0,0,0,0,0,0,0.0
Bryan Gil, ESP,MF,Tottenham,21,2001,0.4,5,11.54,2,0,0,1,2,0,1,2.31,0,0,0,1,0,0.0
Gilberto, BRA,DF,Benfica,29,1993,2.2,3,1.34,2,0,0,0,1,0,1,0.45,0,0,0,0,1,0.0
Olivier Giroud, FRA,FW,Milan,35,1986,10.4,17,1.64,13,1,0,3,0,0,2,0.19,2,0,0,0,0,0.0
Serge Gnabry, GER,"FW,MF",Bayern Munich,27,1995,3.8,12,3.16,9,0,1,2,0,0,3,0.79,2,0,0,1,0,0.0
Sean Goldberg, ISR,DF,Maccabi Haifa,27,1995,6.0,6,1.0,5,0,0,1,0,0,0,0.0,0,0,0,0,0,0.0
Connor Goldson, ENG,DF,Rangers,29,1992,3.5,1,0.29,1,0,0,0,0,0,0,0.0,0,0,0,0,0,0.0
Joe Gomez, ENG,DF,Liverpool,25,1997,3.3,5,1.51,4,0,0,0,0,1,1,0.3,1,0,0,0,0,0.0
Papu Gómez, ARG,"FW,MF",Sevilla,34,1988,2.7,6,2.2,5,0,0,1,0,0,1,0.37,1,0,0,0,0,0.0
Sergio Gómez, ESP,"DF,MF",Manchester City,21,2000,3.4,10,2.95,9,0,0,1,0,0,1,0.3,0,0,0,1,0,0.0
Diogo Gonçalves, POR,"FW,MF",Benfica,25,1997,0.4,2,4.62,0,0,1,0,1,0,0,0.0,0,0,0,0,0,0.0
Pedro Gonçalves, POR,"MF,FW",Sporting CP,24,1998,4.0,12,2.98,10,2,0,0,0,0,3,0.75,2,1,0,0,0,0.0
Leon Goretzka, GER,MF,Bayern Munich,27,1995,6.7,19,2.82,17,0,0,2,0,0,7,1.04,6,0,0,1,0,0.0
Robin Gosens, GER,DF,Inter,28,1994,4.7,12,2.54,8,2,0,1,1,0,1,0.21,1,0,0,0,0,0.0
Mario Götze, GER,"MF,FW",Eint Frankfurt,30,1992,5.8,17,2.93,14,2,0,1,0,0,3,0.52,2,1,0,0,0,0.0
Lucas Gourna-Douath, FRA,MF,RB Salzburg,18,2003,3.5,6,1.71,4,0,0,0,2,0,0,0.0,0,0,0,0,0,0.0
Kamil Grabara, POL,GK,FC Copenhagen,23,1999,4.0,0,0.0,0,0,0,0,0,0,0,0.0,0,0,0,0,0,0.0
Ryan Gravenberch, NED,MF,Bayern Munich,20,2002,2.8,12,4.25,10,0,1,0,1,0,0,0.0,0,0,0,0,0,0.0
Ivo Grbić, CRO,GK,Atlético Madrid,26,1996,1.0,0,0.0,0,0,0,0,0,0,0,0.0,0,0,0,0,0,0.0
Jack Grealish, ENG,FW,Manchester City,26,1995,10.4,55,5.31,43,6,2,1,3,0,6,0.58,5,0,0,0,1,0.0
Antoine Griezmann, FRA,"FW,MF",Atlético Madrid,31,1991,4.5,21,4.64,14,2,2,2,0,1,1,0.22,1,0,0,0,0,0.0
Florian Grillitsch, AUT,MF,Ajax,26,1995,0.7,1,1.53,0,1,0,0,0,0,0,0.0,0,0,0,0,0,0.0
Álex Grimaldo, ESP,DF,Benfica,26,1995,10.0,29,2.9,21,6,1,1,0,0,6,0.6,4,1,1,0,0,0.0
Marko Grujić, SRB,MF,Porto,26,1996,3.1,12,3.88,11,0,0,1,0,0,0,0.0,0,0,0,0,0,0.0
Nemanja Gudelj, SRB,"DF,MF",Sevilla,30,1991,5.5,4,0.73,3,0,0,1,0,0,0,0.0,0,0,0,0,0,0.0
Gonçalo Guedes, POR,"FW,MF",Benfica,25,1996,0.5,2,4.19,2,0,0,0,0,0,0,0.0,0,0,0,0,0,0.0
Mattéo Guendouzi, FRA,MF,Marseille,23,1999,4.6,11,2.37,6,2,0,1,1,1,0,0.0,0,0,0,0,0,0.0
Raphaël Guerreiro, POR,DF,Dortmund,28,1993,5.3,13,2.44,11,2,0,0,0,0,2,0.38,2,0,0,0,0,0.0
Pape Gueye, SEN,MF,Marseille,23,1999,0.4,3,7.3,3,0,0,0,0,0,0,0.0,0,0,0,0,0,0.0
Péter Gulácsi, HUN,GK,RB Leipzig,32,1990,2.1,1,0.47,1,0,0,0,0,0,0,0.0,0,0,0,0,0,0.0
İlkay Gündoğan, GER,MF,Manchester City,31,1990,11.0,35,3.17,29,1,0,4,1,0,4,0.36,3,0,0,1,0,0.0
Joško Gvardiol, CRO,DF,RB Leipzig,20,2002,6.0,3,0.5,3,0,0,0,0,0,0,0.0,0,0,0,0,0,0.0
Erling Haaland, NOR,FW,Manchester City,22,2000,9.3,20,2.14,15,0,4,1,0,0,2,0.21,1,0,1,0,0,0.0
Amadou Haidara, MLI,MF,RB Leipzig,24,1998,3.8,9,2.38,6,0,1,2,0,0,1,0.26,1,0,0,0,0,0.0
Achraf Hakimi, MAR,"DF,MF",Paris S-G,23,1998,6.4,7,1.09,6,0,0,1,0,0,2,0.31,2,0,0,0,0,0.0
Sead Haksabanović, MNE,"MF,FW",Celtic,23,1999,2.5,16,6.32,10,5,0,1,0,0,0,0.0,0,0,0,0,0,0.0
Sébastien Haller, CIV,FW,Dortmund,28,1994,1.6,4,2.52,3,0,0,1,0,0,0,0.0,0,0,0,0,0,0.0
Marcel Halstenberg, GER,DF,RB Leipzig,30,1991,1.9,4,2.16,3,1,0,0,0,0,1,0.54,1,0,0,0,0,0.0
Amine Harit, MAR,MF,Marseille,25,1997,4.2,30,7.12,17,6,2,1,4,0,3,0.71,0,2,0,0,1,0.0
Joe Hart, ENG,GK,Celtic,35,1987,6.0,0,0.0,0,0,0,0,0,0,0,0.0,0,0,0,0,0,0.0
Makoto Hasebe, JPN,DF,Eint Frankfurt,38,1984,2.9,1,0.35,1,0,0,0,0,0,0,0.0,0,0,0,0,0,0.0
Reo Hatate, JPN,MF,Celtic,24,1997,5.0,13,2.61,12,0,0,1,0,0,1,0.2,1,0,0,0,0,0.0
Milan Havel, CZE,DF,Viktoria Plzeň,27,1994,4.7,11,2.33,8,0,2,1,0,0,0,0.0,0,0,0,0,0,0.0
Kai Havertz, GER,"FW,MF",Chelsea,23,1999,6.9,25,3.63,20,0,1,4,0,0,0,0.0,0,0,0,0,0,0.0
Eden Hazard, BEL,"FW,MF",Real Madrid,31,1991,1.5,8,5.45,7,0,1,0,0,0,2,1.36,1,0,1,0,0,0.0
Thorgan Hazard, BEL,"DF,FW",Dortmund,29,1993,2.2,8,3.6,5,2,0,1,0,0,0,0.0,0,0,0,0,0,0.0
Dolev Haziz, ISR,DF,Maccabi Haifa,27,1995,2.3,4,1.71,3,1,0,0,0,0,1,0.43,1,0,0,0,0,0.0
Lukáš Hejda, CZE,DF,Viktoria Plzeň,32,1990,5.7,2,0.35,2,0,0,0,0,0,1,0.18,1,0,0,0,0,0.0
Jordan Henderson, ENG,MF,Liverpool,32,1990,3.1,10,3.25,10,0,0,0,0,0,2,0.65,2,0,0,0,0,0.0
Jack Hendry, SCO,DF,Club Brugge,27,1995,1.0,1,1.0,0,0,0,0,0,1,0,0.0,0,0,0,0,0,0.0
Benjamin Henrichs, GER,"DF,MF",RB Leipzig,25,1997,2.2,2,0.89,2,0,0,0,0,0,0,0.0,0,0,0,0,0,0.0
Mario Hermoso, ESP,DF,Atlético Madrid,27,1995,1.8,2,1.14,2,0,0,0,0,0,0,0.0,0,0,0,0,0,0.0
Lucas Hernández, FRA,DF,Bayern Munich,26,1996,1.9,2,1.04,1,0,0,0,1,0,0,0.0,0,0,0,0,0,0.0
Theo Hernández, FRA,DF,Milan,24,1997,10.5,28,2.67,13,6,0,4,3,2,3,0.29,3,0,0,0,0,0.0
Son Heung-min, KOR,"MF,FW",Tottenham,30,1992,6.9,20,2.91,9,6,0,1,4,0,0,0.0,0,0,0,0,0,0.0
Piero Hincapié, ECU,DF,Leverkusen,20,2002,5.0,8,1.6,6,0,1,0,0,1,0,0.0,0,0,0,0,0,0.0
Adam Hložek, CZE,"MF,FW",Leverkusen,20,2002,3.1,12,3.93,10,0,0,1,1,0,1,0.33,1,0,0,0,0,0.0
Libor Holík, CZE,DF,Viktoria Plzeň,24,1998,3.2,7,2.17,5,0,0,1,0,1,2,0.62,2,0,0,0,0,0.0
Lukáš Hrádecký, FIN,GK,Leverkusen,32,1989,6.0,0,0.0,0,0,0,0,0,0,0,0.0,0,0,0,0,0,0.0
Callum Hudson-Odoi, ENG,FW,Leverkusen,21,2000,5.1,22,4.29,19,2,1,0,0,0,2,0.39,2,0,0,0,0,0.0
Mats Hummels, GER,DF,Dortmund,33,1988,3.5,0,0.0,0,0,0,0,0,0,0,0.0,0,0,0,0,0,0.0
Pierre Højbjerg, DEN,MF,Tottenham,26,1995,6.9,17,2.45,15,0,1,0,1,0,3,0.43,3,0,0,0,0,0.0
Samuel Iling-Junior, ENG,DF,Juventus,18,2003,0.2,2,8.57,2,0,0,0,0,0,1,4.29,1,0,0,0,0,0.0
Gonçalo Inácio, POR,DF,Sporting CP,20,2001,6.0,1,0.17,1,0,0,0,0,0,0,0.0,0,0,0,0,0,0.0
Isco, ESP,"MF,FW",Sevilla,30,1992,4.4,13,2.93,9,2,1,0,1,0,1,0.23,0,1,0,0,0,0.0
Franco Israel, URU,GK,Sporting CP,22,2000,1.7,0,0.0,0,0,0,0,0,0,0,0.0,0,0,0,0,0,0.0
Luka Ivanušec, CRO,MF,Dinamo Zagreb,23,1998,5.8,16,2.74,12,0,0,3,1,0,0,0.0,0,0,0,0,0,0.0
Ryan Jack, SCO,MF,Rangers,30,1992,2.1,6,2.83,6,0,0,0,0,0,1,0.47,1,0,0,0,0,0.0
Kristijan Jakić, CRO,DF,Eint Frankfurt,25,1997,6.8,6,0.88,3,2,0,0,1,0,0,0.0,0,0,0,0,0,0.0
Reece James, ENG,"DF,MF",Chelsea,22,1999,7.7,30,3.91,23,1,2,1,3,0,3,0.39,3,0,0,0,0,0.0
Adnan Januzaj, BEL,"FW,MF",Sevilla,27,1995,0.6,2,3.46,2,0,0,0,0,0,0,0.0,0,0,0,0,0,0.0
Luis Javier Suárez, COL,FW,Marseille,24,1997,1.3,5,3.91,3,0,0,0,2,0,0,0.0,0,0,0,0,0,0.0
Elias Jelert, DEN,"DF,MF",FC Copenhagen,19,2003,2.1,3,1.41,3,0,0,0,0,0,0,0.0,0,0,0,0,0,0.0
Václav Jemelka, CZE,DF,Viktoria Plzeň,27,1995,4.0,5,1.25,5,0,0,0,0,0,1,0.25,1,0,0,0,0,0.0
Valdemar Jensen, DEN,DF,FC Copenhagen,19,2003,3.4,0,0.0,0,0,0,0,0,0,0,0.0,0,0,0,0,0,0.0
Moritz Jenz, GER,DF,Celtic,23,1999,6.0,3,0.5,3,0,0,0,0,0,0,0.0,0,0,0,0,0,0.0
Juan Jesus, BRA,DF,Napoli,31,1991,2.3,0,0.0,0,0,0,0,0,0,0,0.0,0,0,0,0,0,0.0
Erik Jirka, SVK,"FW,MF",Viktoria Plzeň,24,1997,3.0,10,3.38,9,1,0,0,0,0,1,0.34,1,0,0,0,0,0.0
Ísak Jóhannesson, ISL,"FW,MF",FC Copenhagen,19,2003,3.2,6,1.86,3,3,0,0,0,0,0,0.0,0,0,0,0,0,0.0
Curtis Jones, ENG,"FW,MF",Liverpool,21,2001,1.1,3,2.7,2,0,0,1,0,0,0,0.0,0,0,0,0,0,0.0
Frenkie de Jong, NED,MF,Barcelona,25,1997,2.6,5,1.89,5,0,0,0,0,0,2,0.76,2,0,0,0,0,0.0
Joan Jordán, ESP,MF,Sevilla,28,1994,2.9,8,2.77,6,1,0,0,1,0,0,0.0,0,0,0,0,0,0.0
Jorginho, ITA,MF,Chelsea,30,1991,4.6,16,3.45,15,0,0,0,1,0,1,0.22,1,0,0,0,0,0.0
Jota, POR,FW,Celtic,23,1999,3.2,19,6.02,10,2,6,0,1,0,1,0.32,0,0,0,0,1,0.0
Diogo Jota, POR,"FW,MF",Liverpool,25,1996,2.9,17,5.82,13,0,2,1,1,0,3,1.03,3,0,0,0,0,0.0
Vinicius Júnior, BRA,FW,Real Madrid,22,2000,10.8,53,4.91,34,0,10,3,6,0,8,0.74,6,0,0,1,1,0.0
Josip Juranović, CRO,DF,Celtic,26,1995,6.0,14,2.33,14,0,0,0,0,0,0,0.0,0,0,0,0,0,0.0
Jutglà, ESP,FW,Club Brugge,23,1999,5.7,11,1.94,7,0,2,1,1,0,5,0.88,3,0,1,0,1,0.0
Issa Kaboré, BFA,DF,Marseille,21,2001,1.3,1,0.8,1,0,0,0,0,0,0,0.0,0,0,0,0,0,0.0
Pierre Kalulu, FRA,DF,Milan,22,2000,8.3,10,1.2,9,0,0,0,0,1,0,0.0,0,0,0,0,0,0.0
Lukáš Kalvach, CZE,MF,Viktoria Plzeň,27,1995,5.5,14,2.57,8,4,0,0,1,1,0,0.0,0,0,0,0,0,0.0
Daichi Kamada, JPN,"MF,FW",Eint Frankfurt,25,1996,7.7,15,1.94,9,2,1,2,1,0,0,0.0,0,0,0,0,0,0.0
Glen Kamara, FIN,MF,Rangers,26,1995,1.4,2,1.42,2,0,0,0,0,0,0,0.0,0,0,0,0,0,0.0
Dijon Kameri, KVX,MF,RB Salzburg,18,2004,1.3,3,2.23,2,0,1,0,0,0,0,0.0,0,0,0,0,0,0.0
Kevin Kampl, SVN,MF,RB Leipzig,31,1990,3.0,4,1.32,4,0,0,0,0,0,0,0.0,0,0,0,0,0,0.0
Harry Kane, ENG,FW,Tottenham,29,1993,8.0,28,3.5,18,1,1,3,5,0,5,0.62,2,0,1,0,2,0.0
N'Golo Kanté, FRA,MF,Chelsea,31,1991,1.8,6,3.29,6,0,0,0,0,0,0,0.0,0,0,0,0,0,0.0
Mamoudou Karamoko, FRA,FW,FC Copenhagen,22,1999,0.5,0,0.0,0,0,0,0,0,0,0,0.0,0,0,0,0,0,0.0
Moise Kean, ITA,"FW,MF",Juventus,22,2000,1.2,1,0.81,0,0,1,0,0,0,0,0.0,0,0,0,0,0,0.0
Ryan Kent, ENG,"FW,MF",Rangers,25,1996,5.6,13,2.31,8,0,2,1,2,0,0,0.0,0,0,0,0,0,0.0
Franck Kessié, CIV,MF,Barcelona,25,1996,3.0,3,0.99,2,0,0,0,1,0,0,0.0,0,0,0,0,0,0.0
Davit Khocholava, GEO,DF,FC Copenhagen,29,1993,4.8,1,0.21,1,0,0,0,0,0,0,0.0,0,0,0,0,0,0.0
Joshua Kimmich, GER,MF,Bayern Munich,27,1995,9.0,33,3.67,22,9,0,1,0,1,4,0.44,2,2,0,0,0,0.0
Presnel Kimpembe, FRA,DF,Paris S-G,26,1995,1.6,1,0.61,0,0,0,0,0,1,0,0.0,0,0,0,0,0,0.0
Leon King, SCO,DF,Rangers,18,2004,4.2,1,0.24,1,0,0,0,0,0,0,0.0,0,0,0,0,0,0.0
Simon Kjær, DEN,DF,Milan,33,1989,5.6,5,0.89,4,0,0,1,0,0,0,0.0,0,0,0,0,0,0.0
Maurits Kjærgaard, DEN,MF,RB Salzburg,19,2003,5.5,18,3.27,15,2,0,1,0,0,0,0.0,0,0,0,0,0,0.0
Davy Klaassen, NED,MF,Ajax,29,1993,2.4,5,2.13,5,0,0,0,0,0,1,0.43,1,0,0,0,0,0.0
Jan Kliment, CZE,FW,Viktoria Plzeň,28,1993,0.5,0,0.0,0,0,0,0,0,0,0,0.0,0,0,0,0,0,0.0
Lukas Klostermann, GER,DF,RB Leipzig,26,1996,0.6,0,0.0,0,0,0,0,0,0,0,0.0,0,0,0,0,0,0.0
Ansgar Knauff, GER,"DF,FW",Eint Frankfurt,20,2002,3.3,7,2.15,5,0,1,1,0,0,1,0.31,1,0,0,0,0,0.0
Gregor Kobel, SUI,GK,Dortmund,24,1997,3.5,0,0.0,0,0,0,0,0,0,0,0.0,0,0,0,0,0,0.0
Philipp Köhn, SUI,GK,RB Salzburg,24,1998,6.0,0,0.0,0,0,0,0,0,0,0,0.0,0,0,0,0,0,0.0
Sekou Koita, MLI,FW,RB Salzburg,22,1999,0.2,2,9.0,2,0,0,0,0,0,0,0.0,0,0,0,0,0,0.0
Koke, ESP,MF,Atlético Madrid,30,1992,3.7,7,1.91,6,1,0,0,0,0,0,0.0,0,0,0,0,0,0.0
Sead Kolašinac, BIH,DF,Marseille,29,1993,1.7,2,1.19,2,0,0,0,0,0,0,0.0,0,0,0,0,0,0.0
Randal Kolo Muani, FRA,FW,Eint Frankfurt,23,1998,5.7,8,1.4,6,0,1,0,0,1,2,0.35,2,0,0,0,0,0.0
Ibrahima Konaté, FRA,DF,Liverpool,23,1999,2.9,1,0.35,1,0,0,0,0,0,0,0.0,0,0,0,0,0,0.0
Geoffrey Kondogbia, CTA,MF,Atlético Madrid,29,1993,2.5,8,3.2,7,0,0,0,1,0,0,0.0,0,0,0,0,0,0.0
Yukhym Konoplia, UKR,DF,Shakhtar,22,1999,4.6,7,1.51,7,0,0,0,0,0,2,0.43,2,0,0,0,0,0.0
Jan Kopic, CZE,"FW,MF",Viktoria Plzeň,32,1990,0.9,2,2.22,2,0,0,0,0,0,0,0.0,0,0,0,0,0,0.0
Odilon Kossonou, CIV,DF,Leverkusen,21,2001,4.8,8,1.68,8,0,0,0,0,0,0,0.0,0,0,0,0,0,0.0
Filip Kostić, SRB,"DF,FW",Juventus,29,1992,4.8,23,4.84,18,3,2,0,0,0,2,0.42,2,0,0,0,0,0.0
Kalidou Koulibaly, SEN,DF,Chelsea,31,1991,6.3,5,0.79,5,0,0,0,0,0,0,0.0,0,0,0,0,0,0.0
Jules Koundé, FRA,DF,Barcelona,23,1998,2.7,5,1.83,5,0,0,0,0,0,1,0.37,1,0,0,0,0,0.0
Mateo Kovačić, CRO,MF,Chelsea,28,1994,6.9,21,3.04,20,0,0,1,0,0,1,0.14,1,0,0,0,0,0.0
Adam Kronus, CZE,FW,Viktoria Plzeň,20,2002,0.0,1,30.0,0,0,0,1,0,0,0,0.0,0,0,0,0,0,0.0
Toni Kroos, GER,MF,Real Madrid,32,1990,9.4,33,3.53,20,11,0,1,1,0,4,0.43,3,1,0,0,0,0.0
Rade Krunić, BIH,"MF,FW",Milan,28,1993,9.1,7,0.77,5,0,0,1,1,0,0,0.0,0,0,0,0,0,0.0
Dmytro Kryskiv, UKR,MF,Shakhtar,21,2000,0.1,1,9.0,1,0,0,0,0,0,0,0.0,0,0,0,0,0,0.0
Serhiy Kryvtsov, UKR,DF,Shakhtar,31,1991,0.1,0,0.0,0,0,0,0,0,0,0,0.0,0,0,0,0,0,0.0
Dejan Kulusevski, SWE,"MF,DF",Tottenham,22,2000,2.2,10,4.5,6,0,1,1,1,1,0,0.0,0,0,0,0,0,0.0
Khvicha Kvaratskhelia, GEO,FW,Napoli,21,2001,7.7,44,5.72,23,5,8,6,1,1,8,1.04,5,0,2,1,0,0.0
Konrad Laimer, AUT,"MF,FW",RB Leipzig,25,1997,2.9,5,1.72,4,0,0,0,0,1,0,0.0,0,0,0,0,0,0.0
Érik Lamela, ARG,"FW,MF",Sevilla,30,1992,3.1,18,5.85,16,0,1,1,0,0,1,0.32,0,0,0,1,0,0.0
Noa Lang, NED,FW,Club Brugge,23,1999,3.2,10,3.09,4,2,3,0,1,0,0,0.0,0,0,0,0,0,0.0
Aymeric Laporte, ESP,DF,Manchester City,28,1994,3.2,4,1.23,3,0,0,0,1,0,2,0.62,1,0,0,0,1,0.0
Cyle Larin, CAN,"FW,MF",Club Brugge,27,1995,0.1,0,0.0,0,0,0,0,0,0,0,0.0,0,0,0,0,0,0.0
Rasmus Lauritsen, DEN,DF,Dinamo Zagreb,26,1996,0.2,0,0.0,0,0,0,0,0,0,0,0.0,0,0,0,0,0,0.0
Neta Lavi, ISR,MF,Maccabi Haifa,25,1996,5.2,14,2.69,12,0,0,0,0,2,2,0.38,1,0,0,0,0,1.0
Rafael Leão, POR,"FW,MF",Milan,23,1999,10.1,39,3.87,25,0,9,1,4,0,7,0.69,4,0,2,0,1,0.0
Thomas Lemar, FRA,MF,Atlético Madrid,26,1995,1.2,5,4.33,3,1,0,0,0,1,0,0.0,0,0,0,0,0,0.0
Clément Lenglet, FRA,DF,Tottenham,27,1995,5.6,5,0.88,4,0,1,0,0,0,0,0.0,0,0,0,0,0,0.0
Christopher Lenz, GER,DF,Eint Frankfurt,27,1994,2.5,6,2.4,2,3,0,0,0,1,1,0.4,1,0,0,0,0,0.0
Lukas Lerager, DEN,MF,FC Copenhagen,29,1993,5.0,6,1.2,5,0,0,1,0,0,0,0.0,0,0,0,0,0,0.0
Robert Lewandowski, POL,FW,Barcelona,33,1988,4.9,14,2.86,10,0,0,1,2,1,0,0.0,0,0,0,0,0,0.0
Rico Lewis, ENG,DF,Manchester City,17,2004,1.3,2,1.53,1,0,0,0,1,0,0,0.0,0,0,0,0,0,0.0
Matthijs de Ligt, NED,DF,Bayern Munich,22,1999,6.8,5,0.73,4,0,0,1,0,0,0,0.0,0,0,0,0,0,0.0
Jesper Lindstrøm, DEN,"MF,FW",Eint Frankfurt,22,2000,5.6,17,3.01,11,1,2,1,1,1,1,0.18,1,0,0,0,0,0.0
Dominik Livaković, CRO,GK,Dinamo Zagreb,27,1995,6.0,1,0.17,0,1,0,0,0,0,0,0.0,0,0,0,0,0,0.0
Robert Ljubicic, AUT,"FW,DF",Dinamo Zagreb,23,1999,6.0,12,2.0,11,1,0,0,0,0,1,0.17,1,0,0,0,0,0.0
Marcos Llorente, ESP,"MF,FW",Atlético Madrid,27,1995,2.4,6,2.55,6,0,0,0,0,0,1,0.42,1,0,0,0,0,0.0
Hugo Lloris, FRA,GK,Tottenham,35,1986,6.0,0,0.0,0,0,0,0,0,0,0,0.0,0,0,0,0,0,0.0
Danny Loader, ENG,"FW,MF",Porto,21,2000,0.6,2,3.46,1,0,0,1,0,0,0,0.0,0,0,0,0,0,0.0
Stanislav Lobotka, SVK,MF,Napoli,27,1994,9.7,20,2.06,17,0,1,0,2,0,2,0.21,2,0,0,0,0,0.0
Manuel Locatelli, ITA,MF,Juventus,24,1998,2.5,10,3.37,10,0,0,0,0,0,1,0.34,1,0,0,0,0,0.0
Ruben Loftus-Cheek, ENG,MF,Chelsea,26,1996,3.2,6,1.89,5,0,0,0,1,0,0,0.0,0,0,0,0,0,0.0
Pau López, ESP,GK,Marseille,27,1994,6.0,1,0.17,1,0,0,0,0,0,0,0.0,0,0,0,0,0,0.0
Alexander lowry, SCO,MF,Rangers,19,2003,0.1,1,11.25,1,0,0,0,0,0,0,0.0,0,0,0,0,0,0.0
Hirving Lozano, MEX,FW,Napoli,27,1995,5.2,18,3.48,12,1,2,2,0,1,2,0.39,2,0,0,0,0,0.0
Florentino Luís, POR,MF,Benfica,22,1999,9.5,13,1.36,12,0,0,1,0,0,2,0.21,2,0,0,0,0,0.0
Romelu Lukaku, BEL,FW,Inter,29,1993,2.1,11,5.35,7,0,0,4,0,0,3,1.46,2,0,0,1,0,0.0
John Lundstram, ENG,"MF,DF",Rangers,28,1994,5.0,3,0.6,2,0,0,0,1,0,0,0.0,0,0,0,0,0,0.0
Andriy Lunin, UKR,GK,Real Madrid,23,1999,2.0,0,0.0,0,0,0,0,0,0,0,0.0,0,0,0,0,0,0.0
Mahir Madatov, AZE,FW,Dinamo Zagreb,25,1997,0.2,2,8.18,2,0,0,0,0,0,0,0.0,0,0,0,0,0,0.0
Daizen Maeda, JPN,FW,Celtic,24,1997,3.7,5,1.36,5,0,0,0,0,0,0,0.0,0,0,0,0,0,0.0
Riyad Mahrez, ALG,"FW,MF",Manchester City,31,1991,5.6,33,5.87,21,6,2,1,2,1,6,1.07,5,1,0,0,0,0.0
Mike Maignan, FRA,GK,Milan,27,1995,7.0,0,0.0,0,0,0,0,0,0,0,0.0,0,0,0,0,0,0.0
Donyell Malen, NED,"FW,MF",Dortmund,23,1999,2.8,8,2.9,5,1,2,0,0,0,0,0.0,0,0,0,0,0,0.0
Reinildo Mandava, MOZ,DF,Atlético Madrid,28,1994,5.7,5,0.88,5,0,0,0,0,0,0,0.0,0,0,0,0,0,0.0
Sadio Mané, SEN,FW,Bayern Munich,30,1992,6.1,27,4.4,18,0,4,2,2,1,5,0.82,3,0,2,0,0,0.0
Iván Marcano, ESP,DF,Porto,35,1987,3.0,4,1.33,4,0,0,0,0,0,0,0.0,0,0,0,0,0,0.0
Marcão, BRA,DF,Sevilla,26,1996,2.5,2,0.81,1,0,0,0,1,0,1,0.4,0,0,0,0,1,0.0
José María Giménez, URU,DF,Atlético Madrid,27,1995,4.5,4,0.9,4,0,0,0,0,0,0,0.0,0,0,0,0,0,0.0
Mariano, DOM,FW,Real Madrid,28,1993,0.1,0,0.0,0,0,0,0,0,0,0,0.0,0,0,0,0,0,0.0
Antonio Marin, CRO,FW,Dinamo Zagreb,21,2001,0.1,0,0.0,0,0,0,0,0,0,0,0.0,0,0,0,0,0,0.0
João Mário, POR,FW,Benfica,29,1993,9.6,32,3.34,27,0,1,1,2,1,4,0.42,3,0,0,0,0,1.0
João Mário Lopes, POR,DF,Porto,22,2000,3.0,4,1.33,4,0,0,0,0,0,0,0.0,0,0,0,0,0,0.0
Marquinhos, BRA,DF,Paris S-G,28,1994,7.3,3,0.41,3,0,0,0,0,0,0,0.0,0,0,0,0,0,0.0
José Marsà, ESP,DF,Sporting CP,20,2002,1.1,1,0.89,1,0,0,0,0,0,0,0.0,0,0,0,0,0,0.0
Lautaro Martínez, ARG,FW,Inter,24,1997,11.1,35,3.16,27,0,4,3,0,1,6,0.54,4,0,1,1,0,0.0
Toni Martínez, ESP,FW,Porto,25,1997,1.3,2,1.61,2,0,0,0,0,0,0,0.0,0,0,0,0,0,0.0
Clinton Mata, ANG,DF,Club Brugge,29,1992,1.8,1,0.57,1,0,0,0,0,0,0,0.0,0,0,0,0,0,0.0
Pape Matar Sarr, SEN,MF,Tottenham,19,2002,1.0,2,2.0,1,0,0,0,0,1,0,0.0,0,0,0,0,0,0.0
Joël Matip, CMR,DF,Liverpool,30,1991,2.7,4,1.48,4,0,0,0,0,0,0,0.0,0,0,0,0,0,0.0
Rabbi Matondo, WAL,"MF,FW",Rangers,21,2000,1.1,4,3.71,0,0,1,1,2,0,1,0.93,0,0,0,0,1,0.0
Mykola Matviyenko, UKR,DF,Shakhtar,26,1996,6.0,2,0.33,2,0,0,0,0,0,0,0.0,0,0,0,0,0,0.0
Philipp Max, GER,DF,Eint Frankfurt,28,1993,1.3,2,1.59,2,0,0,0,0,0,0,0.0,0,0,0,0,0,0.0
Eric Maxim Choupo-Moting, CMR,FW,Bayern Munich,33,1989,4.8,13,2.68,10,0,1,2,0,0,1,0.21,1,0,0,0,0,0.0
Noussair Mazraoui, MAR,DF,Bayern Munich,24,1997,4.4,11,2.53,9,0,1,1,0,0,3,0.69,2,0,0,1,0,0.0
Kylian Mbappé, FRA,FW,Paris S-G,23,1998,7.2,28,3.87,20,1,3,1,3,0,8,1.11,6,0,2,0,0,0.0
Chancel Mbemba, COD,DF,Marseille,27,1994,4.5,5,1.11,4,0,0,1,0,0,2,0.44,2,0,0,0,0,0.0
James McCarthy, IRL,MF,Celtic,31,1990,0.1,0,0.0,0,0,0,0,0,0,0,0.0,0,0,0,0,0,0.0
Allan McGregor, SCO,GK,Rangers,40,1982,5.0,0,0.0,0,0,0,0,0,0,0,0.0,0,0,0,0,0,0.0
Callum McGregor, SCO,MF,Celtic,29,1993,2.4,6,2.5,6,0,0,0,0,0,0,0.0,0,0,0,0,0,0.0
Weston McKennie, USA,MF,Juventus,23,1998,4.0,4,1.0,3,0,1,0,0,0,0,0.0,0,0,0,0,0,0.0
Jon McLaughlin, SCO,GK,Rangers,34,1987,1.0,0,0.0,0,0,0,0,0,0,0,0.0,0,0,0,0,0,0.0
Brandon Mechele, BEL,DF,Club Brugge,29,1993,8.0,3,0.37,2,0,0,0,1,0,0,0.0,0,0,0,0,0,0.0
Bjorn Meijer, NED,DF,Club Brugge,19,2003,6.4,11,1.73,8,0,2,0,0,1,2,0.31,1,0,1,0,0,0.0
Raz Meir, ISR,"DF,MF",Maccabi Haifa,25,1996,0.9,0,0.0,0,0,0,0,0,0,0,0.0,0,0,0,0,0,0.0
Arthur Melo, BRA,MF,Liverpool,25,1996,0.2,0,0.0,0,0,0,0,0,0,0,0.0,0,0,0,0,0,0.0
Memphis, NED,FW,Barcelona,28,1994,0.2,0,0.0,0,0,0,0,0,0,0,0.0,0,0,0,0,0,0.0
Sun Menachem, ISR,DF,Maccabi Haifa,28,1993,0.7,1,1.5,1,0,0,0,0,0,0,0.0,0,0,0,0,0,0.0
Nuno Mendes, POR,"DF,MF",Paris S-G,20,2002,4.9,10,2.05,7,0,2,0,1,0,1,0.2,1,0,0,0,0,0.0
Edouard Mendy, SEN,GK,Chelsea,30,1992,1.0,0,0.0,0,0,0,0,0,0,0,0.0,0,0,0,0,0,0.0
Ferland Mendy, FRA,DF,Real Madrid,27,1995,3.9,7,1.82,6,0,0,0,1,0,1,0.26,0,0,0,0,1,0.0
Alex Meret, ITA,GK,Napoli,25,1997,10.0,1,0.1,1,0,0,0,0,0,0,0.0,0,0,0,0,0,0.0
Lionel Messi, ARG,"FW,MF",Paris S-G,35,1987,6.8,42,6.17,29,5,1,3,4,0,7,1.03,7,0,0,0,0,0.0
Junior Messias, BRA,"FW,DF",Milan,31,1991,3.5,7,1.99,7,0,0,0,0,0,0,0.0,0,0,0,0,0,0.0
Thomas Meunier, BEL,DF,Dortmund,30,1991,3.9,10,2.56,9,1,0,0,0,0,2,0.51,2,0,0,0,0,0.0
Alexander Meyer, GER,GK,Dortmund,31,1991,4.5,0,0.0,0,0,0,0,0,0,0,0.0,0,0,0,0,0,0.0
Simon Mignolet, BEL,GK,Club Brugge,34,1988,8.0,0,0.0,0,0,0,0,0,0,0,0.0,0,0,0,0,0,0.0
Arkadiusz Milik, POL,FW,Juventus,28,1994,3.8,10,2.66,8,0,1,1,0,0,0,0.0,0,0,0,0,0,0.0
Éder Militão, BRA,DF,Real Madrid,24,1998,8.3,3,0.36,3,0,0,0,0,0,0,0.0,0,0,0,0,0,0.0
James Milner, ENG,MF,Liverpool,36,1986,2.7,3,1.12,2,0,0,0,0,1,0,0.0,0,0,0,0,0,0.0
Kim Min-jae, KOR,DF,Napoli,25,1996,8.7,11,1.26,10,0,0,0,0,1,1,0.11,1,0,0,0,0,0.0
Rafa Mir, ESP,"MF,FW",Sevilla,25,1997,1.7,3,1.73,2,0,0,1,0,0,0,0.0,0,0,0,0,0,0.0
Fabio Miretti, ITA,"MF,FW",Juventus,18,2003,2.4,2,0.85,2,0,0,0,0,0,0,0.0,0,0,0,0,0,0.0
Josip Mišić, CRO,MF,Dinamo Zagreb,28,1994,5.8,6,1.04,6,0,0,0,0,0,1,0.17,1,0,0,0,0,0.0
Henrikh Mkhitaryan, ARM,MF,Inter,33,1989,10.1,22,2.19,20,0,0,2,0,0,1,0.1,1,0,0,0,0,0.0
Anthony Modeste, FRA,FW,Dortmund,34,1988,3.8,2,0.53,2,0,0,0,0,0,0,0.0,0,0,0,0,0,0.0
Luka Modrić, CRO,MF,Real Madrid,36,1985,8.3,24,2.91,21,2,1,0,0,0,2,0.24,1,1,0,0,0,0.0
Ali Mohamed, NIG,MF,Maccabi Haifa,26,1995,4.0,7,1.77,6,0,0,0,1,0,0,0.0,0,0,0,0,0,0.0
Kudus Mohammed, GHA,FW,Ajax,21,2000,5.0,12,2.4,10,0,0,1,0,1,1,0.2,1,0,0,0,0,0.0
Sadegh Moharrami, IRN,"FW,DF",Dinamo Zagreb,26,1996,4.5,7,1.54,7,0,0,0,0,0,0,0.0,0,0,0,0,0,0.0
Nahuel Molina, ARG,"DF,MF",Atlético Madrid,24,1998,5.2,14,2.7,13,0,1,0,0,0,0,0.0,0,0,0,0,0,0.0
Gonzalo Montiel, ARG,DF,Sevilla,25,1997,2.5,5,1.99,4,1,0,0,0,0,0,0.0,0,0,0,0,0,0.0
Aaron Mooy, AUS,MF,Celtic,31,1990,1.7,5,2.9,5,0,0,0,0,0,0,0.0,0,0,0,0,0,0.0
Álvaro Morata, ESP,FW,Atlético Madrid,29,1992,3.3,4,1.22,2,0,0,1,1,0,0,0.0,0,0,0,0,0,0.0
Morato, BRA,DF,Benfica,21,2001,1.2,1,0.84,1,0,0,0,0,0,0,0.0,0,0,0,0,0,0.0
Alfredo Morelos, COL,FW,Rangers,26,1996,2.8,2,0.7,1,0,0,1,0,0,0,0.0,0,0,0,0,0,0.0
Hidemasa Morita, JPN,MF,Sporting CP,27,1995,3.7,4,1.09,4,0,0,0,0,0,1,0.27,1,0,0,0,0,0.0
Jhon Mosquera, COL,"FW,MF",Viktoria Plzeň,32,1990,4.8,9,1.87,6,1,0,1,1,0,1,0.21,1,0,0,0,0,0.0
Youssoufa Moukoko, GER,"FW,MF",Dortmund,17,2004,2.7,8,2.98,4,1,1,2,0,0,2,0.74,1,0,0,1,0,0.0
Mason Mount, ENG,MF,Chelsea,23,1999,4.9,26,5.32,16,5,0,4,1,0,5,1.02,4,0,0,0,1,0.0
Lucas Moura, BRA,"FW,MF",Tottenham,29,1992,1.9,5,2.59,4,0,1,0,0,0,0,0.0,0,0,0,0,0,0.0
Mykhailo Mudryk, UKR,"FW,DF",Chelsea,21,2001,1.0,3,2.9,2,0,1,0,0,0,0,0.0,0,0,0,0,0,0.0
Mykhailo Mudryk, UKR,MF,Shakhtar,21,2001,5.7,12,2.09,9,3,0,0,0,0,4,0.7,4,0,0,0,0,0.0
Paul Mukairu, NGA,FW,FC Copenhagen,22,2000,0.5,1,2.05,0,0,0,1,0,0,0,0.0,0,0,0,0,0,0.0
Nordi Mukiele, FRA,"DF,MF",Paris S-G,24,1997,1.2,0,0.0,0,0,0,0,0,0,0,0.0,0,0,0,0,0,0.0
Thomas Müller, GER,"MF,FW",Bayern Munich,32,1989,4.1,13,3.21,12,0,0,1,0,0,1,0.25,1,0,0,0,0,0.0
Petar Musa, CRO,FW,Benfica,24,1998,1.4,3,2.09,3,0,0,0,0,0,0,0.0,0,0,0,0,0,0.0
Jamal Musiala, GER,"MF,FW",Bayern Munich,19,2003,5.9,27,4.59,20,0,4,1,2,0,2,0.34,2,0,0,0,0,0.0
Bohdan Mykhaylychenko, UKR,DF,Shakhtar,25,1997,4.0,6,1.5,6,0,0,0,0,0,2,0.5,2,0,0,0,0,0.0
Obite N'Dicka, FRA,DF,Eint Frankfurt,22,1999,8.0,6,0.75,6,0,0,0,0,0,2,0.25,2,0,0,0,0,0.0
Nacho, ESP,DF,Real Madrid,32,1990,4.9,9,1.84,8,1,0,0,0,0,0,0.0,0,0,0,0,0,0.0
Jesús Navas, ESP,"DF,MF",Sevilla,36,1985,2.5,4,1.61,4,0,0,0,0,0,0,0.0,0,0,0,0,0,0.0
Flávio Nazinho, POR,"DF,MF",Sporting CP,19,2003,1.3,2,1.5,1,0,0,0,0,1,0,0.0,0,0,0,0,0,0.0
Tanguy Ndombele, FRA,MF,Napoli,25,1996,4.1,18,4.37,16,1,0,1,0,0,2,0.49,1,0,0,1,0,0.0
David Neres, BRA,"FW,MF",Benfica,25,1997,4.9,18,3.65,12,0,2,0,2,2,4,0.81,1,0,0,0,1,2.0
Luís Neto, POR,DF,Sporting CP,34,1988,0.4,0,0.0,0,0,0,0,0,0,0,0.0,0,0,0,0,0,0.0
Manuel Neuer, GER,GK,Bayern Munich,36,1986,3.0,1,0.33,0,1,0,0,0,0,0,0.0,0,0,0,0,0,0.0
João Neves, POR,"FW,MF",Benfica,17,2004,0.3,1,3.1,1,0,0,0,0,0,1,3.1,1,0,0,0,0,0.0
Neymar, BRA,"MF,FW",Paris S-G,30,1992,6.0,38,6.35,30,4,0,2,2,0,4,0.67,4,0,0,0,0,0.0
Tanguy Nianzou, FRA,DF,Sevilla,20,2002,2.0,1,0.5,0,0,0,1,0,0,0,0.0,0,0,0,0,0,0.0
Casper Nielsen, DEN,MF,Club Brugge,28,1994,7.2,9,1.26,6,2,0,1,0,0,2,0.28,2,0,0,0,0,0.0
Saúl Ñíguez, ESP,"MF,DF",Atlético Madrid,27,1994,3.1,10,3.2,9,0,0,1,0,0,0,0.0,0,0,0,0,0,0.0
Christopher Nkunku, FRA,"MF,FW",RB Leipzig,24,1997,6.2,19,3.04,15,0,1,2,1,0,3,0.48,3,0,0,0,0,0.0
Hugo Novoa, ESP,MF,RB Leipzig,19,2003,0.0,0,0.0,0,0,0,0,0,0,0,0.0,0,0,0,0,0,0.0
Darwin Núñez, URU,FW,Liverpool,23,1999,4.4,5,1.13,1,0,1,2,1,0,2,0.45,0,0,0,1,1,0.0
Antonio Nusa, NOR,FW,Club Brugge,17,2005,0.6,5,7.89,1,0,1,0,3,0,0,0.0,0,0,0,0,0,0.0
Matt O'Riley, DEN,MF,Celtic,21,2000,5.3,15,2.8,9,3,1,1,0,1,0,0.0,0,0,0,0,0,0.0
Jan Oblak, SVN,GK,Atlético Madrid,29,1993,5.0,2,0.4,2,0,0,0,0,0,0,0.0,0,0,0,0,0,0.0
Lucas Ocampos, ARG,FW,Ajax,28,1994,0.2,1,5.63,0,0,0,0,1,0,0,0.0,0,0,0,0,0,0.0
Oleh Ocheretko, UKR,MF,Shakhtar,19,2003,0.2,1,6.92,0,0,0,0,0,1,0,0.0,0,0,0,0,0,0.0
Denis Odoi, GHA,"DF,MF",Club Brugge,34,1988,5.8,4,0.69,4,0,0,0,0,0,0,0.0,0,0,0,0,0,0.0
Noah Okafor, SUI,FW,RB Salzburg,22,2000,5.2,13,2.52,10,0,1,1,1,0,2,0.39,1,0,1,0,0,0.0
Mathías Olivera, URU,DF,Napoli,24,1997,5.7,16,2.8,13,1,1,0,0,1,3,0.53,2,0,1,0,0,0.0
Dani Olmo, ESP,"FW,MF",RB Leipzig,24,1998,0.7,4,5.54,3,0,0,0,1,0,0,0.0,0,0,0,0,0,0.0
André Onana, CMR,GK,Inter,26,1996,13.0,4,0.31,4,0,0,0,0,0,1,0.08,1,0,0,0,0,0.0
Raphael Onyedika, NGA,MF,Club Brugge,21,2001,6.3,5,0.79,4,0,0,0,0,1,1,0.16,1,0,0,0,0,0.0
Willi Orban, HUN,DF,RB Leipzig,29,1992,8.0,5,0.62,5,0,0,0,0,0,0,0.0,0,0,0,0,0,0.0
Divock Origi, BEL,FW,Milan,27,1995,1.7,4,2.35,4,0,0,0,0,0,0,0.0,0,0,0,0,0,0.0
Mislav Oršić, CRO,FW,Dinamo Zagreb,29,1992,5.4,10,1.84,7,2,0,1,0,0,2,0.37,2,0,0,0,0,0.0
Stefan Ortega, GER,GK,Manchester City,29,1992,2.0,0,0.0,0,0,0,0,0,0,0,0.0,0,0,0,0,0,0.0
Victor Osimhen, NGA,FW,Napoli,23,1998,4.7,11,2.36,4,0,1,1,4,1,1,0.21,0,0,0,0,0,1.0
Nicolás Otamendi, ARG,DF,Benfica,34,1988,8.8,8,0.91,6,0,0,1,1,0,1,0.11,1,0,0,0,0,0.0
Otávio, POR,MF,Porto,27,1995,5.8,24,4.11,16,5,2,1,0,0,3,0.51,3,0,0,0,0,0.0
Alex Oxlade-Chamberlain, ENG,MF,Liverpool,28,1993,0.2,0,0.0,0,0,0,0,0,0,0,0.0,0,0,0,0,0,0.0
Salih Özcan, TUR,MF,Dortmund,24,1998,6.0,8,1.33,8,0,0,0,0,0,1,0.17,1,0,0,0,0,0.0
Exequiel Palacios, ARG,MF,Leverkusen,23,1998,1.0,3,3.0,2,1,0,0,0,0,0,0.0,0,0,0,0,0,0.0
Cole Palmer, ENG,"MF,FW",Manchester City,20,2002,1.5,2,1.3,1,0,0,1,0,0,0,0.0,0,0,0,0,0,0.0
Antonios Papadopoulos, GER,"MF,FW",Dortmund,22,1999,0.1,0,0.0,0,0,0,0,0,0,0,0.0,0,0,0,0,0,0.0
Leandro Paredes, ARG,MF,Juventus,28,1994,3.9,11,3.2,8,3,0,0,0,0,2,0.58,0,2,0,0,0,0.0
Felix Passlack, GER,DF,Dortmund,24,1998,1.0,4,4.0,3,0,1,0,0,0,1,1.0,0,0,1,0,0,0.0
Remko Pasveer, NED,GK,Ajax,38,1983,6.0,0,0.0,0,0,0,0,0,0,0,0.0,0,0,0,0,0,0.0
Paulinho, POR,FW,Sporting CP,29,1992,2.6,3,1.14,3,0,0,0,0,0,2,0.76,2,0,0,0,0,0.0
Paulinho, BRA,FW,Leverkusen,22,2000,0.5,2,3.67,1,1,0,0,0,0,0,0.0,0,0,0,0,0,0.0
Benjamin Pavard, FRA,DF,Bayern Munich,26,1996,6.6,8,1.22,7,0,0,0,0,1,2,0.3,2,0,0,0,0,0.0
Strahinja Pavlović, SRB,DF,RB Salzburg,21,2001,6.0,5,0.83,5,0,0,0,0,0,0,0.0,0,0,0,0,0,0.0
Dimitri Payet, FRA,MF,Marseille,35,1987,0.9,2,2.31,2,0,0,0,0,0,0,0.0,0,0,0,0,0,0.0
Pedri, ESP,"MF,FW",Barcelona,19,2002,4.5,21,4.71,17,0,3,1,0,0,0,0.0,0,0,0,0,0,0.0
Luca Pellegrini, ITA,"DF,MF",Eint Frankfurt,23,1999,2.2,4,1.79,1,2,1,0,0,0,0,0.0,0,0,0,0,0,0.0
Iñaki Peña, ESP,GK,Barcelona,23,1999,1.0,0,0.0,0,0,0,0,0,0,0,0.0,0,0,0,0,0,0.0
Pepe, POR,DF,Porto,39,1983,4.0,4,1.0,3,0,0,0,0,1,0,0.0,0,0,0,0,0,0.0
Pepê, BRA,"DF,FW",Porto,25,1997,7.6,20,2.63,16,2,0,1,1,0,1,0.13,1,0,0,0,0,0.0
Danilo Pereira, POR,"DF,MF",Paris S-G,30,1991,5.0,1,0.2,1,0,0,0,0,0,0,0.0,0,0,0,0,0,0.0
Dino Perić, CRO,DF,Dinamo Zagreb,28,1994,6.0,3,0.5,3,0,0,0,0,0,0,0.0,0,0,0,0,0,0.0
Mattia Perin, ITA,GK,Juventus,29,1992,2.0,0,0.0,0,0,0,0,0,0,0,0.0,0,0,0,0,0,0.0
Ivan Perišić, CRO,"DF,MF",Tottenham,33,1989,6.4,21,3.3,14,6,0,0,1,0,3,0.47,1,2,0,0,0,0.0
Luděk Pernica, CZE,DF,Viktoria Plzeň,32,1990,5.5,1,0.18,0,1,0,0,0,0,0,0.0,0,0,0,0,0,0.0
Bruno Petković, CRO,FW,Dinamo Zagreb,27,1994,5.4,13,2.38,12,0,0,0,1,0,3,0.55,3,0,0,0,0,0.0
Ivan Petryak, UKR,MF,Shakhtar,28,1994,2.0,2,0.99,2,0,0,0,0,0,0,0.0,0,0,0,0,0,0.0
Kalvin Phillips, ENG,MF,Manchester City,26,1995,0.5,0,0.0,0,0,0,0,0,0,0,0.0,0,0,0,0,0,0.0
Frantzdy Pierrot, HAI,FW,Maccabi Haifa,27,1995,5.3,10,1.87,9,0,0,1,0,0,2,0.37,2,0,0,0,0,0.0
Václav Pilař, CZE,"FW,MF",Viktoria Plzeň,33,1988,1.4,3,2.21,3,0,0,0,0,0,1,0.74,1,0,0,0,0,0.0
Rodrigo Pinho, BRA,FW,Benfica,31,1991,0.2,0,0.0,0,0,0,0,0,0,0,0.0,0,0,0,0,0,0.0
Gerard Piqué, ESP,DF,Barcelona,35,1987,2.9,1,0.35,1,0,0,0,0,0,0,0.0,0,0,0,0,0,0.0
Tommaso Pobega, ITA,MF,Milan,23,1999,1.8,5,2.78,4,0,0,1,0,0,1,0.56,1,0,0,0,0,0.0
Suf Podgoreanu, ISR,DF,Maccabi Haifa,20,2002,0.1,0,0.0,0,0,0,0,0,0,0,0.0,0,0,0,0,0,0.0
Matteo Politano, ITA,FW,Napoli,28,1993,4.5,21,4.68,13,5,1,1,1,0,2,0.45,2,0,0,0,0,0.0
Pedro Porro, ESP,"DF,MF",Sporting CP,22,1999,4.4,11,2.53,7,0,1,2,1,0,3,0.69,1,0,1,1,0,0.0
Pedro Porro, ESP,DF,Tottenham,22,1999,0.4,4,9.47,3,1,0,0,0,0,0,0.0,0,0,0,0,0,0.0
Yussuf Poulsen, DEN,"FW,MF",RB Leipzig,28,1994,0.8,0,0.0,0,0,0,0,0,0,0,0.0,0,0,0,0,0,0.0
Christian Pulisic, USA,"DF,FW",Chelsea,23,1998,1.3,8,6.37,6,0,0,0,2,0,2,1.59,2,0,0,0,0,0.0
Adrien Rabiot, FRA,MF,Juventus,27,1995,5.0,12,2.42,11,0,0,0,1,0,1,0.2,1,0,0,0,0,0.0
Ivan Rakitić, CRO,MF,Sevilla,34,1988,4.6,10,2.15,9,1,0,0,0,0,2,0.43,1,1,0,0,0,0.0
Gonçalo Ramos, POR,FW,Benfica,21,2001,7.9,15,1.9,10,0,2,1,2,0,5,0.63,1,0,2,0,2,0.0
Sergio Ramos, ESP,DF,Paris S-G,36,1986,8.0,2,0.25,2,0,0,0,0,0,0,0.0,0,0,0,0,0,0.0
Calvin Ramsay, SCO,DF,Liverpool,19,2003,0.0,0,0.0,0,0,0,0,0,0,0,0.0,0,0,0,0,0,0.0
Raphinha, BRA,FW,Barcelona,25,1996,3.3,16,4.86,11,4,0,0,0,1,4,1.22,4,0,0,0,0,0.0
Giacomo Raspadori, ITA,FW,Napoli,22,2000,2.8,12,4.3,10,2,0,0,0,0,6,2.15,5,1,0,0,0,0.0
David Raum, GER,DF,RB Leipzig,24,1998,5.9,11,1.86,8,3,0,0,0,0,0,0.0,0,0,0,0,0,0.0
Ante Rebić, CRO,"FW,MF",Milan,28,1993,2.8,13,4.68,12,0,1,0,0,0,2,0.72,2,0,0,0,0,0.0
Matheus Reis, BRA,DF,Sporting CP,27,1995,5.7,3,0.53,1,0,0,1,1,0,0,0.0,0,0,0,0,0,0.0
Karim Rekik, NED,DF,Sevilla,27,1994,1.0,2,2.0,2,0,0,0,0,0,0,0.0,0,0,0,0,0,0.0
Devyne Rensch, NED,DF,Ajax,19,2003,3.2,4,1.25,3,1,0,0,0,0,0,0.0,0,0,0,0,0,0.0
Marco Reus, GER,"MF,FW",Dortmund,33,1989,2.9,6,2.06,4,0,2,0,0,0,2,0.69,1,0,1,0,0,0.0
Gio Reyna, USA,"FW,MF",Dortmund,19,2002,4.3,17,3.99,13,1,2,0,1,0,3,0.7,2,1,0,0,0,0.0
Richarlison, BRA,"MF,FW",Tottenham,25,1997,4.1,13,3.2,11,0,1,1,0,0,0,0.0,0,0,0,0,0,0.0
Stefan Ristovski, MKD,DF,Dinamo Zagreb,30,1992,4.1,8,1.95,8,0,0,0,0,0,1,0.24,1,0,0,0,0,0.0
Mats Rits, BEL,MF,Club Brugge,29,1993,0.2,0,0.0,0,0,0,0,0,0,0,0.0,0,0,0,0,0,0.0
Sergi Roberto, ESP,DF,Barcelona,30,1992,2.3,5,2.18,5,0,0,0,0,0,2,0.87,2,0,0,0,0,0.0
Andrew Robertson, SCO,DF,Liverpool,28,1994,4.2,13,3.09,11,2,0,0,0,0,4,0.95,3,1,0,0,0,0.0
Rochinha, POR,"MF,FW",Sporting CP,27,1995,0.2,1,5.0,0,1,0,0,0,0,0,0.0,0,0,0,0,0,0.0
Sebastian Rode, GER,MF,Eint Frankfurt,31,1990,3.3,8,2.42,8,0,0,0,0,0,1,0.3,1,0,0,0,0,0.0
Rodri, ESP,MF,Manchester City,26,1996,11.1,19,1.72,16,1,1,1,0,0,2,0.18,0,0,1,1,0,0.0
Rodrygo, BRA,FW,Real Madrid,21,2001,9.1,32,3.52,21,0,5,3,3,0,8,0.88,4,0,2,1,1,0.0
Cristian Romero, ARG,DF,Tottenham,24,1998,6.6,7,1.05,6,0,0,1,0,0,0,0.0,0,0,0,0,0,0.0
Valentin Rongier, FRA,MF,Marseille,27,1994,5.2,9,1.72,8,0,0,1,0,0,0,0.0,0,0,0,0,0,0.0
Tom Rothe, GER,DF,Dortmund,17,2004,0.7,1,1.48,1,0,0,0,0,0,0,0.0,0,0,0,0,0,0.0
Amir Rrahmani, KVX,DF,Napoli,28,1994,6.8,8,1.17,6,1,0,1,0,0,0,0.0,0,0,0,0,0,0.0
Antonio Rüdiger, GER,DF,Real Madrid,29,1993,7.5,3,0.4,3,0,0,0,0,0,0,0.0,0,0,0,0,0,0.0
Daniele Rugani, ITA,DF,Juventus,28,1994,1.0,1,1.0,0,0,0,1,0,0,0,0.0,0,0,0,0,0,0.0
Mário Rui, POR,DF,Napoli,31,1991,4.3,11,2.56,7,0,0,1,1,2,2,0.47,1,0,0,1,0,0.0
Fabián Ruiz Peña, ESP,MF,Paris S-G,26,1996,2.6,9,3.4,8,0,1,0,0,0,2,0.76,2,0,0,0,0,0.0
Nikita Rukavytsya, AUS,"FW,MF",Maccabi Haifa,35,1987,0.5,3,5.63,2,0,1,0,0,0,0,0.0,0,0,0,0,0,0.0
Mathew Ryan, AUS,GK,FC Copenhagen,30,1992,2.0,0,0.0,0,0,0,0,0,0,0,0.0,0,0,0,0,0,0.0
Julian Ryerson, NOR,DF,Dortmund,24,1997,0.2,0,0.0,0,0,0,0,0,0,0,0.0,0,0,0,0,0,0.0
Marcel Sabitzer, AUT,MF,Bayern Munich,28,1994,3.1,9,2.9,7,0,0,1,1,0,0,0.0,0,0,0,0,0,0.0
Alexis Saelemaekers, BEL,"FW,DF",Milan,23,1999,4.1,12,2.91,9,0,2,1,0,0,0,0.0,0,0,0,0,0,0.0
Fashion Sakala, ZAM,"FW,MF",Rangers,25,1997,2.6,5,1.91,3,0,1,1,0,0,0,0.0,0,0,0,0,0,0.0
Mohamed Salah, EGY,FW,Liverpool,30,1992,6.9,23,3.32,20,0,1,2,0,0,4,0.58,3,0,0,1,0,0.0
Renato Sanches, POR,MF,Paris S-G,24,1997,1.6,0,0.0,0,0,0,0,0,0,0,0.0,0,0,0,0,0,0.0
Alexis Sánchez, CHI,FW,Marseille,33,1988,4.6,13,2.8,9,0,0,3,1,0,1,0.22,0,0,0,1,0,0.0
Davinson Sánchez, COL,DF,Tottenham,26,1996,0.2,0,0.0,0,0,0,0,0,0,0,0.0,0,0,0,0,0,0.0
Cisse Sandra, BEL,FW,Club Brugge,18,2003,0.1,0,0.0,0,0,0,0,0,0,0,0.0,0,0,0,0,0,0.0
Alex Sandro, BRA,DF,Juventus,31,1991,2.7,4,1.51,4,0,0,0,0,0,1,0.38,1,0,0,0,0,0.0
James Sands, USA,"DF,MF",Rangers,22,2000,3.6,0,0.0,0,0,0,0,0,0,0,0.0,0,0,0,0,0,0.0
Leroy Sané, GER,"FW,MF",Bayern Munich,26,1996,6.1,33,5.38,25,2,5,0,0,1,4,0.65,2,0,2,0,0,0.0
Nuno Santos, POR,"DF,MF",Sporting CP,27,1995,3.3,6,1.83,2,4,0,0,0,0,0,0.0,0,0,0,0,0,0.0
Zaidu Sanusi, NGA,DF,Porto,25,1997,6.5,10,1.54,7,1,0,2,0,0,2,0.31,1,1,0,0,0,0.0
Alvaro Sanz, ESP,MF,Barcelona,21,2001,0.2,0,0.0,0,0,0,0,0,0,0,0.0,0,0,0,0,0,0.0
Pablo Sarabia, ESP,MF,Paris S-G,30,1992,1.0,2,1.98,1,1,0,0,0,0,0,0.0,0,0,0,0,0,0.0
Stefan Savić, MNE,DF,Atlético Madrid,31,1991,3.0,6,2.0,5,0,0,0,0,1,0,0.0,0,0,0,0,0,0.0
Patrik Schick, CZE,FW,Leverkusen,26,1996,5.0,10,2.02,5,0,2,3,0,0,0,0.0,0,0,0,0,0,0.0
Andreas Schjelderup, NOR,FW,Benfica,18,2004,0.0,1,45.0,1,0,0,0,0,0,1,45.0,1,0,0,0,0,0.0
Xaver Schlager, AUT,MF,RB Leipzig,24,1997,6.5,8,1.23,8,0,0,0,0,0,1,0.15,1,0,0,0,0,0.0
Nico Schlotterbeck, GER,DF,Dortmund,22,1999,6.2,4,0.64,4,0,0,0,0,0,0,0.0,0,0,0,0,0,0.0
Abdoulaye Seck, SEN,DF,Maccabi Haifa,30,1992,4.4,2,0.45,2,0,0,0,0,0,0,0.0,0,0,0,0,0,0.0
Nicolas Seiwald, AUT,MF,RB Salzburg,21,2001,6.0,13,2.17,7,4,0,1,0,1,2,0.33,1,0,0,0,0,1.0
Benjamin Šeško, SVN,FW,RB Salzburg,19,2003,3.7,10,2.74,6,0,1,3,0,0,1,0.27,0,0,1,0,0,0.0
Ryan Sessegnon, ENG,"MF,DF",Tottenham,22,2000,1.7,4,2.32,3,1,0,0,0,0,0,0.0,0,0,0,0,0,0.0
Maryan Shved, UKR,MF,Shakhtar,25,1997,2.1,2,0.97,2,0,0,0,0,0,0,0.0,0,0,0,0,0,0.0
Danylo Sikan, UKR,FW,Shakhtar,21,2001,1.2,5,4.33,5,0,0,0,0,0,1,0.87,1,0,0,0,0,0.0
André Silva, POR,FW,RB Leipzig,26,1995,5.9,16,2.7,12,0,2,1,1,0,4,0.68,3,0,0,1,0,0.0
António Silva, POR,DF,Benfica,18,2003,9.9,3,0.3,3,0,0,0,0,0,0,0.0,0,0,0,0,0,0.0
Bernardo Silva, POR,"FW,MF",Manchester City,27,1994,10.1,38,3.75,34,1,2,0,1,0,2,0.2,2,0,0,0,0,0.0
Rafa Silva, POR,MF,Benfica,29,1993,9.1,48,5.27,34,0,6,3,5,0,10,1.1,7,0,1,1,1,0.0
Thiago Silva, BRA,DF,Chelsea,37,1984,7.1,7,0.98,4,0,0,3,0,0,1,0.14,0,0,0,1,0,0.0
Mohamed Simakan, FRA,DF,RB Leipzig,22,2000,5.7,11,1.94,11,0,0,0,0,0,3,0.53,3,0,0,0,0,0.0
Giovanni Simeone, ARG,FW,Napoli,27,1995,2.9,9,3.07,5,0,0,2,1,1,0,0.0,0,0,0,0,0,0.0
Roko Simic, CRO,FW,RB Salzburg,18,2003,0.2,1,5.0,1,0,0,0,0,0,0,0.0,0,0,0,0,0,0.0
Oliver Skipp, ENG,MF,Tottenham,21,2000,2.3,4,1.71,4,0,0,0,0,0,0,0.0,0,0,0,0,0,0.0
Leo Skiri Østigård, NOR,DF,Napoli,22,1999,2.2,3,1.37,3,0,0,0,0,0,0,0.0,0,0,0,0,0,0.0
Andreas Skov Olsen, DEN,"FW,MF",Club Brugge,22,1999,3.3,11,3.36,8,3,0,0,0,0,1,0.31,0,1,0,0,0,0.0
Milan Škriniar, SVK,DF,Inter,27,1995,6.0,5,0.84,3,0,0,1,1,0,0,0.0,0,0,0,0,0,0.0
Hrvoje Smolčić, CRO,DF,Eint Frankfurt,21,2000,1.4,0,0.0,0,0,0,0,0,0,0,0.0,0,0,0,0,0,0.0
Eduard Sobol, UKR,"FW,DF",Club Brugge,27,1995,1.2,3,2.5,2,1,0,0,0,0,0,0.0,0,0,0,0,0,0.0
Carlos Soler, ESP,MF,Paris S-G,25,1997,1.7,4,2.32,2,0,1,0,1,0,0,0.0,0,0,0,0,0,0.0
Oumar Solet, FRA,DF,RB Salzburg,22,2000,3.0,6,2.03,4,0,1,0,0,1,0,0.0,0,0,0,0,0,0.0
Yann Sommer, SUI,GK,Bayern Munich,33,1988,4.0,1,0.25,1,0,0,0,0,0,0,0.0,0,0,0,0,0,0.0
Matìas Soulé, ARG,"MF,FW",Juventus,19,2003,0.5,4,8.18,2,0,1,1,0,0,1,2.05,0,0,0,1,0,0.0
Djibril Sow, SUI,MF,Eint Frankfurt,25,1997,8.0,15,1.87,13,0,0,0,2,0,0,0.0,0,0,0,0,0,0.0
Kamal Sowah, GHA,"FW,MF",Club Brugge,22,2000,6.6,16,2.44,11,0,2,2,0,1,2,0.3,1,0,1,0,0,0.0
Dario Špikić, CRO,"FW,DF",Dinamo Zagreb,23,1999,1.9,6,3.21,6,0,0,0,0,0,0,0.0,0,0,0,0,0,0.0
Jorne Spileers, BEL,DF,Club Brugge,17,2005,0.0,0,0.0,0,0,0,0,0,0,0,0.0,0,0,0,0,0,0.0
Jerry St. Juste, NED,DF,Sporting CP,25,1996,2.1,2,0.95,1,0,0,1,0,0,1,0.48,1,0,0,0,0,0.0
Marko Stamenic, NZL,MF,FC Copenhagen,20,2002,3.0,2,0.67,2,0,0,0,0,0,0,0.0,0,0,0,0,0,0.0
Jindřich Staněk, CZE,GK,Viktoria Plzeň,26,1996,5.0,1,0.2,0,1,0,0,0,0,0,0.0,0,0,0,0,0,0.0
Josip Stanišić, CRO,DF,Bayern Munich,22,2000,3.9,9,2.32,9,0,0,0,0,0,1,0.26,1,0,0,0,0,0.0
Carl Starfelt, SWE,DF,Celtic,27,1995,1.0,1,1.0,1,0,0,0,0,0,0,0.0,0,0,0,0,0,0.0
Orri Steinn Óskarsson, ISL,"MF,FW",FC Copenhagen,17,2004,0.2,1,4.09,1,0,0,0,0,0,0,0.0,0,0,0,0,0,0.0
Taras Stepanenko, UKR,MF,Shakhtar,32,1989,5.9,5,0.85,5,0,0,0,0,0,1,0.17,1,0,0,0,0,0.0
Raheem Sterling, ENG,"FW,MF",Chelsea,27,1994,7.0,20,2.86,17,1,1,0,1,0,4,0.57,3,0,1,0,0,0.0
John Stones, ENG,"MF,DF",Manchester City,28,1994,7.6,11,1.45,9,2,0,0,0,0,1,0.13,1,0,0,0,0,0.0
Luka Sučić, CRO,MF,RB Salzburg,19,2002,4.4,15,3.39,10,1,2,2,0,0,0,0.0,0,0,0,0,0,0.0
Heorhii Sudakov, UKR,MF,Shakhtar,19,2002,5.3,14,2.62,13,0,0,0,1,0,2,0.37,2,0,0,0,0,0.0
Niklas Süle, GER,DF,Dortmund,26,1995,7.5,8,1.07,8,0,0,0,0,0,0,0.0,0,0,0,0,0,0.0
Daniel Sundgren, SWE,DF,Maccabi Haifa,31,1990,3.6,9,2.5,7,0,0,0,1,1,0,0.0,0,0,0,0,0,0.0
Suso, ESP,"FW,MF",Sevilla,28,1993,2.6,6,2.27,5,0,0,0,1,0,0,0.0,0,0,0,0,0,0.0
Josip Šutalo, CRO,DF,Dinamo Zagreb,22,2000,6.0,2,0.33,1,1,0,0,0,0,0,0.0,0,0,0,0,0,0.0
Jan Sýkora, CZE,"FW,DF",Viktoria Plzeň,28,1993,1.6,2,1.22,1,0,1,0,0,0,0,0.0,0,0,0,0,0,0.0
Abakar Sylla, CIV,DF,Club Brugge,19,2002,5.5,1,0.18,1,0,0,0,0,0,0,0.0,0,0,0,0,0,0.0
Wojciech Szczęsny, POL,GK,Juventus,32,1990,4.0,1,0.25,0,1,0,0,0,0,1,0.25,0,1,0,0,0,0.0
Dominik Szoboszlai, HUN,FW,RB Leipzig,21,2000,7.3,25,3.45,17,4,2,0,2,0,4,0.55,3,0,1,0,0,0.0
Christian Sørensen, DEN,"DF,MF",FC Copenhagen,29,1992,1.1,8,7.06,3,3,0,1,1,0,0,0.0,0,0,0,0,0,0.0
Dušan Tadić, SRB,FW,Ajax,33,1988,4.8,17,3.54,16,0,1,0,0,0,3,0.62,3,0,0,0,0,0.0
Jonathan Tah, GER,DF,Leverkusen,26,1996,5.3,4,0.75,4,0,0,0,0,0,0,0.0,0,0,0,0,0,0.0
Japhet Tanganga, ENG,DF,Tottenham,23,1999,0.2,0,0.0,0,0,0,0,0,0,0,0.0,0,0,0,0,0,0.0
Edmond Tapsoba, BFA,DF,Leverkusen,23,1999,3.9,6,1.54,4,0,0,0,0,2,0,0.0,0,0,0,0,0,0.0
Mehdi Taremi, IRN,FW,Porto,30,1992,6.8,26,3.83,19,0,0,4,3,0,2,0.29,2,0,0,0,0,0.0
Ciprian Tătărușanu, ROU,GK,Milan,36,1986,5.0,0,0.0,0,0,0,0,0,0,0,0.0,0,0,0,0,0,0.0
Nuno Tavares, POR,DF,Marseille,22,2000,6.0,12,2.0,9,1,2,0,0,0,0,0.0,0,0,0,0,0,0.0
James Tavernier, ENG,DF,Rangers,30,1991,5.4,9,1.67,5,3,0,1,0,0,0,0.0,0,0,0,0,0,0.0
Greg Taylor, SCO,DF,Celtic,24,1997,6.0,15,2.5,13,0,0,1,0,1,0,0.0,0,0,0,0,0,0.0
Kenneth Taylor, NED,MF,Ajax,20,2002,4.6,7,1.51,6,0,0,1,0,0,2,0.43,1,0,0,1,0,0.0
Lucas Taylor, BRA,DF,Shakhtar,27,1995,3.5,0,0.0,0,0,0,0,0,0,0,0.0,0,0,0,0,0,0.0
Mavis Tchibota, CGO,FW,Maccabi Haifa,26,1996,1.0,3,2.9,2,0,0,0,1,0,0,0.0,0,0,0,0,0,0.0
Aurélien Tchouaméni, FRA,MF,Real Madrid,22,2000,4.8,7,1.45,6,0,0,1,0,0,1,0.21,1,0,0,0,0,0.0
Mathys Tel, FRA,FW,Bayern Munich,17,2005,1.6,4,2.47,3,0,0,0,1,0,0,0.0,0,0,0,0,0,0.0
Alex Telles, BRA,"DF,FW",Sevilla,29,1992,4.3,8,1.84,5,3,0,0,0,0,2,0.46,1,1,0,0,0,0.0
Marc-André ter Stegen, GER,GK,Barcelona,30,1992,5.0,1,0.2,1,0,0,0,0,0,0,0.0,0,0,0,0,0,0.0
Kévin Théophile-Catherine, FRA,DF,Dinamo Zagreb,32,1989,0.8,0,0.0,0,0,0,0,0,0,0,0.0,0,0,0,0,0,0.0
Malick Thiaw, GER,DF,Milan,20,2001,3.1,2,0.65,2,0,0,0,0,0,0,0.0,0,0,0,0,0,0.0
Mohamed Tijani, BEN,DF,Viktoria Plzeň,25,1997,1.9,1,0.54,1,0,0,0,0,0,0,0.0,0,0,0,0,0,0.0
Malik Tillman, USA,MF,Rangers,20,2002,2.7,3,1.11,1,0,2,0,0,0,0,0.0,0,0,0,0,0,0.0
Jurriën Timber, NED,DF,Ajax,21,2001,5.9,3,0.51,3,0,0,0,0,0,1,0.17,1,0,0,0,0,0.0
Fikayo Tomori, ENG,DF,Milan,24,1997,9.2,9,0.98,7,1,0,0,0,1,1,0.11,1,0,0,0,0,0.0
Sandro Tonali, ITA,MF,Milan,22,2000,11.7,29,2.48,19,7,1,1,1,0,3,0.26,0,2,0,0,1,0.0
Pablo Torre, ESP,"MF,FW",Barcelona,19,2003,1.1,1,0.94,1,0,0,0,0,0,0,0.0,0,0,0,0,0,0.0
Ferrán Torres, ESP,"FW,MF",Barcelona,22,2000,2.1,9,4.31,7,0,1,0,0,1,2,0.96,2,0,0,0,0,0.0
Andriy Totovytskyi, UKR,MF,Shakhtar,29,1993,0.2,1,5.29,0,1,0,0,0,0,0,0.0,0,0,0,0,0,0.0
Kevin Trapp, GER,GK,Eint Frankfurt,32,1990,8.0,0,0.0,0,0,0,0,0,0,0,0.0,0,0,0,0,0,0.0
Francisco Trincão, POR,"MF,FW",Sporting CP,22,1999,4.3,6,1.4,5,0,0,1,0,0,0,0.0,0,0,0,0,0,0.0
Anatolii Trubin, UKR,GK,Shakhtar,20,2001,6.0,2,0.33,2,0,0,0,0,0,0,0.0,0,0,0,0,0,0.0
Kostas Tsimikas, GRE,DF,Liverpool,26,1996,3.8,14,3.7,4,10,0,0,0,0,3,0.79,1,2,0,0,0,0.0
David Turnbull, SCO,MF,Celtic,23,1999,1.1,4,3.53,4,0,0,0,0,0,1,0.88,1,0,0,0,0,0.0
Tuta, BRA,DF,Eint Frankfurt,23,1999,6.7,3,0.45,3,0,0,0,0,0,0,0.0,0,0,0,0,0,0.0
Marián Tvrdoň, SVK,GK,Viktoria Plzeň,27,1994,1.0,1,1.0,1,0,0,0,0,0,0,0.0,0,0,0,0,0,0.0
Manuel Ugarte Ribeiro, URU,MF,Sporting CP,21,2001,5.2,1,0.19,1,0,0,0,0,0,0,0.0,0,0,0,0,0,0.0
Andreas Ulmer, AUT,DF,RB Salzburg,36,1985,4.2,8,1.92,5,1,0,1,1,0,1,0.24,0,0,0,0,1,0.0
Sven Ulreich, GER,GK,Bayern Munich,33,1988,3.0,0,0.0,0,0,0,0,0,0,0,0.0,0,0,0,0,0,0.0
Cengiz Ünder, TUR,MF,Marseille,25,1997,1.9,15,7.89,7,6,0,2,0,0,1,0.53,1,0,0,0,0,0.0
Dayot Upamecano, FRA,DF,Bayern Munich,23,1998,7.9,7,0.88,7,0,0,0,0,0,0,0.0,0,0,0,0,0,0.0
Mateus Uribe, COL,MF,Porto,31,1991,6.8,19,2.8,16,2,0,0,0,1,0,0.0,0,0,0,0,0,0.0
Enrique Valiente, ESP,DF,Sevilla,20,2002,2.0,1,0.5,0,0,0,1,0,0,0,0.0,0,0,0,0,0,0.0
Jesús Vallejo, ESP,DF,Real Madrid,25,1997,0.2,0,0.0,0,0,0,0,0,0,0,0.0,0,0,0,0,0,0.0
Federico Valverde, URU,"MF,FW",Real Madrid,24,1998,10.7,43,4.0,32,0,3,5,0,3,6,0.56,4,0,1,1,0,0.0
Virgil van Dijk, NED,DF,Liverpool,31,1991,8.0,9,1.13,7,0,0,2,0,0,1,0.12,0,0,0,1,0,0.0
Hans Vanaken, BEL,MF,Club Brugge,29,1992,7.8,13,1.66,11,1,0,0,0,1,1,0.13,1,0,0,0,0,0.0
Denis Vavro, SVK,DF,FC Copenhagen,26,1996,4.0,1,0.25,0,0,1,0,0,0,0,0.0,0,0,0,0,0,0.0
Lucas Vázquez, ESP,DF,Real Madrid,31,1991,2.2,8,3.6,8,0,0,0,0,0,2,0.9,2,0,0,0,0,0.0
Jordan Veretout, FRA,MF,Marseille,29,1993,5.4,18,3.33,14,3,1,0,0,0,2,0.37,2,0,0,0,0,0.0
Lucas Veríssimo, BRA,DF,Benfica,27,1995,0.1,0,0.0,0,0,0,0,0,0,0,0.0,0,0,0,0,0,0.0
Gabriel Veron, BRA,"MF,FW",Porto,19,2002,0.5,0,0.0,0,0,0,0,0,0,0,0.0,0,0,0,0,0,0.0
Marco Verratti, ITA,MF,Paris S-G,29,1992,6.9,16,2.31,16,0,0,0,0,0,3,0.43,3,0,0,0,0,0.0
Vitinha, POR,MF,Paris S-G,22,2000,6.5,10,1.54,8,0,1,0,1,0,0,0.0,0,0,0,0,0,0.0
Odisseas Vlachodimos, GRE,GK,Benfica,28,1994,10.0,1,0.1,1,0,0,0,0,0,0,0.0,0,0,0,0,0,0.0
Dušan Vlahović, SRB,FW,Juventus,22,2000,4.6,9,1.97,3,0,0,6,0,0,1,0.22,0,0,0,1,0,0.0
Adam Vlkanova, CZE,MF,Viktoria Plzeň,27,1994,5.1,12,2.36,6,2,2,0,2,0,1,0.2,1,0,0,0,0,0.0
Stefan de Vrij, NED,DF,Inter,30,1992,3.3,0,0.0,0,0,0,0,0,0,0,0.0,0,0,0,0,0,0.0
Kyle Walker, ENG,"DF,FW",Manchester City,32,1990,3.1,4,1.28,3,0,1,0,0,0,1,0.32,1,0,0,0,0,0.0
Paul Wanner, GER,"DF,FW",Bayern Munich,16,2005,0.4,1,2.5,1,0,0,0,0,0,0,0.0,0,0,0,0,0,0.0
Stephen Welsh, SCO,DF,Celtic,22,2000,1.0,1,1.0,1,0,0,0,0,0,0,0.0,0,0,0,0,0,0.0
Wendell, BRA,DF,Porto,29,1993,1.6,5,3.15,4,1,0,0,0,0,0,0.0,0,0,0,0,0,0.0
Timo Werner, GER,FW,RB Leipzig,26,1996,5.6,12,2.16,10,1,0,1,0,0,3,0.54,1,1,0,1,0,0.0
Owen Wijndal, NED,DF,Ajax,22,1999,0.8,5,5.92,5,0,0,0,0,0,2,2.37,2,0,0,0,0,0.0
Josh Wilson-Esbrand, ENG,DF,Manchester City,19,2002,0.5,1,1.96,1,0,0,0,0,0,0,0.0,0,0,0,0,0,0.0
Axel Witsel, BEL,"DF,MF",Atlético Madrid,33,1989,5.1,5,0.97,4,0,0,1,0,0,1,0.19,0,0,0,1,0,0.0
Maximilian Wöber, AUT,DF,RB Salzburg,24,1998,1.8,5,2.73,5,0,0,0,0,0,1,0.55,1,0,0,0,0,0.0
Marius Wolf, GER,DF,Dortmund,27,1995,2.0,3,1.53,2,0,0,1,0,0,0,0.0,0,0,0,0,0,0.0
Scott Wright, SCO,"FW,MF",Rangers,24,1997,1.5,2,1.32,2,0,0,0,0,0,1,0.66,1,0,0,0,0,0.0
Roman Yaremchuk, UKR,FW,Club Brugge,26,1995,1.2,1,0.8,1,0,0,0,0,0,0,0.0,0,0,0,0,0,0.0
Rıdvan Yılmaz, TUR,DF,Rangers,21,2001,1.0,2,2.0,2,0,0,0,0,0,0,0.0,0,0,0,0,0,0.0
Warren Zaire-Emery, FRA,MF,Paris S-G,16,2006,0.9,2,2.17,2,0,0,0,0,0,0,0.0,0,0,0,0,0,0.0
Denis Zakaria, SUI,MF,Chelsea,25,1996,0.8,2,2.43,1,0,0,0,0,1,0,0.0,0,0,0,0,0,0.0
Andre-Frank Zambo Anguissa, CMR,MF,Napoli,26,1995,7.2,29,4.02,21,0,4,1,0,3,7,0.97,5,0,1,0,0,1.0
Alessandro Zanoli, ITA,DF,Napoli,21,2000,0.1,1,7.5,1,0,0,0,0,0,0,0.0,0,0,0,0,0,0.0
Zeca, GRE,MF,FC Copenhagen,33,1988,1.8,0,0.0,0,0,0,0,0,0,0,0.0,0,0,0,0,0,0.0
Alessio Zerbin, ITA,FW,Napoli,23,1999,0.6,1,1.61,1,0,0,0,0,0,0,0.0,0,0,0,0,0,0.0
Piotr Zieliński, POL,MF,Napoli,28,1994,6.9,41,5.95,23,10,2,4,1,1,7,1.02,3,1,0,2,1,0.0
Hakim Ziyech, MAR,"FW,MF",Chelsea,29,1993,1.6,10,6.08,6,0,1,2,0,1,0,0.0,0,0,0,0,0,0.0
Oleksandr Zubkov, UKR,"FW,MF",Shakhtar,25,1996,4.1,9,2.21,6,0,0,2,0,1,1,0.25,1,0,0,0,0,0.0
Neven Đurasek, CRO,MF,Shakhtar,23,1998,1.0,2,1.98,2,0,0,0,0,0,1,0.99,1,0,0,0,0,
