Player,Nationality,Position,Club,Age,Born,90s,Touches,Touches (Def Pen),Touches (Def 3rd),Touches (Mid 3rd),Touches (Att 3rd),Touches (Att Pen),Touches (LiveBall),Take-ons attempted,Take-ons completed,successful takeon (%),Times tackled during takeon,Times tackled during takeon (%),Carries,Total carrying distance,Progressive carrying distance,Progressive carries,Carries into final third,Carries into penalty area,Miscontrols,Dispossessed,Passes received,Progressive passes received
Liel Abada, ISR,"FW,MF",Celtic,20,2001,2.4,81,1,6,20,56,9,81,4,1,25.0,1,25.0,68,375,181,6,6,2,5,9,66,23
Oliver Abildgaard, DEN,MF,Celtic,26,1996,0.7,44,1,13,24,7,0,44,0,0,,0,,16,60,25,0,0,0,1,2,21,0
Mohammad Abu Fani, ISR,MF,Maccabi Haifa,24,1998,4.4,280,1,52,153,83,7,280,13,7,53.8,4,30.8,209,1128,469,6,7,0,6,6,210,20
Francesco Acerbi, ITA,DF,Inter,34,1988,10.2,662,90,333,307,24,6,662,2,1,50.0,1,50.0,385,1786,894,8,6,1,3,0,439,1
Marcos Acuña, ARG,"DF,MF",Sevilla,30,1991,2.4,126,12,56,41,30,0,126,4,1,25.0,3,75.0,64,270,128,4,1,0,4,5,62,8
Junior Adamu, AUT,FW,RB Salzburg,21,2001,2.3,87,4,16,34,38,11,87,4,1,25.0,3,75.0,52,225,54,1,0,1,8,6,56,11
Antonio Adán, ESP,GK,Sporting CP,35,1987,4.2,235,216,235,0,0,0,235,0,0,,0,,131,597,344,0,0,0,0,0,119,0
Arijan Ademi, MKD,MF,Dinamo Zagreb,31,1991,5.2,199,6,59,99,42,7,199,6,1,16.7,5,83.3,109,455,180,3,1,0,7,2,115,6
Karim Adeyemi, GER,"FW,MF",Dortmund,20,2002,4.2,167,4,39,43,87,22,167,26,10,38.5,14,53.8,113,891,518,23,10,13,10,6,109,31
Amine Adli, FRA,"FW,MF",Leverkusen,22,2000,1.3,85,0,9,28,49,8,85,4,1,25.0,3,75.0,46,264,159,7,3,2,2,2,62,15
Manuel Akanji, SUI,DF,Manchester City,27,1995,10.5,915,38,309,520,90,13,915,2,1,50.0,1,50.0,587,2697,1541,10,13,1,5,1,701,8
Nathan Aké, NED,DF,Manchester City,27,1995,6.8,641,26,176,393,78,3,641,3,2,66.7,1,33.3,414,1821,1180,9,10,0,1,1,506,9
David Alaba, AUT,DF,Real Madrid,30,1992,7.9,537,58,222,231,90,8,537,3,3,100.0,0,0.0,339,1463,741,8,8,3,6,2,394,26
Lucas Alario, ARG,"FW,MF",Eint Frankfurt,29,1992,0.2,5,0,0,3,2,0,5,0,0,,0,,3,6,0,0,0,0,2,2,6,1
Jordi Alba, ESP,DF,Barcelona,33,1989,1.6,192,5,28,103,62,8,192,1,0,0.0,1,100.0,153,508,261,4,5,1,0,2,149,23
Thiago Alcántara, ESP,MF,Liverpool,31,1991,3.4,269,5,47,153,73,2,269,4,2,50.0,1,25.0,137,717,329,3,10,2,5,7,183,3
Trent Alexander-Arnold, ENG,DF,Liverpool,23,1998,6.9,588,10,148,273,172,15,588,9,5,55.6,4,44.4,307,1224,584,11,7,0,11,2,355,33
Sotiris Alexandropoulos, GRE,MF,Sporting CP,20,2001,1.3,58,5,16,32,10,0,58,1,0,0.0,1,100.0,38,182,40,0,0,0,4,2,39,0
Faride Alidou, GER,"DF,FW",Eint Frankfurt,21,2001,0.8,54,0,3,25,27,3,54,6,2,33.3,3,50.0,31,212,81,4,1,0,2,2,30,6
Alisson, BRA,GK,Liverpool,29,1992,8.0,284,219,282,2,0,0,284,1,1,100.0,0,0.0,170,822,497,0,0,0,0,0,178,0
Marcos Alonso, ESP,DF,Barcelona,31,1990,4.5,468,37,148,247,75,7,468,4,2,50.0,2,50.0,310,1743,968,8,9,0,3,2,325,12
Éder Álvarez Balanta, COL,"MF,FW",Club Brugge,29,1993,0.6,32,4,16,10,6,1,32,2,1,50.0,1,50.0,15,72,22,0,0,0,0,2,11,0
Edson Álvarez, MEX,MF,Ajax,24,1997,5.9,450,35,149,253,50,17,450,3,1,33.3,2,66.7,266,1125,518,4,5,1,6,3,307,4
Julián Álvarez, ARG,FW,Manchester City,22,2000,5.3,166,1,11,49,106,25,166,10,3,30.0,7,70.0,112,430,170,7,5,5,7,6,134,36
Nadiem Amiri, GER,"MF,FW",Leverkusen,25,1996,1.4,90,2,27,44,20,2,90,3,1,33.3,2,66.7,44,215,103,2,5,1,5,1,63,7
Robert Andrich, GER,MF,Leverkusen,27,1994,4.5,257,17,83,150,24,3,257,0,0,,0,,95,485,227,3,1,0,0,0,153,1
Peter Ankersen, DEN,DF,FC Copenhagen,31,1990,0.3,6,1,4,1,1,0,6,0,0,,0,,3,13,3,0,0,0,0,0,4,1
Ofri Arad, ISR,"DF,MF",Maccabi Haifa,23,1998,0.2,17,3,9,4,4,0,17,0,0,,0,,10,33,13,0,1,1,0,0,9,0
Charles Aránguiz, CHI,MF,Leverkusen,33,1989,2.4,169,6,42,100,29,1,169,0,0,,0,,72,301,137,0,3,0,0,0,125,0
Henrique Araújo, POR,FW,Benfica,20,2002,0.1,9,0,0,2,7,3,9,0,0,,0,,6,27,19,0,1,0,0,0,8,5
Ronald Araújo, URU,DF,Barcelona,23,1999,1.0,63,8,28,32,3,1,63,0,0,,0,,41,320,259,0,0,0,1,0,47,0
Scott Arfield, CAN,MF,Rangers,33,1988,3.0,112,3,20,50,42,7,112,1,0,0.0,1,100.0,58,210,92,1,0,0,6,1,65,9
Hákon Arnar Haraldsson, ISL,FW,FC Copenhagen,19,2003,3.3,127,4,24,54,50,5,127,6,4,66.7,2,33.3,67,340,194,5,3,1,7,2,91,14
Kepa Arrizabalaga, ESP,GK,Chelsea,27,1994,9.0,288,233,283,5,0,0,288,0,0,,0,,202,914,542,0,0,0,0,0,152,0
Arthur, BRA,"MF,FW",Sporting CP,24,1998,1.2,57,3,10,32,16,4,57,4,2,50.0,1,25.0,33,242,138,5,0,2,1,6,41,9
Marco Asensio, ESP,"FW,MF",Real Madrid,26,1996,3.6,237,2,19,98,122,16,237,3,1,33.3,1,33.3,138,818,373,12,7,3,5,3,185,15
Kristjan Asllani, ALB,MF,Inter,20,2002,1.4,88,11,26,43,19,1,88,1,1,100.0,0,0.0,44,241,73,0,1,0,1,1,51,2
Omer Atzili, ISR,"FW,MF",Maccabi Haifa,29,1993,3.4,163,2,13,63,88,11,163,10,3,30.0,5,50.0,119,609,276,6,10,3,9,5,118,28
Pierre-Emerick Aubameyang, GAB,FW,Chelsea,33,1989,4.5,140,1,8,59,73,28,140,0,0,,0,,96,437,188,8,7,4,12,5,103,31
Lynnt Audoor, BEL,MF,Club Brugge,18,2003,0.1,7,0,0,3,4,0,7,0,0,,0,,4,21,14,0,1,0,0,0,5,1
Fredrik Aursnes, NOR,"FW,MF",Benfica,26,1995,6.9,433,14,68,228,139,29,433,9,4,44.4,4,44.4,277,1336,577,12,10,3,8,2,307,45
Sardar Azmoun, IRN,FW,Leverkusen,27,1995,0.1,3,0,0,1,2,0,3,1,1,100.0,0,0.0,2,28,16,1,1,0,0,0,3,1
César Azpilicueta, ESP,DF,Chelsea,32,1989,2.9,312,12,83,175,57,2,312,4,1,25.0,1,25.0,207,870,477,4,6,1,2,0,222,15
Youri Baas, NED,DF,Ajax,19,2003,0.5,32,1,5,19,8,2,32,0,0,,0,,16,42,25,0,0,0,1,0,23,3
Alexander Bah, DEN,DF,Benfica,24,1997,7.3,607,24,151,296,165,9,607,17,8,47.1,8,47.1,355,1808,1078,16,23,0,7,0,390,34
Eric Bailly, CIV,DF,Marseille,28,1994,3.4,238,20,101,134,3,0,238,2,1,50.0,0,0.0,180,962,414,0,1,0,2,1,156,0
Stefan Bajcetic, ESP,MF,Liverpool,17,2004,1.2,95,1,16,57,24,0,95,2,1,50.0,1,50.0,52,275,66,0,1,0,3,2,68,1
Mitchel Bakker, NED,"MF,DF",Leverkusen,22,2000,3.8,252,11,74,104,74,9,252,10,5,50.0,3,30.0,133,604,303,9,7,3,8,3,172,32
Alejandro Balde, ESP,DF,Barcelona,18,2003,1.9,162,3,38,64,62,6,162,8,5,62.5,2,25.0,115,708,414,15,8,2,5,5,121,17
Leonardo Balerdi, ARG,DF,Marseille,23,1999,5.5,420,24,133,254,37,6,420,1,0,0.0,0,0.0,314,1596,869,6,14,0,6,1,277,3
Fodé Ballo-Touré, SEN,"DF,MF",Milan,25,1997,1.5,89,3,19,54,16,2,89,2,1,50.0,1,50.0,58,239,91,3,1,0,1,1,51,7
Tommaso Barbieri, ITA,MF,Juventus,19,2002,0.0,8,0,1,5,2,1,8,0,0,,0,,5,52,50,4,1,1,0,0,4,2
Roony Bardghji, SWE,FW,FC Copenhagen,16,2005,1.1,35,1,4,15,17,3,35,5,2,40.0,2,40.0,21,115,49,1,0,1,3,1,23,7
Nicolò Barella, ITA,MF,Inter,25,1997,11.0,537,17,111,233,204,20,537,18,8,44.4,8,44.4,340,2153,1259,36,31,3,27,12,357,37
Borna Barišić, CRO,DF,Rangers,29,1992,5.2,302,20,114,132,61,0,302,2,0,0.0,2,100.0,158,595,240,5,4,0,1,2,188,13
Enzo Barrenechea, ARG,DF,Juventus,21,2001,0.0,5,0,1,2,2,0,5,0,0,,0,,4,29,8,0,0,0,0,0,4,0
Pablo Barrios, ESP,MF,Atlético Madrid,19,2003,0.1,8,0,0,4,4,0,8,2,1,50.0,1,50.0,8,30,16,1,0,0,0,2,10,0
Calvin Bassey, NGA,DF,Ajax,22,1999,6.0,506,69,258,220,31,2,506,13,5,38.5,3,23.1,321,1267,625,3,1,0,5,1,356,8
Fortune Bassey, NGA,FW,Viktoria Plzeň,23,1998,1.5,37,0,0,17,21,5,37,1,0,0.0,0,0.0,30,209,59,2,1,0,3,4,30,5
Alessandro Bastoni, ITA,DF,Inter,23,1999,10.9,710,114,354,281,76,6,710,5,2,40.0,1,20.0,423,2033,1293,18,22,0,5,3,479,21
Dylan Batubinsika, COD,DF,Maccabi Haifa,26,1996,5.0,240,39,136,101,3,3,240,0,0,,0,,157,899,466,1,2,0,1,0,145,0
Martin Baturina, CRO,MF,Dinamo Zagreb,19,2003,0.7,47,0,8,25,14,2,47,5,0,0.0,2,40.0,35,268,132,3,0,0,4,1,34,5
Raoul Bellanova, ITA,"DF,MF",Inter,22,2000,1.3,69,3,29,16,24,2,69,3,1,33.3,0,0.0,37,292,131,4,3,0,4,1,45,5
Héctor Bellerín, ESP,DF,Barcelona,27,1995,2.0,116,8,21,67,30,3,116,1,0,0.0,1,100.0,64,308,161,3,5,0,7,1,75,7
Jude Bellingham, ENG,MF,Dortmund,19,2003,7.0,462,23,91,247,125,28,462,31,11,35.5,16,51.6,305,1727,801,16,6,5,18,12,334,22
Ismaël Bennacer, ALG,MF,Milan,24,1997,6.5,436,12,84,274,84,2,436,25,13,52.0,8,32.0,243,1373,589,9,5,0,19,15,261,9
Rodrigo Bentancur, URU,"MF,FW",Tottenham,25,1997,5.6,417,13,83,271,68,5,417,8,6,75.0,1,12.5,258,1257,580,11,8,0,6,3,302,7
Karim Benzema, FRA,FW,Real Madrid,34,1987,8.3,398,8,30,145,226,47,398,17,7,41.2,9,52.9,238,1041,355,12,7,10,11,8,325,44
Steven Berghuis, NED,"MF,FW",Ajax,30,1991,5.1,320,4,26,166,129,7,320,5,1,20.0,3,60.0,210,888,377,6,14,0,9,2,230,15
Steven Bergwijn, NED,FW,Ajax,24,1997,5.8,246,0,15,103,131,19,245,14,5,35.7,7,50.0,193,1072,600,12,10,4,6,9,203,49
Alexandro Bernabei, ARG,FW,Celtic,21,2000,0.1,9,0,2,5,2,0,9,2,1,50.0,1,50.0,5,42,11,0,0,0,0,0,4,1
Bernardo, BRA,DF,RB Salzburg,27,1995,3.0,110,20,62,45,4,4,110,0,0,,0,,43,167,58,0,0,0,0,0,37,0
Juan Bernat, ESP,DF,Paris S-G,29,1993,3.1,223,6,70,104,50,2,223,2,0,0.0,1,50.0,179,848,287,0,9,0,1,2,169,18
Victor Bernth Kristiansen, DEN,"DF,MF",FC Copenhagen,19,2002,5.4,308,21,129,120,62,3,308,8,1,12.5,5,62.5,139,865,396,6,3,0,0,2,181,19
Modou Biramé Ndiaye, SEN,MF,Viktoria Plzeň,25,1996,2.0,87,8,34,45,11,0,87,4,3,75.0,1,25.0,29,109,36,0,0,0,2,2,38,0
Yves Bissouma, MLI,MF,Tottenham,25,1996,1.0,86,4,25,53,8,0,86,1,0,0.0,1,100.0,61,324,101,1,1,0,3,0,58,0
Janis Blaswich, GER,GK,RB Leipzig,31,1991,5.9,280,207,278,2,0,0,280,0,0,,0,,199,670,252,0,0,0,0,0,191,0
Daley Blind, NED,DF,Ajax,32,1990,4.5,383,18,107,202,75,4,383,5,1,20.0,3,60.0,224,655,343,2,2,1,3,4,260,13
Petar Bočkaj, CRO,"DF,FW",Dinamo Zagreb,26,1996,0.4,28,0,1,13,14,3,28,0,0,,0,,22,138,86,3,3,1,2,2,23,6
Nicolai Boilesen, DEN,DF,FC Copenhagen,30,1992,1.1,91,11,45,44,2,0,91,0,0,,0,,57,379,213,0,0,0,0,0,74,0
Valerii Bondar, UKR,DF,Shakhtar,23,1999,6.0,406,104,291,114,1,1,406,1,1,100.0,0,0.0,269,1061,480,2,0,0,1,1,303,0
Artem Bondarenko, UKR,MF,Shakhtar,21,2000,5.4,319,19,146,149,26,5,319,6,1,16.7,3,50.0,208,1099,561,7,5,0,4,5,238,5
Leonardo Bonucci, ITA,DF,Juventus,35,1987,4.9,338,62,162,170,6,1,338,3,2,66.7,1,33.3,218,863,418,0,0,0,1,0,232,0
Gonçalo Borges, POR,"MF,FW",Porto,21,2001,0.4,26,0,5,8,15,2,26,5,2,40.0,3,60.0,19,267,147,8,4,1,2,0,18,7
Rafael Borré, COL,FW,Eint Frankfurt,26,1995,2.5,95,1,8,49,38,9,95,6,1,16.7,5,83.3,60,333,101,3,3,1,5,4,71,10
Yassine Bounou, MAR,GK,Sevilla,31,1991,4.0,224,180,222,2,0,0,224,0,0,,0,,131,621,264,0,0,0,1,0,123,0
Dedryck Boyata, BEL,DF,Club Brugge,31,1990,1.5,97,18,65,30,3,1,97,0,0,,0,,67,254,96,0,1,0,0,0,59,0
Julian Brandt, GER,"MF,FW",Dortmund,26,1996,5.3,293,6,35,131,133,14,293,17,10,58.8,7,41.2,171,1076,559,19,13,4,5,7,209,28
Gleison Bremer, BRA,DF,Juventus,25,1997,3.0,181,33,101,74,8,3,181,1,1,100.0,0,0.0,118,449,231,0,2,0,3,1,119,2
Brian Brobbey, NED,FW,Ajax,20,2002,1.3,31,0,0,19,12,4,31,0,0,,0,,17,60,6,0,2,0,4,0,20,4
Armando Broja, ALB,FW,Chelsea,20,2001,1.3,48,1,1,17,30,5,48,3,1,33.3,2,66.7,38,265,67,2,4,2,6,11,38,11
Marcelo Brozović, CRO,MF,Inter,29,1992,6.1,479,25,154,246,84,3,479,9,5,55.6,4,44.4,301,1478,539,9,12,1,5,9,333,11
Pavel Bucha, CZE,MF,Viktoria Plzeň,24,1998,4.0,166,4,47,80,41,3,166,5,4,80.0,1,20.0,94,454,218,3,2,0,7,10,108,7
Tajon Buchanan, CAN,"DF,MF",Club Brugge,23,1999,5.8,222,9,46,87,91,14,222,33,9,27.3,17,51.5,157,1270,598,22,7,7,12,10,138,35
Marko Bulat, CRO,MF,Dinamo Zagreb,20,2001,0.3,27,4,6,19,2,0,27,0,0,,0,,18,56,23,0,0,0,0,0,19,0
Sergio Busquets, ESP,MF,Barcelona,34,1988,3.2,188,3,21,110,58,5,188,4,1,25.0,0,0.0,86,271,146,2,2,0,3,1,113,5
Aurélio Buta, POR,DF,Eint Frankfurt,25,1997,1.8,80,4,31,29,20,0,80,1,0,0.0,0,0.0,29,176,97,5,3,0,1,2,28,5
Jamie Bynoe-Gittens, ENG,MF,Dortmund,17,2004,0.4,23,1,4,9,10,0,23,5,0,0.0,4,80.0,16,64,21,0,2,0,3,0,14,3
Jovane Cabral, CPV,MF,Sporting CP,24,1998,0.1,11,0,1,3,7,1,11,0,0,,0,,8,29,18,0,0,0,0,1,7,3
Davide Calabria, ITA,DF,Milan,25,1996,5.5,387,22,134,187,68,2,387,4,2,50.0,2,50.0,179,919,504,8,7,0,1,0,217,17
Hakan Çalhanoğlu, TUR,MF,Inter,28,1994,8.9,530,16,135,255,144,5,530,9,4,44.4,2,22.2,295,1328,631,10,6,1,10,11,330,27
Eduardo Camavinga, FRA,"MF,DF",Real Madrid,19,2002,8.0,564,21,161,302,104,8,564,15,7,46.7,2,13.3,331,2020,1041,18,16,3,17,9,409,15
Emre Can, GER,MF,Dortmund,28,1994,6.3,374,20,131,216,32,2,374,8,5,62.5,2,25.0,218,1163,568,6,7,1,14,5,234,2
João Cancelo, POR,DF,Bayern Munich,28,1994,1.4,121,2,27,56,40,0,121,6,4,66.7,2,33.3,89,517,205,4,1,0,1,0,78,10
João Cancelo, POR,DF,Manchester City,28,1994,4.2,464,7,72,212,183,7,464,8,3,37.5,3,37.5,286,1221,630,15,13,2,7,2,353,41
Nicolás Capaldo, ARG,MF,RB Salzburg,24,1997,3.0,128,6,26,56,48,9,128,4,0,0.0,3,75.0,64,368,200,4,6,0,7,4,59,8
Valentin Carboni, ARG,FW,Inter,17,2005,0.2,4,0,0,4,0,0,4,0,0,,0,,3,9,0,0,0,0,2,0,4,0
Fábio Cardoso, POR,DF,Porto,28,1994,4.0,246,28,143,95,9,6,246,1,1,100.0,0,0.0,172,685,364,1,0,0,1,0,177,1
David Carmo, POR,DF,Porto,23,1999,5.0,248,48,154,84,10,5,248,0,0,,0,,158,712,309,0,0,0,0,0,161,2
Carmona, ESP,DF,Sevilla,20,2002,5.0,338,43,166,119,54,7,338,7,5,71.4,2,28.6,194,767,392,5,2,1,3,0,244,20
Yannick Carrasco, BEL,"DF,MF",Atlético Madrid,28,1993,3.0,236,0,29,75,136,14,235,20,8,40.0,10,50.0,141,1041,492,21,10,7,13,6,149,46
Cameron Carter-Vickers, USA,DF,Celtic,24,1997,4.0,331,29,114,209,9,2,331,0,0,,0,,271,1425,901,6,3,0,2,0,267,0
Dani Carvajal, ESP,DF,Real Madrid,30,1992,9.7,721,37,221,299,204,9,721,10,0,0.0,8,80.0,390,1556,724,12,11,0,6,2,481,35
Fabio Carvalho, POR,"MF,FW",Liverpool,19,2002,1.3,78,1,7,34,38,5,78,4,2,50.0,2,50.0,49,250,126,5,3,2,5,2,55,4
Marc Casado, ESP,MF,Barcelona,18,2003,0.3,33,2,6,28,0,0,33,0,0,,0,,19,55,12,0,0,0,0,1,25,0
Dani Ceballos, ESP,MF,Real Madrid,25,1996,1.0,100,2,25,59,16,3,100,7,5,71.4,2,28.6,61,333,123,2,2,0,1,1,77,3
Aleš Čermák, CZE,MF,Viktoria Plzeň,27,1994,0.4,38,0,9,22,8,1,38,0,0,,0,,20,89,44,0,1,0,0,1,24,0
El Chadaille Bitshiabu, FRA,DF,Paris S-G,17,2005,0.5,32,4,14,18,0,0,32,0,0,,0,,25,113,30,0,0,0,1,0,25,0
Trevoh Chalobah, ENG,DF,Chelsea,23,1999,4.9,346,36,143,183,22,6,346,2,1,50.0,0,0.0,247,988,640,6,8,0,4,0,248,1
Timothy Chandler, USA,DF,Eint Frankfurt,32,1990,0.1,7,0,4,2,1,0,7,0,0,,0,,3,9,5,0,0,0,0,0,3,0
Tjaronn Chery, SUR,"MF,FW",Maccabi Haifa,34,1988,6.0,313,3,36,152,131,15,312,11,4,36.4,5,45.5,218,1024,530,17,14,2,15,7,224,44
Federico Chiesa, ITA,FW,Juventus,24,1997,0.2,12,0,0,1,11,2,12,0,0,,0,,9,50,29,1,0,0,0,0,8,5
Ben Chilwell, ENG,"DF,MF",Chelsea,25,1996,6.2,436,14,87,187,173,14,436,12,6,50.0,3,25.0,294,1305,758,15,15,1,15,3,302,39
Chiquinho, POR,MF,Benfica,27,1995,4.5,333,11,63,192,80,8,333,12,7,58.3,3,25.0,230,1221,614,9,9,0,3,4,245,12
Tomáš Chorý, CZE,FW,Viktoria Plzeň,27,1995,4.0,116,6,11,52,53,15,115,4,0,0.0,4,100.0,58,129,23,0,0,0,11,3,82,6
Andreas Christensen, DEN,DF,Barcelona,26,1996,2.4,246,13,71,166,11,2,246,1,1,100.0,0,0.0,184,996,580,4,5,0,1,0,195,1
Viktor Claesson, SWE,"FW,MF",FC Copenhagen,30,1992,5.4,231,13,58,104,72,12,231,8,4,50.0,4,50.0,89,524,257,7,4,2,9,3,145,15
Jonathan Clauss, FRA,DF,Marseille,29,1992,4.6,260,5,41,102,120,8,260,13,7,53.8,6,46.2,174,978,470,11,7,2,7,3,159,26
William Clem, DEN,MF,FC Copenhagen,18,2004,1.9,89,3,23,50,20,1,89,0,0,,0,,44,143,62,0,5,0,1,1,59,1
Sebastián Coates, URU,DF,Sporting CP,31,1990,4.4,246,27,128,117,3,3,246,1,1,100.0,0,0.0,149,437,178,0,0,0,2,2,166,0
Josh Cohen, USA,GK,Maccabi Haifa,29,1992,6.0,164,138,162,2,0,0,164,0,0,,0,,101,510,364,0,0,0,0,0,56,0
Antonio Čolak, CRO,FW,Rangers,28,1993,3.2,62,2,6,43,13,4,62,0,0,,0,,25,74,40,1,1,0,5,5,35,3
Kingsley Coman, FRA,"FW,DF",Bayern Munich,26,1996,5.9,367,3,35,128,211,35,367,33,17,51.5,11,33.3,266,1917,1087,36,19,10,15,15,282,98
Francisco Conceição, POR,"FW,MF",Ajax,19,2002,0.2,19,2,4,11,4,1,19,0,0,,0,,15,76,30,1,0,1,1,1,13,4
Rodrigo Conceição, POR,DF,Porto,22,2000,0.1,7,1,5,1,1,0,7,0,0,,0,,4,5,2,0,0,0,0,0,4,0
Andreas Cornelius, DEN,FW,FC Copenhagen,29,1993,1.2,40,1,5,19,17,8,40,0,0,,0,,10,32,16,1,1,0,4,2,32,2
Pierre Cornud, FRA,DF,Maccabi Haifa,25,1996,4.1,244,15,76,94,75,2,244,8,4,50.0,4,50.0,159,887,410,11,13,1,2,3,156,18
Ángel Correa, ARG,"FW,MF",Atlético Madrid,27,1995,3.5,154,0,18,42,94,22,154,10,4,40.0,5,50.0,109,418,183,7,7,3,6,9,118,28
Joaquín Correa, ARG,FW,Inter,27,1994,3.4,121,1,11,56,59,15,121,15,8,53.3,5,33.3,84,412,173,3,4,2,4,10,101,16
Bruno Xavier Almeida Costa, POR,MF,Porto,25,1997,0.8,27,1,3,16,8,0,27,0,0,,0,,18,79,17,0,0,0,2,0,16,0
Diogo Costa, POR,GK,Porto,22,1999,8.0,400,341,400,0,0,0,400,0,0,,0,,303,1246,728,0,0,0,0,0,246,0
Soumaïla Coulibaly, FRA,DF,Dortmund,18,2003,0.2,18,1,5,13,0,0,18,0,0,,0,,12,79,59,1,0,0,1,0,13,1
Thibaut Courtois, BEL,GK,Real Madrid,30,1992,10.0,400,367,400,0,0,0,400,0,0,,0,,286,1348,723,0,0,0,1,0,234,0
Juan Cuadrado, COL,"DF,MF",Juventus,34,1988,4.8,346,10,71,153,126,11,346,20,6,30.0,11,55.0,203,1127,468,12,6,6,6,6,223,36
Marc Cucurella, ESP,DF,Chelsea,24,1998,4.6,410,11,130,185,98,5,410,6,1,16.7,4,66.7,267,1167,642,6,7,0,2,0,246,21
Matheus Cunha, BRA,"FW,MF",Atlético Madrid,23,1999,1.4,53,0,0,16,38,10,53,6,4,66.7,1,16.7,38,263,128,4,2,1,6,4,36,12
Danilo D'Ambrosio, ITA,DF,Inter,33,1988,1.8,124,11,47,52,25,6,124,3,1,33.3,2,66.7,63,262,83,1,3,0,3,2,73,2
Danilo, BRA,DF,Juventus,31,1991,4.7,316,26,109,156,53,3,316,7,5,71.4,1,14.3,167,848,451,5,12,2,1,1,214,7
Arnaut Danjuma, NED,MF,Tottenham,25,1997,0.1,3,0,0,1,2,0,3,0,0,,0,,3,10,0,0,0,0,0,0,3,0
Mohammed Daramy, DEN,FW,FC Copenhagen,20,2002,4.9,186,1,22,74,98,21,186,32,12,37.5,15,46.9,113,1172,793,26,13,10,9,8,133,32
Matteo Darmian, ITA,DF,Inter,32,1989,9.1,441,54,246,151,47,6,441,1,1,100.0,0,0.0,249,977,421,6,5,1,2,1,264,15
Dean David, ISR,"FW,DF",Maccabi Haifa,26,1996,2.6,71,1,8,25,42,13,71,10,7,70.0,2,20.0,45,327,215,7,5,3,1,3,48,17
Alphonso Davies, CAN,DF,Bayern Munich,21,2000,6.7,516,32,173,206,156,24,516,39,23,59.0,14,35.9,322,2097,1111,32,18,10,25,13,324,55
Ben Davies, WAL,DF,Tottenham,29,1993,4.4,265,19,79,157,31,2,265,3,2,66.7,1,33.3,165,860,463,8,5,0,4,0,182,8
Ben Davies, ENG,DF,Rangers,26,1995,2.9,179,26,92,84,4,1,179,0,0,,0,,124,641,279,2,0,0,0,0,120,0
Steven Davis, NIR,MF,Rangers,37,1985,2.8,131,5,37,77,20,3,131,1,0,0.0,1,100.0,68,298,125,2,2,1,2,0,75,1
Kevin De Bruyne, BEL,MF,Manchester City,31,1991,8.0,499,7,43,201,259,15,499,19,10,52.6,7,36.8,284,1632,964,30,20,2,11,5,374,58
Charles De Ketelaere, BEL,"MF,FW",Milan,21,2001,2.6,112,1,16,63,37,9,112,7,1,14.3,5,71.4,61,415,206,7,5,3,5,6,75,15
Rodrigo De Paul, ARG,MF,Atlético Madrid,28,1994,2.8,273,4,23,159,96,1,273,3,3,100.0,0,0.0,191,915,484,9,5,0,5,4,215,11
Mattia De Sciglio, ITA,DF,Juventus,29,1992,1.1,67,1,15,30,23,1,67,2,1,50.0,0,0.0,37,227,130,4,4,0,1,1,49,8
Amar Dedić, BIH,DF,RB Salzburg,19,2002,6.0,358,24,101,172,92,5,358,10,4,40.0,5,50.0,160,974,481,11,13,2,7,3,143,13
Thomas Delaney, DEN,MF,Sevilla,30,1991,2.6,125,8,44,56,25,3,125,0,0,,0,,59,174,71,2,0,1,1,2,87,6
Ousmane Dembélé, FRA,FW,Barcelona,25,1997,4.6,331,1,13,90,230,17,331,39,12,30.8,25,64.1,228,1978,955,36,23,6,10,10,247,67
Kerem Demirbay, GER,MF,Leverkusen,29,1993,3.0,260,2,30,164,67,5,259,4,1,25.0,3,75.0,130,754,374,0,6,0,3,2,176,5
Sergiño Dest, USA,DF,Milan,21,2000,2.1,112,3,32,48,32,3,112,7,0,0.0,4,57.1,60,265,138,3,4,0,6,2,68,3
Giovanni Di Lorenzo, ITA,DF,Napoli,28,1993,9.9,700,31,216,320,173,36,700,21,8,38.1,8,38.1,449,2159,1207,34,19,7,15,5,463,41
Ángel Di María, ARG,FW,Juventus,34,1988,1.6,98,0,9,38,53,8,98,10,4,40.0,6,60.0,64,495,224,7,9,4,7,7,76,13
Moussa Diaby, FRA,"FW,MF",Leverkusen,23,1999,5.6,261,1,15,115,135,24,261,14,6,42.9,7,50.0,164,1153,694,22,12,11,20,5,205,50
Abdou Diallo, SEN,"DF,MF",RB Leipzig,26,1996,2.5,209,15,67,133,12,1,209,5,5,100.0,0,0.0,167,1047,652,3,2,0,1,1,160,1
Rúben Dias, POR,DF,Manchester City,25,1997,11.7,1056,91,391,622,47,17,1056,3,3,100.0,0,0.0,723,3400,1994,9,9,0,6,3,844,3
Brahim Díaz, ESP,"MF,FW",Milan,22,1999,6.7,262,0,18,133,117,14,262,38,17,44.7,15,39.5,180,1131,549,16,16,2,22,23,204,33
Luis Díaz, COL,FW,Liverpool,25,1997,3.0,139,1,6,41,95,14,139,14,4,28.6,8,57.1,84,626,268,8,7,8,6,7,102,34
Eric Dier, ENG,DF,Tottenham,28,1994,6.9,526,50,254,255,19,9,526,0,0,,0,,335,1772,750,2,5,0,3,0,373,1
Kevin Diks, NED,DF,FC Copenhagen,25,1996,3.7,215,24,87,95,35,6,215,3,0,0.0,3,100.0,86,540,326,4,3,0,6,4,113,10
Federico Dimarco, ITA,DF,Inter,24,1997,8.1,491,29,149,177,173,15,491,14,4,28.6,7,50.0,269,1371,803,24,13,1,9,3,295,59
Junior Dina Ebimbe, FRA,"MF,DF",Eint Frankfurt,21,2000,2.7,141,5,33,77,33,4,141,7,1,14.3,4,57.1,73,568,254,7,4,3,8,7,84,12
Marko Dmitrović, SRB,GK,Sevilla,30,1992,2.0,76,53,76,0,0,0,76,0,0,,0,,47,171,53,0,0,0,0,0,50,0
Matt Doherty, IRL,DF,Tottenham,30,1992,0.8,50,3,12,22,18,6,50,0,0,,0,,23,118,27,2,2,1,3,0,28,5
Kasper Dolberg, DEN,FW,Sevilla,24,1997,1.2,34,1,2,16,17,4,34,8,3,37.5,3,37.5,19,119,35,3,3,0,3,1,16,6
Gianluigi Donnarumma, ITA,GK,Paris S-G,23,1999,8.0,261,234,261,0,0,0,261,0,0,,0,,185,811,484,0,0,0,0,0,131,0
Julian Draxler, GER,MF,Benfica,28,1993,0.4,18,0,4,8,7,2,18,1,1,100.0,0,0.0,12,70,41,0,1,0,1,2,12,2
Josip Drmić, SUI,FW,Dinamo Zagreb,29,1992,1.1,29,3,3,13,13,2,29,1,0,0.0,1,100.0,20,85,23,2,1,0,2,1,21,11
Denzel Dumfries, NED,DF,Inter,26,1996,9.8,441,26,119,187,140,30,441,11,8,72.7,2,18.2,221,1114,504,21,9,10,9,8,256,60
Edin Džeko, BIH,FW,Inter,36,1986,9.2,345,20,36,170,140,46,345,19,11,57.9,7,36.8,176,961,397,14,8,5,12,12,256,43
Ederson, BRA,GK,Manchester City,28,1993,11.0,374,308,374,1,0,0,374,1,1,100.0,0,0.0,230,1008,640,0,0,0,1,0,224,0
Jorge Eduardo Sánchez, MEX,DF,Ajax,24,1997,3.0,171,11,73,66,33,6,171,6,3,50.0,3,50.0,95,278,105,2,1,1,1,1,94,12
Marcus Edwards, ENG,"FW,MF",Sporting CP,23,1998,3.9,156,2,28,77,55,12,156,22,10,45.5,12,54.5,101,773,475,22,11,8,8,7,107,17
Hugo Ekitike, FRA,"MF,FW",Paris S-G,20,2002,0.7,22,0,2,7,13,6,22,0,0,,0,,16,78,21,2,0,2,3,3,17,7
Harvey Elliott, ENG,MF,Liverpool,19,2003,4.4,300,7,36,154,111,18,300,10,5,50.0,4,40.0,165,847,472,15,12,4,5,2,209,21
Elif Elmas, MKD,"FW,MF",Napoli,22,1999,3.2,213,7,27,121,68,9,213,8,2,25.0,5,62.5,144,681,362,10,11,3,6,1,163,13
Emerson, BRA,"DF,MF",Tottenham,23,1999,6.0,392,16,89,173,132,17,392,7,2,28.6,1,14.3,215,1054,557,15,8,2,6,2,251,34
Youssef En-Nesyri, MAR,FW,Sevilla,25,1997,2.7,55,3,6,21,28,17,55,1,0,0.0,0,0.0,14,101,46,2,1,2,5,1,29,7
Ricardo Esgaio, POR,"DF,MF",Sporting CP,29,1993,1.2,64,3,26,26,12,1,64,0,0,,0,,34,114,36,1,1,1,1,4,29,4
Dario Essugo, POR,MF,Sporting CP,17,2005,0.3,17,0,2,12,3,1,17,1,1,100.0,0,0.0,10,30,14,0,0,0,3,0,10,0
Stephen Eustáquio, CAN,MF,Porto,25,1996,6.6,375,14,79,203,95,12,375,6,3,50.0,3,50.0,222,789,285,3,2,0,11,3,223,20
Evanilson, BRA,FW,Porto,22,1999,5.7,185,6,27,86,73,22,185,9,2,22.2,5,55.6,118,432,128,3,3,0,13,3,133,22
Fabinho, BRA,MF,Liverpool,28,1993,7.0,513,17,83,362,71,0,513,8,2,25.0,3,37.5,281,1319,602,5,11,0,8,2,368,6
Nicolò Fagioli, ITA,MF,Juventus,21,2001,1.2,81,2,12,44,26,1,81,3,1,33.3,0,0.0,64,202,86,0,2,0,1,0,58,8
Rasmus Falk, DEN,MF,FC Copenhagen,30,1992,2.1,125,9,44,57,25,3,125,5,2,40.0,2,40.0,64,312,76,2,1,1,3,2,93,5
Abdul Fatawu Issahaku, GHA,"MF,DF",Sporting CP,18,2004,1.0,38,4,17,17,6,2,38,4,1,25.0,3,75.0,16,120,63,1,0,1,0,2,17,2
Ansu Fati, ESP,FW,Barcelona,19,2002,2.7,142,3,7,46,89,22,142,10,2,20.0,7,70.0,106,541,280,10,3,7,9,5,120,27
Felipe, BRA,DF,Atlético Madrid,33,1989,1.0,71,11,36,29,6,2,71,0,0,,0,,38,167,82,0,0,0,0,0,41,0
João Félix, POR,"FW,MF",Chelsea,22,1999,2.7,129,0,13,57,65,15,129,17,9,52.9,6,35.3,87,573,388,13,9,4,3,2,87,22
João Félix, POR,FW,Atlético Madrid,22,1999,2.4,130,0,7,51,74,8,130,16,6,37.5,8,50.0,87,503,228,7,8,3,5,6,104,16
Mateus Fernandes, POR,MF,Sporting CP,18,2004,0.3,16,3,9,6,1,0,16,0,0,,0,,5,26,21,0,0,0,2,0,6,0
Enzo Fernández, ARG,MF,Benfica,21,2001,4.7,392,10,76,240,80,6,392,7,3,42.9,4,57.1,261,1060,485,7,5,1,10,5,281,3
Enzo Fernández, ARG,MF,Chelsea,21,2001,3.7,312,9,74,175,66,3,312,4,2,50.0,2,50.0,248,1030,449,2,6,0,6,3,238,5
Fernando, BRA,FW,RB Salzburg,23,1999,0.7,26,0,3,8,16,3,26,2,1,50.0,0,0.0,17,133,65,3,2,2,4,0,16,4
Fernando, BRA,MF,Sevilla,35,1987,1.0,75,1,21,51,3,0,75,0,0,,0,,31,146,74,0,1,0,1,0,57,1
Roberto Firmino, BRA,"FW,MF",Liverpool,30,1991,4.6,263,2,35,139,92,19,263,14,7,50.0,7,50.0,128,534,216,6,8,0,15,11,193,35
Phil Foden, ENG,"MF,FW",Manchester City,22,2000,4.3,277,0,11,107,160,24,277,14,7,50.0,4,28.6,173,936,391,13,11,6,9,6,224,57
Wesley Fofana, FRA,DF,Chelsea,21,2000,4.4,256,23,95,133,32,3,256,3,2,66.7,1,33.3,171,1037,625,11,9,0,3,5,155,5
Bernardo Folha, POR,MF,Porto,20,2002,0.1,11,0,4,5,2,0,11,0,0,,0,,4,13,9,0,0,0,0,0,4,0
James Forrest, SCO,FW,Celtic,31,1991,1.0,66,4,11,15,40,3,66,3,1,33.3,1,33.3,50,287,126,3,2,0,2,2,49,22
Emil Forsberg, SWE,"MF,FW",RB Leipzig,30,1991,4.5,194,2,16,111,68,8,194,6,3,50.0,3,50.0,140,475,184,1,2,0,11,4,149,14
Fraser Forster, ENG,GK,Tottenham,34,1988,2.0,58,52,58,0,0,0,58,0,0,,0,,29,158,122,0,0,0,0,0,27,0
Timothy Fosu-Mensah, NED,"MF,DF",Leverkusen,24,1998,0.1,7,1,2,3,2,0,7,0,0,,0,,1,2,0,0,0,0,0,0,4,1
Lassina Franck Traoré, BFA,FW,Shakhtar,21,2001,2.7,67,3,9,44,14,7,67,4,1,25.0,2,50.0,33,123,43,2,0,1,3,1,50,8
André Franco, POR,MF,Porto,24,1998,0.2,21,0,2,6,13,2,21,0,0,,0,,11,58,44,2,0,1,0,0,12,1
Jeremie Frimpong, NED,"MF,FW",Leverkusen,21,2000,4.2,210,10,56,89,66,15,210,15,4,26.7,6,40.0,114,1044,653,29,12,9,14,5,127,30
Kyogo Furuhashi, JPN,FW,Celtic,27,1995,4.0,87,1,6,33,49,20,87,2,1,50.0,1,50.0,61,284,124,5,4,3,8,2,62,20
Matteo Gabbia, ITA,DF,Milan,22,1999,2.3,125,21,64,59,4,1,125,0,0,,0,,69,426,299,2,2,0,0,0,77,0
Gianluca Gaetano, ITA,MF,Napoli,22,2000,0.3,37,1,3,27,7,1,37,2,1,50.0,1,50.0,23,57,24,0,0,0,0,0,31,1
Roberto Gagliardini, ITA,MF,Inter,28,1994,1.3,78,1,17,30,33,4,78,1,1,100.0,0,0.0,34,232,120,2,3,1,2,4,45,4
Cody Gakpo, NED,"FW,MF",Liverpool,23,1999,1.7,65,4,8,32,28,8,65,4,2,50.0,1,25.0,38,196,89,6,1,1,6,1,43,13
Galeno, BRA,"FW,MF",Porto,24,1997,6.3,270,15,41,86,150,33,270,19,10,52.6,4,21.1,183,1478,779,32,20,15,20,12,175,58
Conor Gallagher, ENG,MF,Chelsea,22,2000,3.3,205,5,29,98,79,12,205,10,3,30.0,4,40.0,152,612,280,6,4,3,6,2,150,26
Eric García, ESP,DF,Barcelona,21,2001,2.5,208,8,60,134,14,0,208,1,0,0.0,1,100.0,127,560,343,6,3,0,0,0,156,0
Federico Gatti, ITA,DF,Juventus,24,1998,2.0,87,12,43,43,3,0,87,3,2,66.7,0,0.0,50,274,170,3,1,0,1,2,54,0
Gavi, ESP,MF,Barcelona,17,2004,3.7,208,7,23,110,77,9,208,7,3,42.9,3,42.9,135,658,260,3,3,0,9,1,144,14
Gerson, BRA,MF,Marseille,25,1997,1.3,74,0,3,38,33,1,74,2,0,0.0,1,50.0,58,363,184,5,4,1,4,1,58,10
Giorgos Giakoumakis, GRE,FW,Celtic,27,1994,2.7,69,4,5,24,41,20,69,4,1,25.0,2,50.0,46,137,49,0,0,0,6,3,47,13
Samuel Gigot, FRA,DF,Marseille,28,1993,2.8,186,14,69,94,23,1,186,0,0,,0,,147,657,306,2,4,0,1,0,138,2
Bryan Gil, ESP,MF,Tottenham,21,2001,0.4,31,1,5,10,16,3,31,2,1,50.0,0,0.0,21,152,79,1,3,0,5,1,18,5
Gilberto, BRA,DF,Benfica,29,1993,2.2,203,8,49,101,60,3,203,9,3,33.3,4,44.4,129,713,403,12,4,2,4,1,142,20
Olivier Giroud, FRA,FW,Milan,35,1986,10.4,323,15,39,158,126,55,320,3,0,0.0,2,66.7,121,341,76,0,2,0,21,9,236,37
Serge Gnabry, GER,"FW,MF",Bayern Munich,27,1995,3.8,222,2,27,109,87,18,222,12,4,33.3,8,66.7,151,790,324,10,7,7,15,2,169,37
Sean Goldberg, ISR,DF,Maccabi Haifa,27,1995,6.0,319,49,146,166,11,2,319,1,1,100.0,0,0.0,213,1091,577,6,1,0,3,4,217,0
Connor Goldson, ENG,DF,Rangers,29,1992,3.5,194,35,122,71,1,1,194,0,0,,0,,98,500,229,0,0,0,1,0,103,0
Joe Gomez, ENG,DF,Liverpool,25,1997,3.3,241,20,105,133,7,1,241,2,0,0.0,1,50.0,147,785,368,5,2,0,4,1,155,2
Papu Gómez, ARG,"FW,MF",Sevilla,34,1988,2.7,148,1,19,67,63,8,148,7,3,42.9,3,42.9,105,611,236,5,6,0,5,3,118,14
Sergio Gómez, ESP,"DF,MF",Manchester City,21,2000,3.4,326,3,48,161,119,5,326,6,5,83.3,0,0.0,181,823,482,8,6,1,3,1,245,21
Diogo Gonçalves, POR,"FW,MF",Benfica,25,1997,0.4,28,1,5,9,16,2,28,3,3,100.0,0,0.0,19,152,106,4,4,0,2,1,18,4
Pedro Gonçalves, POR,"MF,FW",Sporting CP,24,1998,4.0,169,2,29,99,41,7,169,7,2,28.6,5,71.4,113,531,236,6,4,2,16,9,121,15
Leon Goretzka, GER,MF,Bayern Munich,27,1995,6.7,392,17,98,197,104,14,392,4,1,25.0,3,75.0,234,1118,591,9,10,0,4,7,264,27
Robin Gosens, GER,DF,Inter,28,1994,4.7,278,14,96,90,96,15,278,4,1,25.0,3,75.0,124,442,232,6,4,1,5,0,175,36
Mario Götze, GER,"MF,FW",Eint Frankfurt,30,1992,5.8,309,3,33,174,104,9,309,12,4,33.3,7,58.3,203,950,510,15,16,1,15,8,228,37
Lucas Gourna-Douath, FRA,MF,RB Salzburg,18,2003,3.5,194,10,57,122,21,1,194,7,1,14.3,3,42.9,128,834,435,5,4,0,7,1,97,0
Kamil Grabara, POL,GK,FC Copenhagen,23,1999,4.0,144,122,143,1,0,0,144,0,0,,0,,62,327,172,0,0,0,0,0,65,0
Ryan Gravenberch, NED,MF,Bayern Munich,20,2002,2.8,176,6,28,84,67,6,176,4,1,25.0,3,75.0,119,602,330,6,4,2,8,6,130,10
Ivo Grbić, CRO,GK,Atlético Madrid,26,1996,1.0,31,29,31,0,0,0,31,0,0,,0,,20,90,63,0,0,0,0,0,13,0
Jack Grealish, ENG,FW,Manchester City,26,1995,10.4,619,14,61,182,390,60,619,49,26,53.1,13,26.5,459,3814,1993,65,42,33,12,14,489,115
Antoine Griezmann, FRA,"FW,MF",Atlético Madrid,31,1991,4.5,299,3,30,141,130,24,298,4,4,100.0,0,0.0,192,892,423,8,4,4,8,10,215,27
Florian Grillitsch, AUT,MF,Ajax,26,1995,0.7,45,3,10,26,9,0,45,0,0,,0,,31,125,62,0,2,0,0,1,28,0
Álex Grimaldo, ESP,DF,Benfica,26,1995,10.0,784,19,221,332,241,19,784,22,10,45.5,12,54.5,448,2264,1143,20,16,5,16,5,507,62
Marko Grujić, SRB,MF,Porto,26,1996,3.1,182,11,59,85,41,9,182,2,2,100.0,0,0.0,107,451,208,2,2,0,2,3,113,3
Nemanja Gudelj, SRB,"DF,MF",Sevilla,30,1991,5.5,358,42,152,181,25,0,358,1,0,0.0,1,100.0,197,815,410,3,1,0,1,0,256,0
Gonçalo Guedes, POR,"FW,MF",Benfica,25,1996,0.5,28,1,3,14,13,2,28,3,2,66.7,0,0.0,21,176,92,4,4,1,2,2,21,2
Mattéo Guendouzi, FRA,MF,Marseille,23,1999,4.6,293,7,21,171,103,5,292,0,0,,0,,245,1539,830,14,18,0,6,5,232,28
Raphaël Guerreiro, POR,DF,Dortmund,28,1993,5.3,359,19,105,137,121,10,359,9,3,33.3,5,55.6,213,1131,594,13,14,2,1,6,223,32
Pape Gueye, SEN,MF,Marseille,23,1999,0.4,54,0,5,42,7,0,54,1,0,0.0,0,0.0,46,282,106,0,1,0,0,0,42,1
Péter Gulácsi, HUN,GK,RB Leipzig,32,1990,2.1,65,46,62,3,0,0,65,0,0,,0,,50,169,91,0,0,0,0,0,42,0
İlkay Gündoğan, GER,MF,Manchester City,31,1990,11.0,850,18,124,490,246,31,850,19,11,57.9,1,5.3,508,2429,1229,24,14,6,11,9,691,43
Joško Gvardiol, CRO,DF,RB Leipzig,20,2002,6.0,528,88,306,212,12,4,528,5,3,60.0,1,20.0,419,1965,854,3,2,1,1,2,420,0
Erling Haaland, NOR,FW,Manchester City,22,2000,9.3,207,3,12,76,121,59,205,16,12,75.0,4,25.0,106,457,197,9,5,7,18,7,153,31
Amadou Haidara, MLI,MF,RB Leipzig,24,1998,3.8,234,9,69,127,43,3,234,4,2,50.0,1,25.0,161,694,246,3,6,1,8,3,148,4
Achraf Hakimi, MAR,"DF,MF",Paris S-G,23,1998,6.4,435,18,127,164,147,14,435,15,5,33.3,9,60.0,355,1977,926,18,18,1,6,7,343,63
Sead Haksabanović, MNE,"MF,FW",Celtic,23,1999,2.5,135,1,14,41,81,12,135,7,3,42.9,2,28.6,95,579,281,9,3,4,7,6,93,28
Sébastien Haller, CIV,FW,Dortmund,28,1994,1.6,57,0,3,33,21,2,57,1,1,100.0,0,0.0,32,106,42,1,0,0,3,3,49,12
Marcel Halstenberg, GER,DF,RB Leipzig,30,1991,1.9,133,6,25,77,32,3,133,2,1,50.0,0,0.0,77,257,96,1,1,0,2,0,87,12
Amine Harit, MAR,MF,Marseille,25,1997,4.2,266,2,12,124,136,21,266,18,11,61.1,5,27.8,213,1368,583,18,15,4,13,9,209,48
Joe Hart, ENG,GK,Celtic,35,1987,6.0,185,136,183,2,0,0,185,0,0,,0,,122,478,298,0,0,0,0,0,97,0
Makoto Hasebe, JPN,DF,Eint Frankfurt,38,1984,2.9,181,30,109,70,5,0,181,0,0,,0,,119,575,266,0,0,0,1,0,106,0
Reo Hatate, JPN,MF,Celtic,24,1997,5.0,284,9,53,148,85,4,284,7,3,42.9,3,42.9,209,857,386,2,3,0,5,9,216,19
Milan Havel, CZE,DF,Viktoria Plzeň,27,1994,4.7,169,21,64,55,50,3,169,4,2,50.0,1,25.0,67,368,249,11,8,3,2,0,94,11
Kai Havertz, GER,"FW,MF",Chelsea,23,1999,6.9,353,4,25,137,197,47,352,23,12,52.2,9,39.1,253,1173,444,17,13,5,11,10,267,75
Eden Hazard, BEL,"FW,MF",Real Madrid,31,1991,1.5,83,0,5,40,39,6,83,5,2,40.0,1,20.0,60,324,179,5,3,1,5,2,70,9
Thorgan Hazard, BEL,"DF,FW",Dortmund,29,1993,2.2,123,6,37,57,32,3,123,2,1,50.0,1,50.0,60,273,127,2,3,1,5,2,71,11
Dolev Haziz, ISR,DF,Maccabi Haifa,27,1995,2.3,168,8,32,76,61,7,168,8,3,37.5,5,62.5,108,676,341,10,6,2,4,1,106,19
Lukáš Hejda, CZE,DF,Viktoria Plzeň,32,1990,5.7,137,38,100,28,9,6,137,0,0,,0,,52,186,90,2,0,0,1,0,63,1
Jordan Henderson, ENG,MF,Liverpool,32,1990,3.1,236,2,34,166,41,3,236,3,2,66.7,1,33.3,127,660,270,5,3,0,1,1,175,4
Jack Hendry, SCO,DF,Club Brugge,27,1995,1.0,62,14,34,27,1,0,62,0,0,,0,,46,197,100,0,0,0,0,0,42,0
Benjamin Henrichs, GER,"DF,MF",RB Leipzig,25,1997,2.2,115,9,46,37,32,4,115,2,1,50.0,1,50.0,66,284,151,2,2,0,3,1,69,9
Mario Hermoso, ESP,DF,Atlético Madrid,27,1995,1.8,141,13,50,73,18,4,141,0,0,,0,,93,451,269,3,2,0,1,1,106,1
Lucas Hernández, FRA,DF,Bayern Munich,26,1996,1.9,152,16,87,63,2,1,152,1,1,100.0,0,0.0,90,506,237,3,2,0,0,1,119,0
Theo Hernández, FRA,DF,Milan,24,1997,10.5,669,28,184,356,144,13,669,27,7,25.9,17,63.0,347,2529,1503,31,20,5,21,8,373,38
Son Heung-min, KOR,"MF,FW",Tottenham,30,1992,6.9,273,3,30,94,150,15,273,21,7,33.3,9,42.9,163,1101,439,19,14,7,20,15,193,48
Piero Hincapié, ECU,DF,Leverkusen,20,2002,5.0,372,33,162,175,36,5,372,6,2,33.3,3,50.0,169,995,638,10,5,3,4,3,225,11
Adam Hložek, CZE,"MF,FW",Leverkusen,20,2002,3.1,120,8,18,47,56,7,120,6,1,16.7,3,50.0,54,306,145,5,6,0,4,4,87,13
Libor Holík, CZE,DF,Viktoria Plzeň,24,1998,3.2,124,16,45,38,44,6,124,4,0,0.0,4,100.0,51,343,182,10,1,3,5,1,60,12
Lukáš Hrádecký, FIN,GK,Leverkusen,32,1989,6.0,217,181,217,0,0,0,217,0,0,,0,,117,759,349,0,0,0,0,0,115,0
Callum Hudson-Odoi, ENG,FW,Leverkusen,21,2000,5.1,250,1,17,107,130,16,250,18,9,50.0,8,44.4,162,1195,695,26,16,7,5,9,205,51
Mats Hummels, GER,DF,Dortmund,33,1988,3.5,271,37,151,121,1,1,271,0,0,,0,,179,875,456,1,0,0,0,0,196,0
Pierre Højbjerg, DEN,MF,Tottenham,26,1995,6.9,508,13,125,314,76,10,508,11,7,63.6,1,9.1,311,1452,688,7,10,1,5,7,373,14
Samuel Iling-Junior, ENG,DF,Juventus,18,2003,0.2,10,1,1,3,6,0,10,0,0,,0,,5,56,27,2,0,0,1,0,7,4
Gonçalo Inácio, POR,DF,Sporting CP,20,2001,6.0,423,84,252,165,9,1,423,7,6,85.7,0,0.0,287,1105,678,4,2,0,1,1,309,1
Isco, ESP,"MF,FW",Sevilla,30,1992,4.4,248,4,34,149,71,11,248,15,7,46.7,6,40.0,155,776,294,5,6,1,8,8,187,13
Franco Israel, URU,GK,Sporting CP,22,2000,1.7,75,68,75,0,0,0,75,0,0,,0,,41,191,94,0,0,0,0,0,27,0
Luka Ivanušec, CRO,MF,Dinamo Zagreb,23,1998,5.8,264,6,56,139,77,8,264,17,8,47.1,7,41.2,194,1136,446,15,16,3,8,10,190,20
Ryan Jack, SCO,MF,Rangers,30,1992,2.1,88,5,25,43,20,1,88,3,1,33.3,1,33.3,46,217,78,3,1,0,2,1,56,6
Kristijan Jakić, CRO,DF,Eint Frankfurt,25,1997,6.8,439,31,194,183,67,5,439,5,2,40.0,3,60.0,226,1124,596,12,9,0,4,2,255,19
Reece James, ENG,"DF,MF",Chelsea,22,1999,7.7,610,16,111,265,244,20,610,26,16,61.5,5,19.2,429,2198,1062,23,25,5,15,10,416,61
Adnan Januzaj, BEL,"FW,MF",Sevilla,27,1995,0.6,25,2,6,10,9,1,25,2,2,100.0,0,0.0,13,49,25,1,0,1,1,0,14,2
Luis Javier Suárez, COL,FW,Marseille,24,1997,1.3,47,1,2,25,20,6,47,1,0,0.0,1,100.0,33,175,55,1,0,0,3,0,37,11
Elias Jelert, DEN,"DF,MF",FC Copenhagen,19,2003,2.1,105,2,34,42,29,0,105,3,2,66.7,1,33.3,54,461,202,4,4,0,2,3,63,4
Václav Jemelka, CZE,DF,Viktoria Plzeň,27,1995,4.0,161,22,66,75,22,2,161,1,1,100.0,0,0.0,62,260,125,3,0,0,2,1,73,6
Valdemar Jensen, DEN,DF,FC Copenhagen,19,2003,3.4,196,20,96,94,6,3,196,0,0,,0,,105,549,340,1,2,0,1,0,140,0
Moritz Jenz, GER,DF,Celtic,23,1999,6.0,510,48,216,290,6,4,510,0,0,,0,,396,2075,1309,7,2,0,1,3,406,0
Juan Jesus, BRA,DF,Napoli,31,1991,2.3,168,14,71,96,1,0,168,0,0,,0,,123,667,446,0,1,0,0,0,132,0
Erik Jirka, SVK,"FW,MF",Viktoria Plzeň,24,1997,3.0,117,5,25,45,48,8,117,4,0,0.0,3,75.0,63,393,192,4,4,0,9,5,65,11
Ísak Jóhannesson, ISL,"FW,MF",FC Copenhagen,19,2003,3.2,112,7,23,46,43,5,112,2,1,50.0,1,50.0,36,211,106,3,3,0,3,1,64,6
Curtis Jones, ENG,"FW,MF",Liverpool,21,2001,1.1,59,1,7,28,25,4,59,1,0,0.0,1,100.0,31,161,64,1,1,0,1,2,45,5
Frenkie de Jong, NED,MF,Barcelona,25,1997,2.6,199,5,32,113,55,6,199,6,4,66.7,2,33.3,132,904,568,17,10,2,4,2,145,5
Joan Jordán, ESP,MF,Sevilla,28,1994,2.9,189,7,45,115,30,1,189,1,1,100.0,0,0.0,105,394,164,0,4,0,3,2,136,4
Jorginho, ITA,MF,Chelsea,30,1991,4.6,416,11,84,267,69,2,415,6,4,66.7,1,16.7,305,1207,568,9,12,0,2,1,306,6
Jota, POR,FW,Celtic,23,1999,3.2,154,0,4,64,89,8,154,20,11,55.0,7,35.0,106,835,410,16,8,4,9,6,111,45
Diogo Jota, POR,"FW,MF",Liverpool,25,1996,2.9,133,1,6,54,74,16,133,9,2,22.2,7,77.8,77,387,205,5,8,1,11,7,107,25
Vinicius Júnior, BRA,FW,Real Madrid,22,2000,10.8,600,1,52,178,382,92,600,110,47,42.7,49,44.5,460,3640,1988,70,41,41,23,20,504,130
Josip Juranović, CRO,DF,Celtic,26,1995,6.0,390,19,97,189,112,3,389,6,4,66.7,2,33.3,243,1652,944,23,16,0,2,3,235,25
Jutglà, ESP,FW,Club Brugge,23,1999,5.7,172,2,13,88,74,19,171,15,8,53.3,6,40.0,119,681,201,7,5,5,10,5,129,32
Issa Kaboré, BFA,DF,Marseille,21,2001,1.3,66,1,13,18,35,1,66,3,0,0.0,3,100.0,48,320,173,5,1,0,3,1,39,12
Pierre Kalulu, FRA,DF,Milan,22,2000,8.3,557,37,243,285,31,3,557,4,2,50.0,1,25.0,330,1775,952,13,7,1,5,4,370,7
Lukáš Kalvach, CZE,MF,Viktoria Plzeň,27,1995,5.5,290,14,84,157,56,1,290,3,2,66.7,1,33.3,119,492,187,2,3,0,1,3,141,5
Daichi Kamada, JPN,"MF,FW",Eint Frankfurt,25,1996,7.7,403,15,79,216,110,19,402,13,6,46.2,7,53.8,243,1305,612,17,12,3,9,7,270,36
Glen Kamara, FIN,MF,Rangers,26,1995,1.4,56,4,21,27,8,1,56,1,1,100.0,0,0.0,30,157,57,1,0,0,4,2,26,0
Dijon Kameri, KVX,MF,RB Salzburg,18,2004,1.3,63,0,5,43,16,2,63,5,1,20.0,3,60.0,34,208,50,2,1,0,3,0,35,6
Kevin Kampl, SVN,MF,RB Leipzig,31,1990,3.0,207,5,47,123,37,1,207,2,1,50.0,1,50.0,149,658,352,1,7,0,5,0,156,3
Harry Kane, ENG,FW,Tottenham,29,1993,8.0,335,7,18,163,159,36,333,26,8,30.8,14,53.8,200,1115,408,13,10,7,16,14,259,76
N'Golo Kanté, FRA,MF,Chelsea,31,1991,1.8,95,1,24,33,39,2,95,4,1,25.0,2,50.0,74,446,205,9,8,0,4,0,68,10
Mamoudou Karamoko, FRA,FW,FC Copenhagen,22,1999,0.5,8,1,4,4,0,0,8,1,0,0.0,1,100.0,2,37,9,0,0,0,1,1,3,0
Moise Kean, ITA,"FW,MF",Juventus,22,2000,1.2,32,0,4,11,17,5,32,4,2,50.0,0,0.0,22,206,120,6,3,3,6,5,21,8
Ryan Kent, ENG,"FW,MF",Rangers,25,1996,5.6,191,2,18,90,88,10,191,34,12,35.3,20,58.8,140,1014,408,16,14,5,10,14,134,38
Franck Kessié, CIV,MF,Barcelona,25,1996,3.0,215,6,38,123,58,10,215,2,1,50.0,0,0.0,142,716,276,5,3,0,6,1,164,17
Davit Khocholava, GEO,DF,FC Copenhagen,29,1993,4.8,267,44,148,112,8,4,267,0,0,,0,,120,532,233,3,1,1,2,1,185,0
Joshua Kimmich, GER,MF,Bayern Munich,27,1995,9.0,813,28,187,461,166,4,812,9,3,33.3,4,44.4,538,2657,1012,8,8,0,3,6,564,5
Presnel Kimpembe, FRA,DF,Paris S-G,26,1995,1.6,110,13,58,48,4,0,110,0,0,,0,,86,473,221,1,1,0,1,1,84,0
Leon King, SCO,DF,Rangers,18,2004,4.2,232,25,129,95,8,1,232,2,1,50.0,1,50.0,154,652,321,0,1,0,0,0,153,0
Simon Kjær, DEN,DF,Milan,33,1989,5.6,334,51,201,129,5,4,334,0,0,,0,,175,893,558,2,1,0,3,0,212,0
Maurits Kjærgaard, DEN,MF,RB Salzburg,19,2003,5.5,229,9,34,99,100,6,229,8,3,37.5,5,62.5,130,875,401,14,13,2,9,8,111,16
Davy Klaassen, NED,MF,Ajax,29,1993,2.4,76,3,20,39,18,4,76,1,0,0.0,1,100.0,45,110,21,0,0,0,1,0,49,7
Jan Kliment, CZE,FW,Viktoria Plzeň,28,1993,0.5,13,1,2,6,5,3,13,0,0,,0,,9,18,5,0,0,0,1,1,13,2
Lukas Klostermann, GER,DF,RB Leipzig,26,1996,0.6,27,3,12,11,4,0,27,1,0,0.0,1,100.0,16,64,21,0,1,0,0,0,17,2
Ansgar Knauff, GER,"DF,FW",Eint Frankfurt,20,2002,3.3,174,3,48,85,45,7,174,14,8,57.1,4,28.6,96,704,388,10,6,3,8,4,94,9
Gregor Kobel, SUI,GK,Dortmund,24,1997,3.5,154,120,154,0,0,0,154,0,0,,0,,104,476,164,0,0,0,0,0,88,0
Philipp Köhn, SUI,GK,RB Salzburg,24,1998,6.0,154,124,154,0,0,0,154,0,0,,0,,91,496,241,0,0,0,0,0,44,0
Sekou Koita, MLI,FW,RB Salzburg,22,1999,0.2,11,0,2,4,5,1,11,0,0,,0,,6,24,3,0,0,0,1,0,7,2
Koke, ESP,MF,Atlético Madrid,30,1992,3.7,271,5,47,170,54,4,271,0,0,,0,,183,654,273,1,2,0,1,0,216,7
Sead Kolašinac, BIH,DF,Marseille,29,1993,1.7,133,5,39,80,17,3,133,2,1,50.0,1,50.0,94,480,278,5,4,0,2,0,88,8
Randal Kolo Muani, FRA,FW,Eint Frankfurt,23,1998,5.7,172,1,13,90,72,22,172,18,6,33.3,8,44.4,110,656,242,11,9,5,27,15,128,36
Ibrahima Konaté, FRA,DF,Liverpool,23,1999,2.9,170,20,90,72,10,4,170,3,1,33.3,1,33.3,85,480,296,1,4,0,1,0,107,0
Geoffrey Kondogbia, CTA,MF,Atlético Madrid,29,1993,2.5,250,4,37,160,54,5,250,2,1,50.0,1,50.0,182,761,287,2,5,2,3,0,169,2
Yukhym Konoplia, UKR,DF,Shakhtar,22,1999,4.6,259,21,119,108,33,7,259,3,1,33.3,1,33.3,144,634,350,6,6,0,3,1,156,12
Jan Kopic, CZE,"FW,MF",Viktoria Plzeň,32,1990,0.9,30,2,7,11,12,2,30,2,0,0.0,1,50.0,15,110,42,2,0,0,2,3,15,4
Odilon Kossonou, CIV,DF,Leverkusen,21,2001,4.8,366,25,136,210,25,5,366,4,3,75.0,1,25.0,189,1020,649,8,4,0,4,1,234,4
Filip Kostić, SRB,"DF,FW",Juventus,29,1992,4.8,278,6,24,109,150,18,278,5,2,40.0,3,60.0,183,1109,583,25,12,4,7,5,198,57
Kalidou Koulibaly, SEN,DF,Chelsea,31,1991,6.3,435,41,179,240,21,8,435,1,1,100.0,0,0.0,287,1328,816,8,6,0,2,0,290,0
Jules Koundé, FRA,DF,Barcelona,23,1998,2.7,241,13,72,139,30,3,241,3,2,66.7,1,33.3,174,1042,614,6,9,0,2,4,181,4
Mateo Kovačić, CRO,MF,Chelsea,28,1994,6.9,568,7,102,366,104,3,568,14,8,57.1,6,42.9,440,2141,898,10,16,0,12,9,453,9
Adam Kronus, CZE,FW,Viktoria Plzeň,20,2002,0.0,6,0,1,3,2,2,6,0,0,,0,,2,9,0,0,0,0,0,0,3,0
Toni Kroos, GER,MF,Real Madrid,32,1990,9.4,965,25,215,592,166,2,965,4,2,50.0,1,25.0,644,2560,1268,8,13,1,6,3,761,8
Rade Krunić, BIH,"MF,FW",Milan,28,1993,9.1,421,29,117,241,67,7,421,8,4,50.0,2,25.0,233,1088,452,8,9,1,9,7,249,11
Dmytro Kryskiv, UKR,MF,Shakhtar,21,2000,0.1,4,0,0,4,0,0,4,0,0,,0,,4,22,13,0,0,0,0,0,4,0
Serhiy Kryvtsov, UKR,DF,Shakhtar,31,1991,0.1,0,0,0,0,0,0,0,0,0,,0,,0,0,0,0,0,0,0,0,0,0
Dejan Kulusevski, SWE,"MF,DF",Tottenham,22,2000,2.2,132,0,4,56,72,8,132,13,2,15.4,6,46.2,69,488,221,8,6,2,5,6,93,27
Khvicha Kvaratskhelia, GEO,FW,Napoli,21,2001,7.7,435,9,49,153,245,65,432,73,35,47.9,31,42.5,291,2375,1341,52,26,30,27,16,314,82
Konrad Laimer, AUT,"MF,FW",RB Leipzig,25,1997,2.9,121,3,18,67,37,6,121,1,0,0.0,1,100.0,72,314,162,5,3,1,6,3,76,8
Érik Lamela, ARG,"FW,MF",Sevilla,30,1992,3.1,163,0,14,64,85,15,163,10,2,20.0,7,70.0,79,491,212,8,9,2,7,4,121,23
Noa Lang, NED,FW,Club Brugge,23,1999,3.2,191,1,13,89,93,6,190,29,19,65.5,8,27.6,141,1052,422,15,8,3,8,4,133,25
Aymeric Laporte, ESP,DF,Manchester City,28,1994,3.2,282,10,62,194,26,0,282,0,0,,0,,203,1144,824,7,5,0,1,0,228,0
Cyle Larin, CAN,"FW,MF",Club Brugge,27,1995,0.1,5,0,0,1,4,0,5,0,0,,0,,0,0,0,0,0,0,2,0,0,0
Rasmus Lauritsen, DEN,DF,Dinamo Zagreb,26,1996,0.2,2,2,2,0,0,0,2,0,0,,0,,0,0,0,0,0,0,0,0,0,0
Neta Lavi, ISR,MF,Maccabi Haifa,25,1996,5.2,330,18,84,219,31,1,330,4,3,75.0,1,25.0,204,1171,719,12,11,0,3,4,210,3
Rafael Leão, POR,"FW,MF",Milan,23,1999,10.1,366,9,26,160,192,48,366,74,39,52.7,25,33.8,255,2401,1371,40,25,25,25,14,294,67
Thomas Lemar, FRA,MF,Atlético Madrid,26,1995,1.2,77,0,8,40,31,3,77,3,1,33.3,2,66.7,53,293,132,4,5,0,5,0,51,4
Clément Lenglet, FRA,DF,Tottenham,27,1995,5.6,397,47,158,211,28,4,397,2,1,50.0,0,0.0,272,1410,823,10,7,1,2,0,294,10
Christopher Lenz, GER,DF,Eint Frankfurt,27,1994,2.5,143,3,40,63,41,2,143,2,0,0.0,1,50.0,70,306,132,3,5,0,2,1,76,11
Lukas Lerager, DEN,MF,FC Copenhagen,29,1993,5.0,225,8,52,117,57,11,225,5,2,40.0,2,40.0,74,336,136,2,3,0,3,4,125,10
Robert Lewandowski, POL,FW,Barcelona,33,1988,4.9,187,6,7,55,126,45,187,8,3,37.5,3,37.5,127,605,258,11,6,6,5,11,150,46
Rico Lewis, ENG,DF,Manchester City,17,2004,1.3,106,1,9,64,33,4,106,3,2,66.7,0,0.0,79,380,182,4,2,2,1,0,87,8
Matthijs de Ligt, NED,DF,Bayern Munich,22,1999,6.8,526,49,242,263,23,2,526,0,0,,0,,405,1992,962,1,6,0,2,1,416,3
Jesper Lindstrøm, DEN,"MF,FW",Eint Frankfurt,22,2000,5.6,221,1,30,97,97,26,221,26,9,34.6,14,53.8,122,752,362,13,5,8,18,12,126,34
Dominik Livaković, CRO,GK,Dinamo Zagreb,27,1995,6.0,274,258,274,0,0,0,274,0,0,,0,,138,751,499,0,0,0,0,0,101,0
Robert Ljubicic, AUT,"FW,DF",Dinamo Zagreb,23,1999,6.0,433,21,144,193,101,14,433,14,7,50.0,7,50.0,260,1266,820,21,12,4,15,6,257,25
Marcos Llorente, ESP,"MF,FW",Atlético Madrid,27,1995,2.4,139,2,30,63,48,3,139,3,1,33.3,2,66.7,84,499,304,9,10,0,7,4,100,14
Hugo Lloris, FRA,GK,Tottenham,35,1986,6.0,192,168,192,0,0,0,192,0,0,,0,,122,609,348,0,0,0,1,0,87,0
Danny Loader, ENG,"FW,MF",Porto,21,2000,0.6,31,0,3,14,15,6,31,3,3,100.0,0,0.0,19,107,45,2,1,1,0,3,20,3
Stanislav Lobotka, SVK,MF,Napoli,27,1994,9.7,702,26,177,466,69,0,702,19,6,31.6,5,26.3,517,2166,953,13,10,0,6,9,529,11
Manuel Locatelli, ITA,MF,Juventus,24,1998,2.5,230,8,45,122,63,5,230,1,1,100.0,0,0.0,149,663,271,2,4,0,2,5,167,8
Ruben Loftus-Cheek, ENG,MF,Chelsea,26,1996,3.2,225,8,35,135,57,5,225,8,3,37.5,4,50.0,169,792,371,8,15,0,6,4,162,14
Pau López, ESP,GK,Marseille,27,1994,6.0,188,141,185,3,0,0,188,1,1,100.0,0,0.0,140,622,299,0,0,0,0,0,103,0
Alexander lowry, SCO,MF,Rangers,19,2003,0.1,4,0,1,2,1,0,4,0,0,,0,,3,5,4,0,0,0,1,0,3,0
Hirving Lozano, MEX,FW,Napoli,27,1995,5.2,220,3,22,92,111,31,220,19,11,57.9,7,36.8,153,1248,651,24,9,10,10,5,158,54
Florentino Luís, POR,MF,Benfica,22,1999,9.5,664,24,161,427,79,7,664,4,3,75.0,1,25.0,416,1426,499,2,5,0,6,4,461,10
Romelu Lukaku, BEL,FW,Inter,29,1993,2.1,83,4,4,31,51,20,82,7,5,71.4,2,28.6,49,373,187,9,6,3,1,2,55,19
John Lundstram, ENG,"MF,DF",Rangers,28,1994,5.0,267,24,99,145,24,2,267,4,2,50.0,0,0.0,138,626,189,0,1,0,10,5,160,3
Andriy Lunin, UKR,GK,Real Madrid,23,1999,2.0,45,34,44,1,0,0,45,0,0,,0,,25,96,70,0,0,0,0,0,20,0
Mahir Madatov, AZE,FW,Dinamo Zagreb,25,1997,0.2,10,1,2,3,5,1,10,0,0,,0,,5,31,7,0,0,0,1,1,7,1
Daizen Maeda, JPN,FW,Celtic,24,1997,3.7,122,4,17,43,63,16,122,5,2,40.0,3,60.0,81,419,119,3,2,2,12,6,80,25
Riyad Mahrez, ALG,"FW,MF",Manchester City,31,1991,5.6,383,2,12,133,239,27,380,25,12,48.0,10,40.0,277,1705,729,25,20,8,11,10,301,63
Mike Maignan, FRA,GK,Milan,27,1995,7.0,280,215,279,1,0,0,280,0,0,,0,,152,914,560,0,0,0,0,0,129,0
Donyell Malen, NED,"FW,MF",Dortmund,23,1999,2.8,82,3,13,30,41,8,82,8,4,50.0,4,50.0,60,385,240,7,6,4,4,4,56,17
Reinildo Mandava, MOZ,DF,Atlético Madrid,28,1994,5.7,429,17,119,255,60,5,429,8,3,37.5,4,50.0,281,1393,802,12,16,1,5,1,282,18
Sadio Mané, SEN,FW,Bayern Munich,30,1992,6.1,292,4,21,109,163,38,292,25,12,48.0,10,40.0,207,1242,702,27,9,9,17,8,223,67
Iván Marcano, ESP,DF,Porto,35,1987,3.0,210,32,135,68,7,2,210,1,0,0.0,1,100.0,136,542,319,2,2,0,0,0,145,3
Marcão, BRA,DF,Sevilla,26,1996,2.5,190,24,109,80,1,0,190,1,0,0.0,0,0.0,133,664,443,2,0,0,2,0,147,0
José María Giménez, URU,DF,Atlético Madrid,27,1995,4.5,334,29,150,172,12,4,334,1,0,0.0,1,100.0,231,904,437,2,2,0,1,0,250,1
Mariano, DOM,FW,Real Madrid,28,1993,0.1,4,0,0,2,2,0,4,0,0,,0,,3,14,9,0,0,0,0,0,4,1
Antonio Marin, CRO,FW,Dinamo Zagreb,21,2001,0.1,6,0,2,1,3,0,6,0,0,,0,,2,4,3,0,0,0,1,0,3,0
João Mário, POR,FW,Benfica,29,1993,9.6,587,12,59,282,258,26,582,22,14,63.6,7,31.8,426,2275,927,25,28,2,19,14,458,71
João Mário Lopes, POR,DF,Porto,22,2000,3.0,144,9,33,71,45,9,144,9,3,33.3,6,66.7,68,458,338,11,4,3,5,0,73,9
Marquinhos, BRA,DF,Paris S-G,28,1994,7.3,452,88,230,212,12,2,452,1,1,100.0,0,0.0,353,1740,838,1,2,0,0,1,326,0
José Marsà, ESP,DF,Sporting CP,20,2002,1.1,38,7,28,9,1,0,38,0,0,,0,,26,168,90,0,1,0,1,0,24,0
Lautaro Martínez, ARG,FW,Inter,24,1997,11.1,381,10,44,178,167,50,381,28,10,35.7,14,50.0,210,930,380,11,11,6,40,15,254,50
Toni Martínez, ESP,FW,Porto,25,1997,1.3,61,1,4,27,30,9,61,1,1,100.0,0,0.0,34,168,110,4,1,3,3,2,39,10
Clinton Mata, ANG,DF,Club Brugge,29,1992,1.8,141,4,46,70,25,0,141,3,2,66.7,1,33.3,103,572,278,3,5,0,1,0,98,2
Pape Matar Sarr, SEN,MF,Tottenham,19,2002,1.0,73,0,10,45,20,0,73,2,1,50.0,1,50.0,38,317,78,1,2,0,1,0,38,0
Joël Matip, CMR,DF,Liverpool,30,1991,2.7,204,11,66,115,25,12,204,3,1,33.3,1,33.3,125,979,730,7,8,1,3,2,152,1
Rabbi Matondo, WAL,"MF,FW",Rangers,21,2000,1.1,34,0,6,13,15,1,34,4,1,25.0,3,75.0,27,218,107,5,3,2,3,3,24,10
Mykola Matviyenko, UKR,DF,Shakhtar,26,1996,6.0,517,135,367,152,0,0,517,3,1,33.3,2,66.7,351,1558,780,2,1,0,0,0,355,0
Philipp Max, GER,DF,Eint Frankfurt,28,1993,1.3,63,1,15,26,22,1,63,1,0,0.0,1,100.0,35,148,99,3,2,0,1,0,36,9
Eric Maxim Choupo-Moting, CMR,FW,Bayern Munich,33,1989,4.8,165,3,17,66,84,29,165,7,5,71.4,2,28.6,111,466,170,5,3,1,14,6,127,31
Noussair Mazraoui, MAR,DF,Bayern Munich,24,1997,4.4,364,16,118,170,79,12,364,11,6,54.5,3,27.3,205,970,557,14,11,2,4,3,223,25
Kylian Mbappé, FRA,FW,Paris S-G,23,1998,7.2,362,2,10,107,252,70,361,44,17,38.6,20,45.5,318,2434,1254,45,33,24,16,8,319,93
Chancel Mbemba, COD,DF,Marseille,27,1994,4.5,329,16,100,171,61,8,329,7,1,14.3,6,85.7,261,1474,854,12,17,2,7,3,243,13
James McCarthy, IRL,MF,Celtic,31,1990,0.1,11,1,4,4,3,0,11,0,0,,0,,6,20,7,0,0,0,0,0,7,0
Allan McGregor, SCO,GK,Rangers,40,1982,5.0,214,202,214,0,0,0,214,0,0,,0,,112,508,249,0,0,0,1,0,103,0
Callum McGregor, SCO,MF,Celtic,29,1993,2.4,178,5,27,113,40,2,178,2,1,50.0,1,50.0,124,544,217,2,4,0,1,2,134,7
Weston McKennie, USA,MF,Juventus,23,1998,4.0,191,7,34,100,57,7,191,5,2,40.0,2,40.0,95,528,293,7,2,2,5,5,129,13
Jon McLaughlin, SCO,GK,Rangers,34,1987,1.0,34,34,34,0,0,0,34,0,0,,0,,18,102,39,0,0,0,0,0,20,0
Brandon Mechele, BEL,DF,Club Brugge,29,1993,8.0,538,70,320,208,10,4,538,0,0,,0,,373,1838,791,2,1,1,0,0,359,0
Bjorn Meijer, NED,DF,Club Brugge,19,2003,6.4,372,24,128,189,56,5,372,6,2,33.3,3,50.0,215,968,462,10,5,0,5,5,209,15
Raz Meir, ISR,"DF,MF",Maccabi Haifa,25,1996,0.9,45,2,10,20,15,0,45,0,0,,0,,28,122,61,1,1,0,1,1,31,6
Arthur Melo, BRA,MF,Liverpool,25,1996,0.2,19,0,6,6,7,1,19,0,0,,0,,11,84,45,1,1,0,0,2,12,4
Memphis, NED,FW,Barcelona,28,1994,0.2,19,0,2,11,6,1,19,3,1,33.3,2,66.7,15,65,16,0,2,0,0,1,18,3
Sun Menachem, ISR,DF,Maccabi Haifa,28,1993,0.7,37,7,17,13,8,1,37,1,0,0.0,1,100.0,23,97,49,1,1,0,2,2,19,5
Nuno Mendes, POR,"DF,MF",Paris S-G,20,2002,4.9,288,11,77,101,114,16,288,23,11,47.8,9,39.1,188,1133,541,14,12,5,9,4,176,29
Edouard Mendy, SEN,GK,Chelsea,30,1992,1.0,26,21,26,0,0,0,26,0,0,,0,,19,72,39,0,0,0,0,0,18,0
Ferland Mendy, FRA,DF,Real Madrid,27,1995,3.9,324,10,81,148,97,0,324,4,2,50.0,1,25.0,237,1120,500,7,9,0,3,3,256,11
Alex Meret, ITA,GK,Napoli,25,1997,10.0,332,285,331,1,0,0,332,0,0,,0,,207,732,395,0,0,0,0,0,166,0
Lionel Messi, ARG,"FW,MF",Paris S-G,35,1987,6.8,475,0,23,282,176,21,475,28,14,50.0,11,39.3,422,2326,1110,25,22,3,9,14,417,28
Junior Messias, BRA,"FW,DF",Milan,31,1991,3.5,145,3,27,43,76,12,145,11,3,27.3,6,54.5,99,662,357,16,5,11,5,5,100,26
Thomas Meunier, BEL,DF,Dortmund,30,1991,3.9,313,13,106,141,69,5,313,5,2,40.0,0,0.0,175,839,458,15,12,3,6,0,181,27
Alexander Meyer, GER,GK,Dortmund,31,1991,4.5,210,164,206,4,0,0,210,0,0,,0,,125,593,332,0,0,0,0,0,105,0
Simon Mignolet, BEL,GK,Club Brugge,34,1988,8.0,356,313,356,0,0,0,356,0,0,,0,,210,1064,583,0,0,0,1,0,146,0
Arkadiusz Milik, POL,FW,Juventus,28,1994,3.8,112,0,7,50,57,13,112,3,1,33.3,2,66.7,72,319,142,6,5,0,5,5,93,23
Éder Militão, BRA,DF,Real Madrid,24,1998,8.3,572,107,313,237,29,7,572,7,3,42.9,3,42.9,354,1863,924,7,6,1,4,1,383,3
James Milner, ENG,MF,Liverpool,36,1986,2.7,180,3,33,91,57,5,180,4,3,75.0,1,25.0,95,408,145,4,5,1,1,6,133,13
Kim Min-jae, KOR,DF,Napoli,25,1996,8.7,702,80,331,360,12,3,702,2,2,100.0,0,0.0,451,1920,1064,9,2,1,3,2,493,0
Rafa Mir, ESP,"MF,FW",Sevilla,25,1997,1.7,53,5,12,20,21,10,53,0,0,,0,,28,135,75,3,4,1,3,1,40,11
Fabio Miretti, ITA,"MF,FW",Juventus,18,2003,2.4,120,3,19,59,42,7,120,9,2,22.2,6,66.7,95,493,279,6,5,4,2,3,91,13
Josip Mišić, CRO,MF,Dinamo Zagreb,28,1994,5.8,337,20,114,194,32,0,337,3,2,66.7,0,0.0,211,1026,531,6,7,0,0,1,213,0
Henrikh Mkhitaryan, ARM,MF,Inter,33,1989,10.1,490,22,124,243,129,16,490,12,6,50.0,4,33.3,267,1209,600,18,14,3,16,9,297,25
Anthony Modeste, FRA,FW,Dortmund,34,1988,3.8,79,8,19,38,24,7,79,0,0,,0,,46,134,40,1,1,1,8,5,56,14
Luka Modrić, CRO,MF,Real Madrid,36,1985,8.3,653,16,125,344,187,12,652,18,10,55.6,7,38.9,444,2244,955,15,16,4,7,7,543,26
Ali Mohamed, NIG,MF,Maccabi Haifa,26,1995,4.0,268,10,51,177,45,5,268,10,2,20.0,7,70.0,198,1162,436,5,9,0,6,4,197,13
Kudus Mohammed, GHA,FW,Ajax,21,2000,5.0,172,3,17,91,70,25,172,17,11,64.7,3,17.6,115,626,178,6,4,2,13,11,126,24
Sadegh Moharrami, IRN,"FW,DF",Dinamo Zagreb,26,1996,4.5,219,13,66,100,55,4,219,6,3,50.0,3,50.0,166,1107,636,20,13,1,9,4,165,21
Nahuel Molina, ARG,"DF,MF",Atlético Madrid,24,1998,5.2,395,7,91,154,150,7,395,4,2,50.0,2,50.0,269,1304,554,12,12,0,4,2,288,59
Gonzalo Montiel, ARG,DF,Sevilla,25,1997,2.5,164,11,58,69,37,2,164,1,1,100.0,0,0.0,87,319,200,3,3,0,4,2,103,19
Aaron Mooy, AUS,MF,Celtic,31,1990,1.7,151,4,16,67,68,6,151,0,0,,0,,117,498,179,1,5,0,3,2,119,15
Álvaro Morata, ESP,FW,Atlético Madrid,29,1992,3.3,79,5,6,33,40,10,79,1,0,0.0,1,100.0,55,339,106,2,4,2,4,5,61,17
Morato, BRA,DF,Benfica,21,2001,1.2,117,18,59,56,3,0,117,1,0,0.0,1,100.0,78,342,189,0,0,0,0,0,86,1
Alfredo Morelos, COL,FW,Rangers,26,1996,2.8,92,3,7,41,44,8,92,2,0,0.0,2,100.0,48,194,39,2,4,2,7,6,71,15
Hidemasa Morita, JPN,MF,Sporting CP,27,1995,3.7,181,7,49,110,23,4,181,3,0,0.0,3,100.0,108,492,225,4,2,0,4,4,118,2
Jhon Mosquera, COL,"FW,MF",Viktoria Plzeň,32,1990,4.8,203,13,49,89,66,10,203,13,4,30.8,6,46.2,96,534,264,10,4,1,12,7,121,22
Youssoufa Moukoko, GER,"FW,MF",Dortmund,17,2004,2.7,68,1,5,36,29,10,68,5,2,40.0,2,40.0,40,254,117,5,2,4,4,3,46,14
Mason Mount, ENG,MF,Chelsea,23,1999,4.9,347,3,32,176,142,21,347,16,5,31.3,9,56.3,225,972,392,8,8,3,11,3,240,41
Lucas Moura, BRA,"FW,MF",Tottenham,29,1992,1.9,80,0,7,37,37,6,80,8,2,25.0,5,62.5,45,322,134,5,4,1,9,1,59,13
Mykhailo Mudryk, UKR,"FW,DF",Chelsea,21,2001,1.0,39,1,7,8,25,6,39,6,3,50.0,2,33.3,27,208,84,2,3,2,3,1,30,7
Mykhailo Mudryk, UKR,MF,Shakhtar,21,2001,5.7,225,9,46,97,88,16,225,34,10,29.4,18,52.9,154,1402,786,25,21,8,16,19,163,30
Paul Mukairu, NGA,FW,FC Copenhagen,22,2000,0.5,15,0,1,8,7,4,15,5,4,80.0,0,0.0,9,122,101,2,1,2,4,0,10,3
Nordi Mukiele, FRA,"DF,MF",Paris S-G,24,1997,1.2,60,5,17,17,26,6,60,0,0,,0,,43,223,79,2,2,2,2,0,41,15
Thomas Müller, GER,"MF,FW",Bayern Munich,32,1989,4.1,197,4,25,91,82,22,197,0,0,,0,,120,439,191,6,4,1,3,6,148,26
Petar Musa, CRO,FW,Benfica,24,1998,1.4,65,1,1,34,31,10,65,3,2,66.7,1,33.3,34,144,88,4,3,2,8,1,52,12
Jamal Musiala, GER,"MF,FW",Bayern Munich,19,2003,5.9,297,1,31,124,148,34,297,43,24,55.8,14,32.6,209,1407,699,19,19,6,13,19,220,32
Bohdan Mykhaylychenko, UKR,DF,Shakhtar,25,1997,4.0,251,19,115,101,36,1,251,2,0,0.0,2,100.0,166,821,433,8,4,0,2,2,169,16
Obite N'Dicka, FRA,DF,Eint Frankfurt,22,1999,8.0,487,41,244,226,20,4,487,1,0,0.0,1,100.0,287,1522,775,11,7,0,2,5,312,5
Nacho, ESP,DF,Real Madrid,32,1990,4.9,366,40,153,172,44,2,366,1,1,100.0,0,0.0,197,827,439,6,5,2,3,1,246,5
Jesús Navas, ESP,"DF,MF",Sevilla,36,1985,2.5,138,7,43,47,48,3,138,2,1,50.0,1,50.0,77,343,163,6,5,2,2,1,83,22
Flávio Nazinho, POR,"DF,MF",Sporting CP,19,2003,1.3,32,4,17,4,11,3,32,0,0,,0,,17,65,24,1,1,1,1,0,16,4
Tanguy Ndombele, FRA,MF,Napoli,25,1996,4.1,322,5,46,213,69,9,322,18,11,61.1,4,22.2,236,1035,525,11,8,1,12,7,254,12
David Neres, BRA,"FW,MF",Benfica,25,1997,4.9,304,0,21,106,179,29,304,32,11,34.4,18,56.3,198,1356,616,24,17,7,14,15,224,47
Luís Neto, POR,DF,Sporting CP,34,1988,0.4,40,12,32,7,1,1,40,0,0,,0,,21,41,20,0,0,0,0,0,31,0
Manuel Neuer, GER,GK,Bayern Munich,36,1986,3.0,125,107,125,0,0,0,125,1,0,0.0,0,0.0,82,381,186,0,0,0,0,0,83,0
João Neves, POR,"FW,MF",Benfica,17,2004,0.3,44,1,5,32,7,0,44,0,0,,0,,36,154,67,1,0,0,1,0,35,2
Neymar, BRA,"MF,FW",Paris S-G,30,1992,6.0,468,2,34,234,205,30,468,31,14,45.2,12,38.7,404,2605,1346,37,30,11,13,19,399,31
Tanguy Nianzou, FRA,DF,Sevilla,20,2002,2.0,108,18,73,34,3,2,108,2,2,100.0,0,0.0,66,250,115,2,1,0,0,0,77,0
Casper Nielsen, DEN,MF,Club Brugge,28,1994,7.2,257,16,60,126,74,6,257,2,0,0.0,2,100.0,138,547,223,2,4,0,7,7,130,11
Saúl Ñíguez, ESP,"MF,DF",Atlético Madrid,27,1994,3.1,193,7,37,92,66,15,193,4,1,25.0,3,75.0,98,378,120,5,2,4,10,1,112,14
Christopher Nkunku, FRA,"MF,FW",RB Leipzig,24,1997,6.2,295,4,16,124,158,34,295,18,8,44.4,8,44.4,225,1122,415,15,10,5,15,12,248,51
Hugo Novoa, ESP,MF,RB Leipzig,19,2003,0.0,6,0,0,5,1,0,6,1,0,0.0,1,100.0,6,34,0,0,0,0,0,2,6,1
Darwin Núñez, URU,FW,Liverpool,23,1999,4.4,159,1,13,49,99,35,159,10,3,30.0,5,50.0,87,627,253,13,7,5,8,5,110,50
Antonio Nusa, NOR,FW,Club Brugge,17,2005,0.6,29,1,2,12,16,2,29,6,4,66.7,1,16.7,23,223,159,6,5,1,4,1,23,6
Matt O'Riley, DEN,MF,Celtic,21,2000,5.3,353,9,54,163,138,21,353,8,3,37.5,3,37.5,227,1009,463,7,10,0,8,4,232,27
Jan Oblak, SVN,GK,Atlético Madrid,29,1993,5.0,127,118,127,0,0,0,127,0,0,,0,,64,337,228,0,0,0,0,0,45,0
Lucas Ocampos, ARG,FW,Ajax,28,1994,0.2,16,1,2,8,6,2,16,0,0,,0,,9,57,12,0,0,0,1,0,14,1
Oleh Ocheretko, UKR,MF,Shakhtar,19,2003,0.2,9,0,2,4,5,1,9,2,1,50.0,1,50.0,6,70,47,1,3,1,0,0,5,0
Denis Odoi, GHA,"DF,MF",Club Brugge,34,1988,5.8,416,32,138,226,55,0,416,9,2,22.2,6,66.7,243,1171,469,8,8,1,8,5,241,4
Noah Okafor, SUI,FW,RB Salzburg,22,2000,5.2,128,0,3,52,77,21,127,19,7,36.8,10,52.6,93,703,303,13,8,4,15,17,105,34
Mathías Olivera, URU,DF,Napoli,24,1997,5.7,451,22,122,241,92,12,451,4,1,25.0,1,25.0,258,1063,620,11,8,2,9,5,269,15
Dani Olmo, ESP,"FW,MF",RB Leipzig,24,1998,0.7,42,0,8,18,17,2,42,3,1,33.3,0,0.0,30,143,84,3,0,1,2,0,34,4
André Onana, CMR,GK,Inter,26,1996,13.0,550,474,544,6,0,0,550,1,0,0.0,0,0.0,363,1696,1026,0,0,0,0,0,303,0
Raphael Onyedika, NGA,MF,Club Brugge,21,2001,6.3,331,31,93,203,38,5,331,5,3,60.0,1,20.0,214,960,332,4,4,0,1,7,211,4
Willi Orban, HUN,DF,RB Leipzig,29,1992,8.0,598,91,295,271,33,11,598,3,3,100.0,0,0.0,443,2366,1275,3,7,1,7,0,452,1
Divock Origi, BEL,FW,Milan,27,1995,1.7,68,3,6,25,39,8,68,2,2,100.0,0,0.0,31,208,118,5,3,2,7,4,49,9
Mislav Oršić, CRO,FW,Dinamo Zagreb,29,1992,5.4,218,0,23,81,117,10,218,6,2,33.3,2,33.3,156,942,490,13,15,4,15,5,163,43
Stefan Ortega, GER,GK,Manchester City,29,1992,2.0,55,41,54,1,0,0,55,0,0,,0,,33,138,99,0,0,0,0,0,29,0
Victor Osimhen, NGA,FW,Napoli,23,1998,4.7,108,7,9,43,57,26,107,12,5,41.7,5,41.7,60,395,201,10,2,6,13,6,77,25
Nicolás Otamendi, ARG,DF,Benfica,34,1988,8.8,629,88,345,272,20,8,629,0,0,,0,,429,1998,964,3,5,0,4,0,426,2
Otávio, POR,MF,Porto,27,1995,5.8,335,5,55,199,89,11,335,23,11,47.8,9,39.1,195,968,546,8,5,1,14,7,208,12
Alex Oxlade-Chamberlain, ENG,MF,Liverpool,28,1993,0.2,13,0,1,8,4,1,13,2,2,100.0,0,0.0,9,93,27,1,0,0,0,0,10,0
Salih Özcan, TUR,MF,Dortmund,24,1998,6.0,346,16,93,211,46,5,346,3,2,66.7,1,33.3,226,1057,470,6,9,0,6,5,242,8
Exequiel Palacios, ARG,MF,Leverkusen,23,1998,1.0,94,5,21,60,13,2,94,0,0,,0,,57,264,119,3,1,1,3,1,61,3
Cole Palmer, ENG,"MF,FW",Manchester City,20,2002,1.5,79,1,2,29,48,11,79,5,4,80.0,1,20.0,62,450,252,10,5,6,3,3,63,11
Antonios Papadopoulos, GER,"MF,FW",Dortmund,22,1999,0.1,7,1,2,5,0,0,7,0,0,,0,,4,10,0,0,0,0,0,0,5,0
Leandro Paredes, ARG,MF,Juventus,28,1994,3.9,276,10,56,183,40,0,276,4,1,25.0,2,50.0,158,826,483,5,7,0,2,6,186,4
Felix Passlack, GER,DF,Dortmund,24,1998,1.0,80,6,19,40,23,1,80,4,1,25.0,2,50.0,45,195,93,3,5,1,0,0,46,15
Remko Pasveer, NED,GK,Ajax,38,1983,6.0,300,267,300,0,0,0,300,0,0,,0,,215,843,416,0,0,0,0,0,191,0
Paulinho, POR,FW,Sporting CP,29,1992,2.6,111,7,28,63,22,5,111,1,1,100.0,0,0.0,62,286,112,3,2,0,10,8,79,8
Paulinho, BRA,FW,Leverkusen,22,2000,0.5,26,0,2,7,17,5,26,5,3,60.0,2,40.0,17,159,70,3,2,3,1,4,19,5
Benjamin Pavard, FRA,DF,Bayern Munich,26,1996,6.6,640,58,247,309,84,10,640,2,1,50.0,1,50.0,405,1718,1010,7,5,0,1,2,470,20
Strahinja Pavlović, SRB,DF,RB Salzburg,21,2001,6.0,292,55,133,150,14,3,292,6,3,50.0,3,50.0,146,1200,860,9,4,0,5,0,129,2
Dimitri Payet, FRA,MF,Marseille,35,1987,0.9,68,0,1,25,42,2,68,2,1,50.0,1,50.0,63,268,86,2,0,1,4,1,59,14
Pedri, ESP,"MF,FW",Barcelona,19,2002,4.5,329,3,24,177,134,11,329,13,9,69.2,4,30.8,227,1336,629,16,20,5,6,7,260,30
Luca Pellegrini, ITA,"DF,MF",Eint Frankfurt,23,1999,2.2,151,5,35,61,58,0,151,12,3,25.0,9,75.0,63,335,172,4,7,0,2,5,80,14
Iñaki Peña, ESP,GK,Barcelona,23,1999,1.0,43,36,41,2,0,0,43,0,0,,0,,25,107,78,0,0,0,0,0,21,0
Pepe, POR,DF,Porto,39,1983,4.0,236,21,122,105,9,4,236,2,0,0.0,1,50.0,151,729,266,0,1,0,3,1,145,0
Pepê, BRA,"DF,FW",Porto,25,1997,7.6,418,19,120,201,103,17,418,33,12,36.4,19,57.6,259,1597,863,21,11,4,13,9,245,26
Danilo Pereira, POR,"DF,MF",Paris S-G,30,1991,5.0,384,42,177,197,17,5,384,6,4,66.7,2,33.3,287,1558,691,3,4,1,6,2,260,1
Dino Perić, CRO,DF,Dinamo Zagreb,28,1994,6.0,399,83,266,124,10,4,399,1,1,100.0,0,0.0,211,881,483,1,2,0,1,1,220,2
Mattia Perin, ITA,GK,Juventus,29,1992,2.0,60,55,60,0,0,0,60,0,0,,0,,43,165,107,0,0,0,0,0,30,0
Ivan Perišić, CRO,"DF,MF",Tottenham,33,1989,6.4,358,24,100,112,148,10,358,12,8,66.7,4,33.3,164,855,460,21,6,2,8,2,176,48
Luděk Pernica, CZE,DF,Viktoria Plzeň,32,1990,5.5,180,43,122,49,9,7,180,0,0,,0,,67,265,42,0,0,0,1,0,97,0
Bruno Petković, CRO,FW,Dinamo Zagreb,27,1994,5.4,267,10,25,169,74,14,267,14,3,21.4,10,71.4,196,861,198,4,5,0,18,27,231,32
Ivan Petryak, UKR,MF,Shakhtar,28,1994,2.0,59,3,16,20,23,3,59,1,0,0.0,1,100.0,34,198,115,5,1,1,2,0,42,16
Kalvin Phillips, ENG,MF,Manchester City,26,1995,0.5,51,1,5,40,6,0,51,0,0,,0,,33,143,29,1,1,0,1,1,42,0
Frantzdy Pierrot, HAI,FW,Maccabi Haifa,27,1995,5.3,135,13,15,59,62,14,135,4,1,25.0,3,75.0,80,553,182,8,7,3,20,8,94,20
Václav Pilař, CZE,"FW,MF",Viktoria Plzeň,33,1988,1.4,63,0,7,18,38,8,63,6,2,33.3,4,66.7,37,298,114,4,2,0,2,2,46,10
Rodrigo Pinho, BRA,FW,Benfica,31,1991,0.2,2,1,1,1,0,0,2,0,0,,0,,2,43,31,1,1,0,0,0,2,0
Gerard Piqué, ESP,DF,Barcelona,35,1987,2.9,264,15,77,180,7,1,264,0,0,,0,,179,1044,708,1,2,0,1,1,204,1
Tommaso Pobega, ITA,MF,Milan,23,1999,1.8,99,0,13,55,32,6,99,2,1,50.0,0,0.0,48,181,110,2,4,0,1,0,67,4
Suf Podgoreanu, ISR,DF,Maccabi Haifa,20,2002,0.1,1,0,1,0,0,0,1,1,1,100.0,0,0.0,2,32,0,0,0,0,0,1,1,0
Matteo Politano, ITA,FW,Napoli,28,1993,4.5,235,5,40,75,124,17,234,12,4,33.3,5,41.7,167,1395,743,28,19,6,6,4,165,47
Pedro Porro, ESP,"DF,MF",Sporting CP,22,1999,4.4,302,20,118,111,78,2,302,19,7,36.8,8,42.1,169,894,474,11,10,0,8,8,170,21
Pedro Porro, ESP,DF,Tottenham,22,1999,0.4,43,2,8,12,23,0,43,4,0,0.0,4,100.0,18,138,62,1,3,0,1,1,20,3
Yussuf Poulsen, DEN,"FW,MF",RB Leipzig,28,1994,0.8,25,2,5,12,8,0,25,0,0,,0,,13,40,5,0,0,0,4,0,15,1
Christian Pulisic, USA,"DF,FW",Chelsea,23,1998,1.3,88,0,7,34,47,9,88,9,1,11.1,8,88.9,67,485,212,6,8,3,4,5,68,11
Adrien Rabiot, FRA,MF,Juventus,27,1995,5.0,310,10,50,170,93,12,310,8,4,50.0,2,25.0,201,1181,492,13,15,3,12,7,211,24
Ivan Rakitić, CRO,MF,Sevilla,34,1988,4.6,286,8,76,145,68,5,286,2,1,50.0,1,50.0,165,593,273,3,5,1,8,2,218,14
Gonçalo Ramos, POR,FW,Benfica,21,2001,7.9,232,13,27,88,118,34,232,9,5,55.6,4,44.4,133,642,203,6,5,4,19,9,171,32
Sergio Ramos, ESP,DF,Paris S-G,36,1986,8.0,615,94,318,260,41,8,615,3,3,100.0,0,0.0,491,2615,1196,3,8,0,3,1,445,4
Calvin Ramsay, SCO,DF,Liverpool,19,2003,0.0,4,1,3,0,1,0,4,0,0,,0,,3,16,0,0,0,0,0,0,3,0
Raphinha, BRA,FW,Barcelona,25,1996,3.3,219,3,16,77,127,11,219,6,1,16.7,5,83.3,148,672,296,9,6,4,7,5,160,37
Giacomo Raspadori, ITA,FW,Napoli,22,2000,2.8,135,1,10,74,53,14,135,3,0,0.0,3,100.0,88,330,81,5,1,3,4,4,103,18
David Raum, GER,DF,RB Leipzig,24,1998,5.9,402,16,149,131,125,11,402,5,4,80.0,1,20.0,239,1006,511,15,7,1,5,3,253,42
Ante Rebić, CRO,"FW,MF",Milan,28,1993,2.8,134,1,18,53,67,13,134,10,3,30.0,5,50.0,81,491,254,10,6,2,9,7,93,27
Matheus Reis, BRA,DF,Sporting CP,27,1995,5.7,379,51,182,170,29,6,379,2,0,0.0,1,50.0,247,962,512,5,2,0,3,5,279,7
Karim Rekik, NED,DF,Sevilla,27,1994,1.0,38,2,22,15,1,0,38,0,0,,0,,24,66,31,1,0,0,1,0,33,0
Devyne Rensch, NED,DF,Ajax,19,2003,3.2,169,12,63,69,40,8,169,1,0,0.0,1,100.0,84,277,145,6,5,1,4,3,84,16
Marco Reus, GER,"MF,FW",Dortmund,33,1989,2.9,130,4,22,53,56,14,130,6,3,50.0,3,50.0,75,437,196,6,3,2,3,4,84,14
Gio Reyna, USA,"FW,MF",Dortmund,19,2002,4.3,214,3,24,113,80,13,214,14,5,35.7,7,50.0,129,749,326,8,10,3,7,4,152,24
Richarlison, BRA,"MF,FW",Tottenham,25,1997,4.1,154,3,16,57,83,25,154,8,3,37.5,4,50.0,98,490,238,9,10,3,9,7,112,30
Stefan Ristovski, MKD,DF,Dinamo Zagreb,30,1992,4.1,230,26,101,91,41,0,230,1,0,0.0,1,100.0,137,729,343,9,7,0,3,1,145,9
Mats Rits, BEL,MF,Club Brugge,29,1993,0.2,6,0,2,4,0,0,6,0,0,,0,,4,11,0,0,0,0,0,0,4,0
Sergi Roberto, ESP,DF,Barcelona,30,1992,2.3,211,1,22,109,80,12,211,0,0,,0,,130,466,263,5,5,0,1,0,158,20
Andrew Robertson, SCO,DF,Liverpool,28,1994,4.2,320,9,78,136,108,8,320,5,3,60.0,2,40.0,186,866,482,9,6,2,4,1,211,29
Rochinha, POR,"MF,FW",Sporting CP,27,1995,0.2,8,0,3,1,4,1,8,0,0,,0,,4,9,1,0,0,0,0,2,6,1
Sebastian Rode, GER,MF,Eint Frankfurt,31,1990,3.3,224,2,33,154,37,5,224,1,0,0.0,1,100.0,141,580,278,7,2,0,2,6,159,6
Rodri, ESP,MF,Manchester City,26,1996,11.1,1093,28,172,724,206,14,1093,9,9,100.0,0,0.0,682,3077,1801,22,20,1,6,7,851,6
Rodrygo, BRA,FW,Real Madrid,21,2001,9.1,476,11,38,198,247,51,474,37,14,37.8,18,48.6,310,1770,937,38,17,18,11,13,388,82
Cristian Romero, ARG,DF,Tottenham,24,1998,6.6,482,47,201,250,36,3,482,2,0,0.0,2,100.0,295,1437,867,9,7,0,2,2,327,8
Valentin Rongier, FRA,MF,Marseille,27,1994,5.2,463,7,64,292,109,8,463,6,4,66.7,1,16.7,372,2012,1008,10,16,0,7,4,348,9
Tom Rothe, GER,DF,Dortmund,17,2004,0.7,68,5,20,36,13,1,68,1,0,0.0,1,100.0,30,102,46,0,1,0,1,0,35,4
Amir Rrahmani, KVX,DF,Napoli,28,1994,6.8,545,74,280,256,11,4,545,1,1,100.0,0,0.0,399,2060,1216,2,3,0,0,0,394,1
Antonio Rüdiger, GER,DF,Real Madrid,29,1993,7.5,457,67,251,191,18,6,457,0,0,,0,,272,1080,564,3,5,0,1,0,329,0
Daniele Rugani, ITA,DF,Juventus,28,1994,1.0,72,5,30,35,7,3,72,1,0,0.0,1,100.0,38,163,103,0,0,0,2,0,44,1
Mário Rui, POR,DF,Napoli,31,1991,4.3,349,7,99,171,86,5,349,5,3,60.0,2,40.0,222,785,460,12,7,1,1,0,218,17
Fabián Ruiz Peña, ESP,MF,Paris S-G,26,1996,2.6,237,5,61,135,41,8,237,7,5,71.4,0,0.0,207,898,334,4,2,2,5,2,197,15
Nikita Rukavytsya, AUS,"FW,MF",Maccabi Haifa,35,1987,0.5,22,1,1,9,12,5,22,2,2,100.0,0,0.0,14,75,46,3,0,2,1,0,13,3
Mathew Ryan, AUS,GK,FC Copenhagen,30,1992,2.0,68,52,68,0,0,0,68,0,0,,0,,27,196,113,0,0,0,0,0,29,0
Julian Ryerson, NOR,DF,Dortmund,24,1997,0.2,8,4,5,2,1,0,8,0,0,,0,,2,28,25,1,1,0,0,0,2,0
Marcel Sabitzer, AUT,MF,Bayern Munich,28,1994,3.1,192,10,46,87,59,5,192,2,1,50.0,0,0.0,120,487,277,5,5,0,5,2,128,18
Alexis Saelemaekers, BEL,"FW,DF",Milan,23,1999,4.1,201,6,31,62,110,8,201,22,13,59.1,9,40.9,118,730,363,13,7,4,9,4,134,26
Fashion Sakala, ZAM,"FW,MF",Rangers,25,1997,2.6,89,2,10,36,47,10,89,8,2,25.0,5,62.5,58,498,324,12,8,4,8,3,64,13
Mohamed Salah, EGY,FW,Liverpool,30,1992,6.9,299,0,21,97,182,49,298,23,9,39.1,10,43.5,204,1202,557,24,18,16,25,20,249,87
Renato Sanches, POR,MF,Paris S-G,24,1997,1.6,117,3,43,65,10,0,117,3,1,33.3,1,33.3,106,492,231,2,4,0,1,2,97,3
Alexis Sánchez, CHI,FW,Marseille,33,1988,4.6,178,1,1,69,109,18,178,5,1,20.0,4,80.0,138,589,139,1,4,1,9,10,144,35
Davinson Sánchez, COL,DF,Tottenham,26,1996,0.2,21,3,11,7,3,2,21,0,0,,0,,10,48,21,0,0,0,0,0,15,2
Cisse Sandra, BEL,FW,Club Brugge,18,2003,0.1,3,0,0,3,0,0,3,3,0,0.0,2,66.7,2,28,0,0,0,0,0,0,2,0
Alex Sandro, BRA,DF,Juventus,31,1991,2.7,218,10,50,132,38,0,218,3,2,66.7,0,0.0,149,717,395,3,1,0,1,1,155,8
James Sands, USA,"DF,MF",Rangers,22,2000,3.6,212,27,102,97,13,1,212,1,0,0.0,1,100.0,127,760,472,2,2,0,0,1,151,3
Leroy Sané, GER,"FW,MF",Bayern Munich,26,1996,6.1,329,2,18,142,174,27,329,20,10,50.0,9,45.0,237,1500,802,29,17,11,16,10,261,48
Nuno Santos, POR,"DF,MF",Sporting CP,27,1995,3.3,182,8,58,76,50,2,182,5,3,60.0,2,40.0,100,423,222,2,7,0,7,4,114,17
Zaidu Sanusi, NGA,DF,Porto,25,1997,6.5,373,24,132,176,72,7,373,9,2,22.2,5,55.6,193,976,589,14,10,2,8,1,186,22
Alvaro Sanz, ESP,MF,Barcelona,21,2001,0.2,14,1,2,12,0,0,14,0,0,,0,,8,44,12,0,0,0,0,0,11,0
Pablo Sarabia, ESP,MF,Paris S-G,30,1992,1.0,32,0,3,11,18,3,32,1,1,100.0,0,0.0,24,124,36,1,0,1,2,2,23,4
Stefan Savić, MNE,DF,Atlético Madrid,31,1991,3.0,225,10,83,129,14,2,225,0,0,,0,,162,654,358,0,4,0,0,2,162,2
Patrik Schick, CZE,FW,Leverkusen,26,1996,5.0,146,3,11,69,68,23,145,6,4,66.7,1,16.7,72,378,152,6,3,2,17,6,105,29
Andreas Schjelderup, NOR,FW,Benfica,18,2004,0.0,7,0,0,3,4,0,7,0,0,,0,,2,2,1,0,0,0,0,0,4,0
Xaver Schlager, AUT,MF,RB Leipzig,24,1997,6.5,405,15,88,280,45,1,405,7,5,71.4,2,28.6,295,1581,850,7,7,0,9,1,288,2
Nico Schlotterbeck, GER,DF,Dortmund,22,1999,6.2,437,53,221,201,20,5,437,6,5,83.3,0,0.0,313,1817,1245,13,10,0,2,1,314,2
Abdoulaye Seck, SEN,DF,Maccabi Haifa,30,1992,4.4,238,46,127,104,9,4,238,3,3,100.0,0,0.0,147,769,339,1,1,0,1,2,131,0
Nicolas Seiwald, AUT,MF,RB Salzburg,21,2001,6.0,330,19,69,189,76,6,330,6,1,16.7,4,66.7,195,856,392,5,5,2,6,3,170,8
Benjamin Šeško, SVN,FW,RB Salzburg,19,2003,3.7,143,4,14,58,72,15,143,10,3,30.0,6,60.0,87,426,134,3,3,1,18,6,98,27
Ryan Sessegnon, ENG,"MF,DF",Tottenham,22,2000,1.7,74,9,28,28,19,3,74,3,1,33.3,0,0.0,31,122,49,1,1,0,2,1,34,9
Maryan Shved, UKR,MF,Shakhtar,25,1997,2.1,84,1,22,34,29,5,84,6,3,50.0,2,33.3,45,435,355,12,7,2,5,2,47,11
Danylo Sikan, UKR,FW,Shakhtar,21,2001,1.2,39,2,10,16,13,5,39,1,0,0.0,1,100.0,24,177,67,3,2,1,1,3,23,3
André Silva, POR,FW,RB Leipzig,26,1995,5.9,221,2,15,78,128,28,221,9,6,66.7,1,11.1,144,776,340,11,6,5,12,6,161,46
António Silva, POR,DF,Benfica,18,2003,9.9,664,94,353,309,9,7,664,2,2,100.0,0,0.0,461,2388,1233,4,3,0,2,3,468,1
Bernardo Silva, POR,"FW,MF",Manchester City,27,1994,10.1,729,7,84,286,366,44,729,46,26,56.5,14,30.4,475,3068,1644,43,37,13,11,19,557,92
Rafa Silva, POR,MF,Benfica,29,1993,9.1,433,0,19,165,260,50,433,43,21,48.8,18,41.9,311,2533,1152,33,38,16,28,15,352,82
Thiago Silva, BRA,DF,Chelsea,37,1984,7.1,503,75,261,227,16,9,503,1,1,100.0,0,0.0,340,1212,605,0,0,0,1,0,325,3
Mohamed Simakan, FRA,DF,RB Leipzig,22,2000,5.7,407,9,109,200,100,21,407,11,6,54.5,3,27.3,253,1208,648,14,9,2,7,3,257,31
Giovanni Simeone, ARG,FW,Napoli,27,1995,2.9,106,2,8,51,49,29,106,4,1,25.0,2,50.0,73,239,65,2,0,2,5,3,91,26
Roko Simic, CRO,FW,RB Salzburg,18,2003,0.2,8,0,1,5,2,2,8,0,0,,0,,4,14,0,0,0,0,2,0,4,1
Oliver Skipp, ENG,MF,Tottenham,21,2000,2.3,143,6,28,90,25,1,143,2,1,50.0,0,0.0,68,377,220,6,2,0,2,0,97,5
Leo Skiri Østigård, NOR,DF,Napoli,22,1999,2.2,225,34,109,109,8,2,225,0,0,,0,,154,886,616,2,4,0,1,0,167,0
Andreas Skov Olsen, DEN,"FW,MF",Club Brugge,22,1999,3.3,135,3,15,37,83,14,135,10,3,30.0,5,50.0,81,745,271,11,6,4,5,2,85,30
Milan Škriniar, SVK,DF,Inter,27,1995,6.0,405,49,197,183,25,3,405,0,0,,0,,220,818,390,4,2,0,1,1,275,3
Hrvoje Smolčić, CRO,DF,Eint Frankfurt,21,2000,1.4,74,10,40,33,1,0,74,0,0,,0,,31,166,68,0,0,0,1,0,26,0
Eduard Sobol, UKR,"FW,DF",Club Brugge,27,1995,1.2,76,4,20,37,21,1,76,0,0,,0,,36,184,77,1,2,0,2,4,38,0
Carlos Soler, ESP,MF,Paris S-G,25,1997,1.7,84,0,21,40,23,3,84,3,2,66.7,1,33.3,72,399,166,1,3,1,1,2,67,5
Oumar Solet, FRA,DF,RB Salzburg,22,2000,3.0,169,34,74,95,4,2,169,2,2,100.0,0,0.0,110,639,324,3,0,1,2,1,97,0
Yann Sommer, SUI,GK,Bayern Munich,33,1988,4.0,168,143,168,0,0,0,168,0,0,,0,,116,446,253,0,0,0,1,0,107,0
Matìas Soulé, ARG,"MF,FW",Juventus,19,2003,0.5,28,1,1,12,16,4,28,6,3,50.0,1,16.7,17,162,81,3,2,1,1,0,18,4
Djibril Sow, SUI,MF,Eint Frankfurt,25,1997,8.0,509,13,115,337,64,6,509,2,0,0.0,1,50.0,304,1512,740,12,11,1,5,4,338,6
Kamal Sowah, GHA,"FW,MF",Club Brugge,22,2000,6.6,276,8,51,115,117,14,276,12,7,58.3,5,41.7,189,864,353,7,5,2,12,7,177,39
Dario Špikić, CRO,"FW,DF",Dinamo Zagreb,23,1999,1.9,81,6,24,22,37,6,81,10,6,60.0,3,30.0,64,554,347,7,5,2,6,6,55,13
Jorne Spileers, BEL,DF,Club Brugge,17,2005,0.0,4,3,4,0,0,0,4,0,0,,0,,1,0,0,0,0,0,0,0,0,0
Jerry St. Juste, NED,DF,Sporting CP,25,1996,2.1,142,24,89,49,5,1,142,1,0,0.0,0,0.0,90,491,344,3,1,0,1,0,97,1
Marko Stamenic, NZL,MF,FC Copenhagen,20,2002,3.0,123,6,39,59,26,1,123,4,3,75.0,1,25.0,51,266,105,1,3,0,2,0,81,5
Jindřich Staněk, CZE,GK,Viktoria Plzeň,26,1996,5.0,158,135,158,0,0,0,158,0,0,,0,,73,374,194,0,0,0,0,0,54,0
Josip Stanišić, CRO,DF,Bayern Munich,22,2000,3.9,346,18,114,183,53,2,346,4,3,75.0,1,25.0,217,1186,607,10,6,1,1,3,238,8
Carl Starfelt, SWE,DF,Celtic,27,1995,1.0,63,7,30,32,1,1,63,0,0,,0,,39,173,111,0,0,0,1,0,46,0
Orri Steinn Óskarsson, ISL,"MF,FW",FC Copenhagen,17,2004,0.2,6,0,0,3,3,2,6,0,0,,0,,4,8,3,0,0,0,0,1,6,2
Taras Stepanenko, UKR,MF,Shakhtar,32,1989,5.9,338,35,134,183,22,0,338,2,0,0.0,2,100.0,179,679,288,2,1,0,6,0,214,8
Raheem Sterling, ENG,"FW,MF",Chelsea,27,1994,7.0,348,1,23,142,184,34,348,22,4,18.2,15,68.2,270,1247,568,23,23,11,21,14,282,69
John Stones, ENG,"MF,DF",Manchester City,28,1994,7.6,473,30,110,261,107,7,473,13,10,76.9,1,7.7,293,1837,898,12,17,0,7,3,364,15
Luka Sučić, CRO,MF,RB Salzburg,19,2002,4.4,266,5,29,146,94,8,266,14,6,42.9,6,42.9,188,1031,434,8,12,4,14,9,170,16
Heorhii Sudakov, UKR,MF,Shakhtar,19,2002,5.3,361,11,116,211,38,3,361,13,6,46.2,6,46.2,261,1454,648,13,4,2,7,5,292,10
Niklas Süle, GER,DF,Dortmund,26,1995,7.5,571,73,276,272,27,3,571,5,2,40.0,3,60.0,396,2038,1060,9,7,0,2,3,421,5
Daniel Sundgren, SWE,DF,Maccabi Haifa,31,1990,3.6,259,19,104,122,37,3,259,4,1,25.0,2,50.0,143,710,381,8,7,1,4,1,143,6
Suso, ESP,"FW,MF",Sevilla,28,1993,2.6,127,1,15,42,70,5,127,3,1,33.3,2,66.7,87,429,174,4,1,3,2,2,105,25
Josip Šutalo, CRO,DF,Dinamo Zagreb,22,2000,6.0,363,71,235,127,4,2,363,5,3,60.0,2,40.0,235,1212,566,0,0,0,0,1,224,0
Jan Sýkora, CZE,"FW,DF",Viktoria Plzeň,28,1993,1.6,40,3,14,13,13,4,40,4,1,25.0,3,75.0,22,151,72,4,1,1,3,0,21,5
Abakar Sylla, CIV,DF,Club Brugge,19,2002,5.5,361,44,169,192,6,3,361,6,4,66.7,2,33.3,263,1644,881,1,1,0,6,3,256,0
Wojciech Szczęsny, POL,GK,Juventus,32,1990,4.0,113,96,112,1,0,0,113,0,0,,0,,66,303,154,0,0,0,0,0,55,0
Dominik Szoboszlai, HUN,FW,RB Leipzig,21,2000,7.3,386,8,42,178,170,10,386,16,5,31.3,9,56.3,263,1359,629,15,18,5,5,9,276,47
Christian Sørensen, DEN,"DF,MF",FC Copenhagen,29,1992,1.1,81,0,16,34,31,4,81,2,0,0.0,1,50.0,39,198,100,4,1,2,0,0,55,4
Dušan Tadić, SRB,FW,Ajax,33,1988,4.8,248,5,31,90,129,19,248,8,5,62.5,2,25.0,160,838,427,16,6,4,11,5,180,43
Jonathan Tah, GER,DF,Leverkusen,26,1996,5.3,400,43,173,221,6,3,400,0,0,,0,,215,1328,750,0,2,0,2,2,278,0
Japhet Tanganga, ENG,DF,Tottenham,23,1999,0.2,20,1,6,12,2,1,20,0,0,,0,,13,85,49,2,0,0,0,0,12,0
Edmond Tapsoba, BFA,DF,Leverkusen,23,1999,3.9,320,33,137,171,16,2,320,1,0,0.0,1,100.0,192,1303,837,4,4,0,1,1,226,0
Mehdi Taremi, IRN,FW,Porto,30,1992,6.8,262,12,38,109,115,48,260,11,3,27.3,6,54.5,141,611,277,14,5,9,15,3,172,31
Ciprian Tătărușanu, ROU,GK,Milan,36,1986,5.0,189,164,189,0,0,0,189,0,0,,0,,110,625,261,0,0,0,0,0,91,0
Nuno Tavares, POR,DF,Marseille,22,2000,6.0,447,12,66,181,205,15,447,48,15,31.3,30,62.5,331,2110,863,24,14,6,22,16,307,67
James Tavernier, ENG,DF,Rangers,30,1991,5.4,341,19,107,146,93,7,340,10,3,30.0,6,60.0,160,710,334,7,3,1,5,4,171,10
Greg Taylor, SCO,DF,Celtic,24,1997,6.0,451,24,132,219,103,10,451,5,2,40.0,2,40.0,281,1175,559,6,5,0,6,9,300,24
Kenneth Taylor, NED,MF,Ajax,20,2002,4.6,291,9,56,156,79,10,291,10,4,40.0,5,50.0,193,774,332,10,2,3,10,6,217,20
Lucas Taylor, BRA,DF,Shakhtar,27,1995,3.5,162,21,85,54,24,3,162,12,5,41.7,6,50.0,79,534,181,5,4,1,6,5,78,6
Mavis Tchibota, CGO,FW,Maccabi Haifa,26,1996,1.0,48,1,5,19,26,8,48,8,1,12.5,6,75.0,33,216,85,4,1,4,3,3,31,8
Aurélien Tchouaméni, FRA,MF,Real Madrid,22,2000,4.8,426,9,80,286,64,8,426,4,3,75.0,1,25.0,293,1637,723,10,5,0,7,4,330,4
Mathys Tel, FRA,FW,Bayern Munich,17,2005,1.6,70,0,11,22,37,9,70,2,0,0.0,2,100.0,48,374,202,8,3,4,3,3,51,15
Alex Telles, BRA,"DF,FW",Sevilla,29,1992,4.3,291,13,76,110,108,5,291,10,3,30.0,3,30.0,126,530,203,10,6,2,7,9,173,34
Marc-André ter Stegen, GER,GK,Barcelona,30,1992,5.0,172,135,169,3,0,0,172,0,0,,0,,102,428,289,0,0,0,0,0,98,0
Kévin Théophile-Catherine, FRA,DF,Dinamo Zagreb,32,1989,0.8,52,8,33,17,2,1,52,0,0,,0,,37,133,30,0,0,0,1,0,31,0
Malick Thiaw, GER,DF,Milan,20,2001,3.1,218,33,112,102,7,4,218,2,1,50.0,1,50.0,116,473,218,1,1,0,2,0,141,0
Mohamed Tijani, BEN,DF,Viktoria Plzeň,25,1997,1.9,90,17,63,23,5,3,90,1,0,0.0,1,100.0,48,270,120,1,0,0,0,0,55,1
Malik Tillman, USA,MF,Rangers,20,2002,2.7,103,7,29,54,24,7,103,12,5,41.7,6,50.0,48,303,110,3,2,2,9,5,50,6
Jurriën Timber, NED,DF,Ajax,21,2001,5.9,474,33,209,242,27,3,474,6,3,50.0,2,33.3,318,1376,765,10,12,1,7,5,369,1
Fikayo Tomori, ENG,DF,Milan,24,1997,9.2,593,64,303,279,15,2,593,2,0,0.0,2,100.0,331,1642,886,10,3,1,2,3,390,0
Sandro Tonali, ITA,MF,Milan,22,2000,11.7,616,19,127,337,157,15,616,16,6,37.5,7,43.8,286,1651,827,18,12,0,10,9,372,30
Pablo Torre, ESP,"MF,FW",Barcelona,19,2003,1.1,88,0,7,56,25,1,88,2,0,0.0,1,50.0,65,257,106,3,3,1,1,1,76,4
Ferrán Torres, ESP,"FW,MF",Barcelona,22,2000,2.1,100,1,4,54,43,13,100,9,4,44.4,5,55.6,84,347,150,3,3,2,3,2,85,17
Andriy Totovytskyi, UKR,MF,Shakhtar,29,1993,0.2,11,1,2,5,4,1,11,2,0,0.0,2,100.0,4,32,0,0,1,0,1,0,6,0
Kevin Trapp, GER,GK,Eint Frankfurt,32,1990,8.0,249,228,249,0,0,0,249,0,0,,0,,137,624,359,0,0,0,0,0,103,0
Francisco Trincão, POR,"MF,FW",Sporting CP,22,1999,4.3,172,5,24,95,56,10,172,15,5,33.3,8,53.3,109,685,282,7,9,1,9,8,122,22
Anatolii Trubin, UKR,GK,Shakhtar,20,2001,6.0,285,265,285,0,0,0,285,0,0,,0,,177,604,362,0,0,0,0,0,157,0
Kostas Tsimikas, GRE,DF,Liverpool,26,1996,3.8,285,11,65,96,125,15,285,12,4,33.3,7,58.3,126,610,264,10,5,5,8,2,139,28
David Turnbull, SCO,MF,Celtic,23,1999,1.1,91,1,7,44,40,0,91,1,0,0.0,1,100.0,65,269,93,2,2,0,0,1,66,6
Tuta, BRA,DF,Eint Frankfurt,23,1999,6.7,408,44,214,170,27,3,408,3,2,66.7,1,33.3,227,1116,441,3,2,0,5,1,239,0
Marián Tvrdoň, SVK,GK,Viktoria Plzeň,27,1994,1.0,55,48,55,0,0,0,55,0,0,,0,,24,150,92,0,0,0,0,0,10,0
Manuel Ugarte Ribeiro, URU,MF,Sporting CP,21,2001,5.2,318,10,93,203,26,0,318,15,10,66.7,3,20.0,178,812,333,3,3,0,8,15,186,4
Andreas Ulmer, AUT,DF,RB Salzburg,36,1985,4.2,228,16,66,96,68,4,228,3,0,0.0,1,33.3,101,504,214,4,5,1,4,4,105,12
Sven Ulreich, GER,GK,Bayern Munich,33,1988,3.0,119,108,118,1,0,0,119,0,0,,0,,73,303,96,0,0,0,0,0,72,0
Cengiz Ünder, TUR,MF,Marseille,25,1997,1.9,118,0,6,47,65,5,118,3,2,66.7,1,33.3,90,562,194,5,4,2,3,2,86,20
Dayot Upamecano, FRA,DF,Bayern Munich,23,1998,7.9,672,75,332,330,12,1,672,5,4,80.0,0,0.0,511,2724,1563,9,4,0,3,1,524,0
Mateus Uribe, COL,MF,Porto,31,1991,6.8,394,22,99,219,80,8,393,8,5,62.5,2,25.0,243,961,473,5,4,1,10,6,234,9
Enrique Valiente, ESP,DF,Sevilla,20,2002,2.0,166,9,80,77,9,3,166,2,1,50.0,1,50.0,86,265,104,2,1,1,1,0,132,1
Jesús Vallejo, ESP,DF,Real Madrid,25,1997,0.2,21,7,14,6,1,0,21,0,0,,0,,9,53,38,0,0,0,0,0,15,0
Federico Valverde, URU,"MF,FW",Real Madrid,24,1998,10.7,711,17,104,349,268,27,711,20,11,55.0,7,35.0,427,2893,1734,43,31,6,19,7,537,56
Virgil van Dijk, NED,DF,Liverpool,31,1991,8.0,557,50,248,280,31,22,557,1,1,100.0,0,0.0,296,1437,730,5,4,0,2,0,394,1
Hans Vanaken, BEL,MF,Club Brugge,29,1992,7.8,511,14,107,310,98,6,511,8,1,12.5,6,75.0,369,1866,591,8,6,1,5,4,407,28
Denis Vavro, SVK,DF,FC Copenhagen,26,1996,4.0,203,40,128,70,5,1,203,1,1,100.0,0,0.0,69,418,160,1,1,1,1,0,109,0
Lucas Vázquez, ESP,DF,Real Madrid,31,1991,2.2,180,6,34,77,70,5,180,5,2,40.0,3,60.0,98,446,269,8,5,1,4,0,126,19
Jordan Veretout, FRA,MF,Marseille,29,1993,5.4,452,10,56,317,84,3,452,4,1,25.0,3,75.0,352,1745,857,8,10,0,3,3,326,16
Lucas Veríssimo, BRA,DF,Benfica,27,1995,0.1,6,2,5,1,0,0,6,0,0,,0,,4,23,1,0,0,0,0,0,2,0
Gabriel Veron, BRA,"MF,FW",Porto,19,2002,0.5,26,0,3,11,12,2,26,1,0,0.0,1,100.0,18,113,85,3,2,0,4,0,16,6
Marco Verratti, ITA,MF,Paris S-G,29,1992,6.9,749,21,172,452,132,5,749,18,11,61.1,5,27.8,618,3206,1549,12,23,0,4,9,584,12
Vitinha, POR,MF,Paris S-G,22,2000,6.5,496,10,107,287,109,10,496,14,8,57.1,3,21.4,417,2206,941,11,22,1,16,10,385,16
Odisseas Vlachodimos, GRE,GK,Benfica,28,1994,10.0,285,246,285,0,0,0,285,0,0,,0,,175,818,475,0,0,0,1,0,132,0
Dušan Vlahović, SRB,FW,Juventus,22,2000,4.6,131,6,8,64,61,22,131,2,0,0.0,2,100.0,72,345,145,6,4,1,8,8,92,27
Adam Vlkanova, CZE,MF,Viktoria Plzeň,27,1994,5.1,195,7,37,93,72,9,195,13,5,38.5,7,53.8,96,601,319,10,11,1,10,12,100,16
Stefan de Vrij, NED,DF,Inter,30,1992,3.3,122,37,90,32,1,1,122,0,0,,0,,50,262,91,0,0,0,2,2,60,0
Kyle Walker, ENG,"DF,FW",Manchester City,32,1990,3.1,219,13,68,103,54,4,219,5,4,80.0,1,20.0,115,660,392,9,8,2,2,0,137,11
Paul Wanner, GER,"DF,FW",Bayern Munich,16,2005,0.4,27,1,10,10,7,1,27,2,1,50.0,1,50.0,18,70,25,1,1,0,1,0,20,3
Stephen Welsh, SCO,DF,Celtic,22,2000,1.0,68,9,35,31,2,0,68,0,0,,0,,49,299,200,0,1,0,0,0,50,0
Wendell, BRA,DF,Porto,29,1993,1.6,120,3,37,54,31,1,120,2,2,100.0,0,0.0,63,480,322,9,6,0,0,0,67,3
Timo Werner, GER,FW,RB Leipzig,26,1996,5.6,275,3,25,123,128,27,275,11,4,36.4,5,45.5,215,1381,706,24,19,10,10,12,235,56
Owen Wijndal, NED,DF,Ajax,22,1999,0.8,57,3,15,22,20,5,57,0,0,,0,,43,143,80,2,2,1,0,0,42,7
Josh Wilson-Esbrand, ENG,DF,Manchester City,19,2002,0.5,38,0,7,12,19,1,38,0,0,,0,,23,85,38,0,0,0,1,0,31,6
Axel Witsel, BEL,"DF,MF",Atlético Madrid,33,1989,5.1,386,24,139,219,28,5,386,2,1,50.0,1,50.0,270,1226,423,2,4,0,2,2,281,2
Maximilian Wöber, AUT,DF,RB Salzburg,24,1998,1.8,92,8,24,37,32,5,92,0,0,,0,,32,193,37,1,2,0,0,1,29,9
Marius Wolf, GER,DF,Dortmund,27,1995,2.0,124,7,29,41,56,8,124,4,2,50.0,2,50.0,73,344,175,3,2,1,1,1,80,13
Scott Wright, SCO,"FW,MF",Rangers,24,1997,1.5,49,4,12,23,16,1,49,2,1,50.0,0,0.0,32,129,34,0,1,0,5,1,35,3
Roman Yaremchuk, UKR,FW,Club Brugge,26,1995,1.2,51,0,6,21,25,4,51,4,2,50.0,2,50.0,35,162,64,2,3,2,4,4,46,6
Rıdvan Yılmaz, TUR,DF,Rangers,21,2001,1.0,60,6,19,22,19,2,60,2,1,50.0,1,50.0,35,181,90,0,4,0,2,1,31,4
Warren Zaire-Emery, FRA,MF,Paris S-G,16,2006,0.9,45,0,7,19,21,1,45,3,2,66.7,0,0.0,40,263,131,2,2,1,3,2,38,7
Denis Zakaria, SUI,MF,Chelsea,25,1996,0.8,52,2,12,32,9,1,52,1,0,0.0,1,100.0,39,202,106,4,2,0,1,1,39,2
Andre-Frank Zambo Anguissa, CMR,MF,Napoli,26,1995,7.2,475,14,101,299,87,16,475,25,14,56.0,7,28.0,346,1537,709,15,15,5,12,11,356,17
Alessandro Zanoli, ITA,DF,Napoli,21,2000,0.1,11,0,3,4,4,0,11,2,1,50.0,1,50.0,5,119,83,3,2,0,0,0,6,2
Zeca, GRE,MF,FC Copenhagen,33,1988,1.8,96,6,41,50,6,0,96,5,3,60.0,0,0.0,26,95,25,0,0,0,3,0,48,1
Alessio Zerbin, ITA,FW,Napoli,23,1999,0.6,49,1,6,22,22,2,49,3,0,0.0,3,100.0,33,214,114,5,4,1,3,1,35,9
Piotr Zieliński, POL,MF,Napoli,28,1994,6.9,427,5,46,214,171,17,424,15,8,53.3,5,33.3,292,1162,513,12,15,2,5,3,324,24
Hakim Ziyech, MAR,"FW,MF",Chelsea,29,1993,1.6,118,3,9,32,79,12,118,10,4,40.0,5,50.0,80,552,201,11,6,3,1,2,80,26
Oleksandr Zubkov, UKR,"FW,MF",Shakhtar,25,1996,4.1,160,5,48,76,37,6,160,10,2,20.0,7,70.0,109,705,325,8,8,2,13,8,112,12
Neven Đurasek, CRO,MF,Shakhtar,23,1998,1.0,47,4,15,29,3,0,47,1,0,0.0,1,100.0,27,143,65,3,0,0,1,0,30,2
