Player,Nationality,Position,Club,Age,Born,90s,Total Passes attempted,Live Ball Passes,Dead Ball Passes,Passes from Free kicks,Through balls,Switches,Crosses,Throw-ins taken,Corner kicks,Inswinging Corner kicks,Outswinging Corner kicks,Straight Corner kicks,Passes completed,Passes offside,Passes blocked
Liel Abada,ISR,"FW,MF",Celtic,20,2001,2.4,59,58,1,0,0,0,10,1,0,0,0,0,39,0,4
Oliver Abildgaard,DEN,MF,Celtic,26,1996,0.7,33,33,0,0,0,0,0,0,0,0,0,0,24,0,1
Mohammad Abu Fani,ISR,MF,Maccabi Haifa,24,1998,4.4,230,218,10,2,0,5,2,2,5,0,0,0,198,2,4
Francesco Acerbi,ITA,DF,Inter,34,1988,10.2,562,539,23,17,0,2,1,4,0,0,0,0,492,0,3
Marcos Acuña,ARG,"DF,MF",Sevilla,30,1991,2.4,97,78,19,0,0,0,9,18,1,0,1,0,67,0,3
Junior Adamu,AUT,FW,RB Salzburg,21,2001,2.3,48,47,1,0,0,0,5,0,0,0,0,0,25,0,5
Antonio Adán,ESP,GK,Sporting CP,35,1987,4.2,219,164,55,20,0,1,0,0,0,0,0,0,153,0,0
Arijan Ademi,MKD,MF,Dinamo Zagreb,31,1991,5.2,147,141,6,2,0,1,0,0,0,0,0,0,122,0,5
Karim Adeyemi,GER,"FW,MF",Dortmund,20,2002,4.2,101,100,1,0,0,0,6,1,0,0,0,0,77,0,5
Amine Adli,FRA,"FW,MF",Leverkusen,22,2000,1.3,64,62,2,0,1,0,4,1,1,0,0,0,44,0,2
Manuel Akanji,SUI,DF,Manchester City,27,1995,10.5,831,789,42,14,1,7,1,28,0,0,0,0,763,0,6
Nathan Aké,NED,DF,Manchester City,27,1995,6.8,598,562,35,11,1,5,5,24,0,0,0,0,547,1,5
David Alaba,AUT,DF,Real Madrid,30,1992,7.9,476,447,29,7,0,0,19,18,2,0,2,0,414,0,4
Lucas Alario,ARG,"FW,MF",Eint Frankfurt,29,1992,0.2,3,3,0,0,0,0,0,0,0,0,0,0,1,0,0
Jordi Alba,ESP,DF,Barcelona,33,1989,1.6,183,166,17,3,1,0,9,14,0,0,0,0,162,0,0
Thiago Alcántara,ESP,MF,Liverpool,31,1991,3.4,232,224,8,6,1,9,2,2,0,0,0,0,205,0,3
Trent Alexander-Arnold,ENG,DF,Liverpool,23,1998,6.9,528,421,106,20,2,9,57,62,24,4,19,0,405,1,7
Sotiris Alexandropoulos,GRE,MF,Sporting CP,20,2001,1.3,42,40,2,1,0,1,0,0,0,0,0,0,33,0,2
Faride Alidou,GER,"DF,FW",Eint Frankfurt,21,2001,0.8,38,32,6,1,0,0,2,5,0,0,0,0,32,0,0
Alisson,BRA,GK,Liverpool,29,1992,8,274,225,47,10,0,1,0,0,0,0,0,0,242,2,0
Marcos Alonso,ESP,DF,Barcelona,31,1990,4.5,418,387,30,8,0,3,12,18,4,0,4,0,376,1,4
Éder Álvarez Balanta,COL,"MF,FW",Club Brugge,29,1993,0.6,17,16,1,1,0,0,0,0,0,0,0,0,13,0,0
Edson Álvarez,MEX,MF,Ajax,24,1997,5.9,364,359,5,5,0,1,0,0,0,0,0,0,312,0,4
Julián Álvarez,ARG,FW,Manchester City,22,2000,5.3,120,112,8,0,2,1,8,0,4,0,4,0,97,0,3
Nadiem Amiri,GER,"MF,FW",Leverkusen,25,1996,1.4,64,62,0,0,0,1,1,0,0,0,0,0,51,2,3
Robert Andrich,GER,MF,Leverkusen,27,1994,4.5,207,200,6,5,1,2,0,1,0,0,0,0,176,1,2
Peter Ankersen,DEN,DF,FC Copenhagen,31,1990,0.3,6,6,0,0,0,0,0,0,0,0,0,0,3,0,0
Ofri Arad,ISR,"DF,MF",Maccabi Haifa,23,1998,0.2,11,11,0,0,0,0,0,0,0,0,0,0,10,0,0
Charles Aránguiz,CHI,MF,Leverkusen,33,1989,2.4,154,151,3,1,1,3,0,2,0,0,0,0,146,0,1
Henrique Araújo,POR,FW,Benfica,20,2002,0.1,8,8,0,0,0,0,2,0,0,0,0,0,5,0,0
Ronald Araújo,URU,DF,Barcelona,23,1999,1,55,49,6,5,0,3,0,1,0,0,0,0,47,0,0
Scott Arfield,CAN,MF,Rangers,33,1988,3,87,83,3,0,0,0,2,0,3,0,1,0,59,1,4
Hákon Arnar Haraldsson,ISL,FW,FC Copenhagen,19,2003,3.3,100,90,9,0,0,1,3,0,3,3,0,0,79,1,1
Kepa Arrizabalaga,ESP,GK,Chelsea,27,1994,9,273,214,58,12,0,0,0,0,0,0,0,0,199,1,0
Arthur,BRA,"MF,FW",Sporting CP,24,1998,1.2,43,39,4,0,1,0,3,2,1,1,0,0,33,0,3
Marco Asensio,ESP,"FW,MF",Real Madrid,26,1996,3.6,204,189,14,3,2,3,11,4,7,4,0,0,177,1,2
Kristjan Asllani,ALB,MF,Inter,20,2002,1.4,74,60,12,5,0,0,8,0,7,3,3,0,59,2,2
Omer Atzili,ISR,"FW,MF",Maccabi Haifa,29,1993,3.4,119,101,17,6,3,0,15,3,8,4,1,0,80,1,5
Pierre-Emerick Aubameyang,GAB,FW,Chelsea,33,1989,4.5,102,94,6,0,0,0,3,0,0,0,0,0,78,2,3
Lynnt Audoor,BEL,MF,Club Brugge,18,2003,0.1,6,6,0,0,0,0,0,0,0,0,0,0,3,0,0
Fredrik Aursnes,NOR,"FW,MF",Benfica,26,1995,6.9,369,358,8,0,1,9,7,8,0,0,0,0,297,3,13
Sardar Azmoun,IRN,FW,Leverkusen,27,1995,0.1,3,3,0,0,0,0,0,0,0,0,0,0,2,0,0
César Azpilicueta,ESP,DF,Chelsea,32,1989,2.9,288,257,31,13,0,0,4,18,0,0,0,0,256,0,2
Youri Baas,NED,DF,Ajax,19,2003,0.5,27,25,2,0,1,0,0,2,0,0,0,0,23,0,0
Alexander Bah,DEN,DF,Benfica,24,1997,7.3,532,454,75,6,1,3,23,69,0,0,0,0,420,3,9
Eric Bailly,CIV,DF,Marseille,28,1994,3.4,203,192,8,7,0,0,0,1,0,0,0,0,174,3,0
Stefan Bajcetic,ESP,MF,Liverpool,17,2004,1.2,76,76,0,0,0,2,0,0,0,0,0,0,60,0,2
Mitchel Bakker,NED,"MF,DF",Leverkusen,22,2000,3.8,211,194,17,1,0,2,6,16,0,0,0,0,171,0,4
Alejandro Balde,ESP,DF,Barcelona,18,2003,1.9,138,116,21,2,0,0,9,19,0,0,0,0,120,1,4
Leonardo Balerdi,ARG,DF,Marseille,23,1999,5.5,370,358,8,8,0,2,1,0,0,0,0,0,322,4,2
Fodé Ballo-Touré,SEN,"DF,MF",Milan,25,1997,1.5,72,60,12,2,0,0,3,10,0,0,0,0,60,0,3
Tommaso Barbieri,ITA,MF,Juventus,19,2002,0,6,6,0,0,0,0,1,0,0,0,0,0,4,0,1
Roony Bardghji,SWE,FW,FC Copenhagen,16,2005,1.1,24,22,2,1,0,1,1,0,1,1,0,0,15,0,0
Nicolò Barella,ITA,MF,Inter,25,1997,11,407,397,9,5,2,8,21,3,1,0,1,0,322,1,15
Borna Barišić,CRO,DF,Rangers,29,1992,5.2,268,218,50,13,0,0,27,31,6,1,5,0,221,0,4
Enzo Barrenechea,ARG,DF,Juventus,21,2001,0,5,5,0,0,0,0,0,0,0,0,0,0,3,0,0
Pablo Barrios,ESP,MF,Atlético Madrid,19,2003,0.1,7,7,0,0,0,0,0,0,0,0,0,0,7,0,0
Calvin Bassey,NGA,DF,Ajax,22,1999,6,434,410,24,9,0,5,1,6,0,0,0,0,387,0,1
Fortune Bassey,NGA,FW,Viktoria Plzeň,23,1998,1.5,27,25,2,0,0,0,0,0,0,0,0,0,22,0,0
Alessandro Bastoni,ITA,DF,Inter,23,1999,10.9,609,547,60,30,1,17,22,17,0,0,0,0,506,2,6
Dylan Batubinsika,COD,DF,Maccabi Haifa,26,1996,5,198,189,9,9,0,1,0,0,0,0,0,0,174,0,2
Martin Baturina,CRO,MF,Dinamo Zagreb,19,2003,0.7,37,35,1,1,0,0,1,0,0,0,0,0,29,1,3
Raoul Bellanova,ITA,"DF,MF",Inter,22,2000,1.3,58,45,12,0,0,1,11,12,0,0,0,0,39,1,6
Héctor Bellerín,ESP,DF,Barcelona,27,1995,2,98,79,18,1,0,1,5,17,0,0,0,0,79,1,4
Jude Bellingham,ENG,MF,Dortmund,19,2003,7,335,329,5,3,3,7,5,1,0,0,0,0,274,1,4
Ismaël Bennacer,ALG,MF,Milan,24,1997,6.5,343,328,14,11,1,3,6,1,2,0,2,0,289,1,4
Rodrigo Bentancur,URU,"MF,FW",Tottenham,25,1997,5.6,365,358,7,5,3,0,3,0,0,0,0,0,316,0,3
Karim Benzema,FRA,FW,Real Madrid,34,1987,8.3,315,298,15,0,2,0,0,0,1,0,0,0,268,2,6
Steven Berghuis,NED,"MF,FW",Ajax,30,1991,5.1,274,244,26,6,0,6,24,5,15,11,0,0,204,4,4
Steven Bergwijn,NED,FW,Ajax,24,1997,5.8,205,198,7,0,2,3,3,3,4,0,0,0,184,0,4
Alexandro Bernabei,ARG,FW,Celtic,21,2000,0.1,4,4,0,0,0,0,0,0,0,0,0,0,4,0,0
Bernardo,BRA,DF,RB Salzburg,27,1995,3,73,67,5,5,0,1,0,0,0,0,0,0,49,1,1
Juan Bernat,ESP,DF,Paris S-G,29,1993,3.1,200,185,15,2,0,0,2,13,0,0,0,0,183,0,2
Victor Bernth Kristiansen,DEN,"DF,MF",FC Copenhagen,19,2002,5.4,251,209,41,9,0,1,18,27,5,2,2,0,188,1,6
Modou Biramé Ndiaye,SEN,MF,Viktoria Plzeň,25,1996,2,61,61,0,0,0,1,0,0,0,0,0,0,46,0,2
Yves Bissouma,MLI,MF,Tottenham,25,1996,1,72,70,2,2,0,1,0,0,0,0,0,0,65,0,0
Janis Blaswich,GER,GK,RB Leipzig,31,1991,5.9,263,218,43,8,0,0,0,0,0,0,0,0,219,2,1
Daley Blind,NED,DF,Ajax,32,1990,4.5,333,288,43,4,0,1,4,34,1,0,0,0,277,2,7
Petar Bočkaj,CRO,"DF,FW",Dinamo Zagreb,26,1996,0.4,21,16,5,1,0,0,5,2,2,2,0,0,12,0,3
Nicolai Boilesen,DEN,DF,FC Copenhagen,30,1992,1.1,84,82,2,2,0,0,0,0,0,0,0,0,81,0,0
Valerii Bondar,UKR,DF,Shakhtar,23,1999,6,344,338,6,6,0,2,0,0,0,0,0,0,317,0,4
Artem Bondarenko,UKR,MF,Shakhtar,21,2000,5.4,277,268,9,6,1,0,2,1,2,2,0,0,242,0,5
Leonardo Bonucci,ITA,DF,Juventus,35,1987,4.9,303,274,26,11,1,1,1,2,0,0,0,0,262,3,0
Gonçalo Borges,POR,"MF,FW",Porto,21,2001,0.4,15,15,0,0,0,0,1,0,0,0,0,0,9,0,0
Rafael Borré,COL,FW,Eint Frankfurt,26,1995,2.5,70,66,4,0,0,0,2,2,0,0,0,0,56,0,2
Yassine Bounou,MAR,GK,Sevilla,31,1991,4,208,156,52,9,0,1,0,0,0,0,0,0,166,0,0
Dedryck Boyata,BEL,DF,Club Brugge,31,1990,1.5,79,75,4,4,0,0,0,0,0,0,0,0,66,0,0
Julian Brandt,GER,"MF,FW",Dortmund,26,1996,5.3,247,225,20,4,1,2,18,3,12,2,9,0,199,2,7
Gleison Bremer,BRA,DF,Juventus,25,1997,3,143,141,2,2,0,0,0,0,0,0,0,0,122,0,2
Brian Brobbey,NED,FW,Ajax,20,2002,1.3,25,18,7,0,0,0,1,0,0,0,0,0,19,0,0
Armando Broja,ALB,FW,Chelsea,20,2001,1.3,31,31,0,0,0,0,0,0,0,0,0,0,24,0,1
Marcelo Brozović,CRO,MF,Inter,29,1992,6.1,417,390,26,19,1,7,11,1,6,1,5,0,372,1,7
Pavel Bucha,CZE,MF,Viktoria Plzeň,24,1998,4,132,131,1,0,0,0,4,0,1,1,0,0,115,0,4
Tajon Buchanan,CAN,"DF,MF",Club Brugge,23,1999,5.8,147,126,21,1,0,1,12,20,0,0,0,0,112,0,4
Marko Bulat,CRO,MF,Dinamo Zagreb,20,2001,0.3,23,22,1,1,0,0,0,0,0,0,0,0,19,0,0
Sergio Busquets,ESP,MF,Barcelona,34,1988,3.2,166,155,11,11,0,2,0,0,0,0,0,0,138,0,4
Aurélio Buta,POR,DF,Eint Frankfurt,25,1997,1.8,59,40,19,0,0,0,5,19,0,0,0,0,37,0,0
Jamie Bynoe-Gittens,ENG,MF,Dortmund,17,2004,0.4,12,11,1,0,0,0,1,1,0,0,0,0,8,0,1
Jovane Cabral,CPV,MF,Sporting CP,24,1998,0.1,8,8,0,0,0,0,2,0,0,0,0,0,6,0,0
Davide Calabria,ITA,DF,Milan,25,1996,5.5,319,268,50,4,0,1,12,46,0,0,0,0,258,1,10
Hakan Çalhanoğlu,TUR,MF,Inter,28,1994,8.9,451,394,55,23,1,8,47,3,29,10,17,0,377,2,8
Eduardo Camavinga,FRA,"MF,DF",Real Madrid,19,2002,8,470,433,36,10,1,5,3,26,0,0,0,0,408,1,11
Emre Can,GER,MF,Dortmund,28,1994,6.3,297,287,10,8,1,4,1,2,0,0,0,0,252,0,7
João Cancelo,POR,DF,Bayern Munich,28,1994,1.4,110,92,18,2,0,1,5,16,0,0,0,0,92,0,3
João Cancelo,POR,DF,Manchester City,28,1994,4.2,416,383,32,7,1,4,24,25,0,0,0,0,352,1,9
Nicolás Capaldo,ARG,MF,RB Salzburg,24,1997,3,76,74,2,0,0,0,5,2,0,0,0,0,43,0,4
Valentin Carboni,ARG,FW,Inter,17,2005,0.2,2,2,0,0,0,0,0,0,0,0,0,0,1,0,0
Fábio Cardoso,POR,DF,Porto,28,1994,4,213,208,5,5,0,1,1,0,0,0,0,0,189,0,1
David Carmo,POR,DF,Porto,23,1999,5,214,197,16,11,0,2,2,0,0,0,0,0,166,1,1
Carmona,ESP,DF,Sevilla,20,2002,5,298,272,26,10,0,2,10,14,0,0,0,0,257,0,10
Yannick Carrasco,BEL,"DF,MF",Atlético Madrid,28,1993,3,180,142,38,7,1,1,23,20,10,8,2,0,137,0,3
Cameron Carter-Vickers,USA,DF,Celtic,24,1997,4,299,297,2,2,1,2,0,0,0,0,0,0,285,0,0
Dani Carvajal,ESP,DF,Real Madrid,30,1992,9.7,624,540,84,9,1,0,20,74,1,0,0,0,536,0,11
Fabio Carvalho,POR,"MF,FW",Liverpool,19,2002,1.3,55,55,0,0,1,0,1,0,0,0,0,0,46,0,0
Marc Casado,ESP,MF,Barcelona,18,2003,0.3,29,28,1,1,0,0,0,0,0,0,0,0,26,0,1
Dani Ceballos,ESP,MF,Real Madrid,25,1996,1,87,84,3,1,0,1,1,0,2,0,1,0,79,0,2
Aleš Čermák,CZE,MF,Viktoria Plzeň,27,1994,0.4,30,27,2,0,0,0,2,0,2,1,0,0,24,1,0
El Chadaille Bitshiabu,FRA,DF,Paris S-G,17,2005,0.5,27,27,0,0,0,0,0,0,0,0,0,0,26,0,1
Trevoh Chalobah,ENG,DF,Chelsea,23,1999,4.9,297,289,8,6,1,2,0,2,0,0,0,0,268,0,0
Timothy Chandler,USA,DF,Eint Frankfurt,32,1990,0.1,6,4,2,0,0,0,0,2,0,0,0,0,5,0,1
Tjaronn Chery,SUR,"MF,FW",Maccabi Haifa,34,1988,6,256,223,29,1,3,1,14,0,8,2,2,0,204,4,4
Federico Chiesa,ITA,FW,Juventus,24,1997,0.2,9,9,0,0,0,1,0,0,0,0,0,0,8,0,1
Ben Chilwell,ENG,"DF,MF",Chelsea,25,1996,6.2,378,318,60,13,0,2,34,29,18,11,7,0,296,0,9
Chiquinho,POR,MF,Benfica,27,1995,4.5,289,267,19,7,1,5,12,0,12,4,5,0,253,3,1
Tomáš Chorý,CZE,FW,Viktoria Plzeň,27,1995,4,60,57,3,0,0,0,0,0,0,0,0,0,35,0,1
Andreas Christensen,DEN,DF,Barcelona,26,1996,2.4,229,221,8,7,0,1,0,1,0,0,0,0,217,0,0
Viktor Claesson,SWE,"FW,MF",FC Copenhagen,30,1992,5.4,175,171,3,1,2,2,0,0,0,0,0,0,139,1,3
Jonathan Clauss,FRA,DF,Marseille,29,1992,4.6,220,175,42,1,2,2,12,41,0,0,0,0,164,3,11
William Clem,DEN,MF,FC Copenhagen,18,2004,1.9,74,73,1,1,0,0,0,0,0,0,0,0,66,0,0
Sebastián Coates,URU,DF,Sporting CP,31,1990,4.4,202,192,10,9,0,1,0,0,0,0,0,0,178,0,0
Josh Cohen,USA,GK,Maccabi Haifa,29,1992,6,145,98,45,6,0,0,0,0,0,0,0,0,107,2,0
Antonio Čolak,CRO,FW,Rangers,28,1993,3.2,42,32,10,0,0,0,1,0,0,0,0,0,27,0,0
Kingsley Coman,FRA,"FW,DF",Bayern Munich,26,1996,5.9,286,278,7,0,1,3,27,7,0,0,0,0,224,1,6
Francisco Conceição,POR,"FW,MF",Ajax,19,2002,0.2,14,11,3,1,0,0,0,2,0,0,0,0,13,0,0
Rodrigo Conceição,POR,DF,Porto,22,2000,0.1,5,4,1,0,0,0,0,1,0,0,0,0,4,0,0
Andreas Cornelius,DEN,FW,FC Copenhagen,29,1993,1.2,30,30,0,0,0,1,0,0,0,0,0,0,18,0,0
Pierre Cornud,FRA,DF,Maccabi Haifa,25,1996,4.1,202,177,24,4,1,0,21,20,0,0,0,0,161,1,1
Ángel Correa,ARG,"FW,MF",Atlético Madrid,27,1995,3.5,114,109,5,1,0,0,8,0,2,0,1,0,92,0,3
Joaquín Correa,ARG,FW,Inter,27,1994,3.4,93,90,3,1,1,0,0,1,0,0,0,0,76,0,4
Bruno Xavier Almeida Costa,POR,MF,Porto,25,1997,0.8,22,18,4,2,0,0,3,0,2,2,0,0,18,0,0
Diogo Costa,POR,GK,Porto,22,1999,8,380,311,67,19,0,3,0,0,0,0,0,0,276,2,0
Soumaïla Coulibaly,FRA,DF,Dortmund,18,2003,0.2,15,15,0,0,0,0,0,0,0,0,0,0,14,0,1
Thibaut Courtois,BEL,GK,Real Madrid,30,1992,10,371,304,66,12,0,1,0,0,0,0,0,0,294,1,1
Juan Cuadrado,COL,"DF,MF",Juventus,34,1988,4.8,281,235,45,11,0,12,24,29,5,1,3,0,234,1,5
Marc Cucurella,ESP,DF,Chelsea,24,1998,4.6,366,307,59,9,0,1,13,46,4,2,1,0,307,0,3
Matheus Cunha,BRA,"FW,MF",Atlético Madrid,23,1999,1.4,33,30,2,0,0,0,3,0,0,0,0,0,24,1,3
Danilo D'Ambrosio,ITA,DF,Inter,33,1988,1.8,97,93,3,0,0,0,2,3,0,0,0,0,80,1,0
Danilo,BRA,DF,Juventus,31,1991,4.7,274,253,20,2,0,3,8,18,0,0,0,0,232,1,3
Arnaut Danjuma,NED,MF,Tottenham,25,1997,0.1,2,2,0,0,0,0,0,0,0,0,0,0,2,0,0
Mohammed Daramy,DEN,FW,FC Copenhagen,20,2002,4.9,139,124,15,1,0,0,5,4,0,0,0,0,111,0,9
Matteo Darmian,ITA,DF,Inter,32,1989,9.1,360,330,30,7,0,1,10,23,0,0,0,0,291,0,5
Dean David,ISR,"FW,DF",Maccabi Haifa,26,1996,2.6,49,46,3,0,0,0,2,3,0,0,0,0,28,0,5
Alphonso Davies,CAN,DF,Bayern Munich,21,2000,6.7,402,350,50,10,0,2,6,40,0,0,0,0,360,2,6
Ben Davies,WAL,DF,Tottenham,29,1993,4.4,228,216,12,5,0,1,2,7,0,0,0,0,187,0,2
Ben Davies,ENG,DF,Rangers,26,1995,2.9,152,147,5,5,0,0,0,0,0,0,0,0,121,0,0
Steven Davis,NIR,MF,Rangers,37,1985,2.8,114,110,3,2,0,3,0,0,1,0,0,0,91,1,0
Kevin De Bruyne,BEL,MF,Manchester City,31,1991,8,431,368,60,16,11,7,77,10,32,5,11,3,294,3,15
Charles De Ketelaere,BEL,"MF,FW",Milan,21,2001,2.6,75,72,2,0,0,0,3,2,0,0,0,0,53,1,6
Rodrigo De Paul,ARG,MF,Atlético Madrid,28,1994,2.8,244,221,19,7,0,3,20,7,5,2,1,0,189,4,3
Mattia De Sciglio,ITA,DF,Juventus,29,1992,1.1,60,53,7,0,0,2,6,7,0,0,0,0,45,0,3
Amar Dedić,BIH,DF,RB Salzburg,19,2002,6,283,200,83,4,0,1,9,79,0,0,0,0,183,0,8
Thomas Delaney,DEN,MF,Sevilla,30,1991,2.6,108,105,3,1,0,0,1,2,0,0,0,0,82,0,4
Ousmane Dembélé,FRA,FW,Barcelona,25,1997,4.6,259,230,28,9,2,2,51,1,18,7,7,0,176,1,9
Kerem Demirbay,GER,MF,Leverkusen,29,1993,3,228,198,30,3,0,1,28,4,21,7,13,0,175,0,6
Sergiño Dest,USA,DF,Milan,21,2000,2.1,90,77,12,0,0,1,3,12,0,0,0,0,64,1,5
Giovanni Di Lorenzo,ITA,DF,Napoli,28,1993,9.9,591,507,79,17,6,7,23,61,1,0,0,0,496,5,8
Ángel Di María,ARG,FW,Juventus,34,1988,1.6,78,65,11,2,4,2,10,1,8,5,2,0,53,2,1
Moussa Diaby,FRA,"FW,MF",Leverkusen,23,1999,5.6,202,188,13,2,1,1,16,1,2,1,0,0,149,1,7
Abdou Diallo,SEN,"DF,MF",RB Leipzig,26,1996,2.5,191,183,7,4,0,2,1,2,0,0,0,0,174,1,1
Rúben Dias,POR,DF,Manchester City,25,1997,11.7,959,938,19,16,0,3,2,1,0,0,0,0,908,2,2
Brahim Díaz,ESP,"MF,FW",Milan,22,1999,6.7,183,174,8,4,2,1,7,0,0,0,0,0,152,1,4
Luis Díaz,COL,FW,Liverpool,25,1997,3,99,97,2,0,0,1,2,2,0,0,0,0,79,0,2
Eric Dier,ENG,DF,Tottenham,28,1994,6.9,466,453,11,11,1,2,4,0,0,0,0,0,416,2,3
Kevin Diks,NED,DF,FC Copenhagen,25,1996,3.7,161,141,20,1,0,1,2,19,0,0,0,0,119,0,3
Federico Dimarco,ITA,DF,Inter,24,1997,8.1,399,324,70,8,0,8,63,40,21,6,10,0,273,5,10
Junior Dina Ebimbe,FRA,"MF,DF",Eint Frankfurt,21,2000,2.7,110,90,19,1,0,2,3,18,0,0,0,0,86,1,3
Marko Dmitrović,SRB,GK,Sevilla,30,1992,2,73,61,12,3,0,0,0,0,0,0,0,0,49,0,0
Matt Doherty,IRL,DF,Tottenham,30,1992,0.8,35,34,1,0,0,0,1,1,0,0,0,0,29,0,1
Kasper Dolberg,DEN,FW,Sevilla,24,1997,1.2,19,15,4,0,0,0,0,0,0,0,0,0,15,0,1
Gianluigi Donnarumma,ITA,GK,Paris S-G,23,1999,8,239,176,62,16,0,0,0,0,0,0,0,0,198,1,0
Julian Draxler,GER,MF,Benfica,28,1993,0.4,15,15,0,0,0,0,0,0,0,0,0,0,13,0,0
Josip Drmić,SUI,FW,Dinamo Zagreb,29,1992,1.1,22,20,2,0,0,0,1,0,0,0,0,0,15,0,0
Denzel Dumfries,NED,DF,Inter,26,1996,9.8,348,281,65,2,0,0,21,63,0,0,0,0,228,2,17
Edin Džeko,BIH,FW,Inter,36,1986,9.2,239,226,10,1,0,3,7,2,0,0,0,0,150,3,9
Ederson,BRA,GK,Manchester City,28,1993,11,347,285,61,15,0,4,0,0,0,0,0,0,292,1,0
Jorge Eduardo Sánchez,MEX,DF,Ajax,24,1997,3,136,114,22,1,0,0,3,21,0,0,0,0,115,0,5
Marcus Edwards,ENG,"FW,MF",Sporting CP,23,1998,3.9,113,105,8,0,2,0,6,1,3,3,0,0,85,0,4
Hugo Ekitike,FRA,"MF,FW",Paris S-G,20,2002,0.7,14,13,1,0,0,0,0,0,0,0,0,0,11,0,0
Harvey Elliott,ENG,MF,Liverpool,19,2003,4.4,239,231,7,0,0,1,5,2,0,0,0,0,190,1,8
Elif Elmas,MKD,"FW,MF",Napoli,22,1999,3.2,175,169,6,2,0,0,1,1,2,0,1,0,158,0,2
Emerson,BRA,"DF,MF",Tottenham,23,1999,6,322,270,50,4,0,3,15,45,1,0,0,0,248,2,13
Youssef En-Nesyri,MAR,FW,Sevilla,25,1997,2.7,28,20,8,0,0,0,2,0,0,0,0,0,19,0,1
Ricardo Esgaio,POR,"DF,MF",Sporting CP,29,1993,1.2,49,43,6,0,0,1,1,6,0,0,0,0,34,0,2
Dario Essugo,POR,MF,Sporting CP,17,2005,0.3,10,10,0,0,0,0,1,0,0,0,0,0,7,0,0
Stephen Eustáquio,CAN,MF,Porto,25,1996,6.6,292,268,24,13,2,0,22,0,11,6,2,0,209,0,5
Evanilson,BRA,FW,Porto,22,1999,5.7,134,129,5,1,1,0,1,1,0,0,0,0,109,0,2
Fabinho,BRA,MF,Liverpool,28,1993,7,460,442,16,16,1,2,1,0,0,0,0,0,405,2,5
Nicolò Fagioli,ITA,MF,Juventus,21,2001,1.2,70,68,2,2,0,0,1,0,0,0,0,0,67,0,0
Rasmus Falk,DEN,MF,FC Copenhagen,30,1992,2.1,101,100,1,1,0,0,0,0,0,0,0,0,89,0,5
Abdul Fatawu Issahaku,GHA,"MF,DF",Sporting CP,18,2004,1,27,19,8,0,0,0,2,5,3,2,0,0,20,0,0
Ansu Fati,ESP,FW,Barcelona,19,2002,2.7,105,102,3,0,0,0,4,1,2,2,0,0,90,0,1
Felipe,BRA,DF,Atlético Madrid,33,1989,1,54,54,0,0,0,0,0,0,0,0,0,0,46,0,0
João Félix,POR,"FW,MF",Chelsea,22,1999,2.7,96,80,15,1,3,0,12,0,8,6,2,0,67,1,1
João Félix,POR,FW,Atlético Madrid,22,1999,2.4,97,91,5,1,0,2,6,1,1,0,0,0,78,1,1
Mateus Fernandes,POR,MF,Sporting CP,18,2004,0.3,9,9,0,0,0,0,0,0,0,0,0,0,4,0,0
Enzo Fernández,ARG,MF,Benfica,21,2001,4.7,335,316,19,11,0,5,9,0,8,4,1,0,298,0,3
Enzo Fernández,ARG,MF,Chelsea,21,2001,3.7,269,261,6,5,1,2,5,0,1,1,0,0,226,2,3
Fernando,BRA,FW,RB Salzburg,23,1999,0.7,10,9,1,1,0,0,0,0,0,0,0,0,9,0,1
Fernando,BRA,MF,Sevilla,35,1987,1,72,70,2,2,0,2,0,0,0,0,0,0,69,0,1
Roberto Firmino,BRA,"FW,MF",Liverpool,30,1991,4.6,203,195,8,0,0,0,1,2,0,0,0,0,164,0,6
Phil Foden,ENG,"MF,FW",Manchester City,22,2000,4.3,232,218,14,5,3,2,22,1,7,1,6,0,190,0,11
Wesley Fofana,FRA,DF,Chelsea,21,2000,4.4,214,202,12,8,0,0,1,4,0,0,0,0,192,0,2
Bernardo Folha,POR,MF,Porto,20,2002,0.1,10,9,1,1,0,0,0,0,0,0,0,0,8,0,0
James Forrest,SCO,FW,Celtic,31,1991,1,55,55,0,0,0,0,10,0,0,0,0,0,38,0,0
Emil Forsberg,SWE,"MF,FW",RB Leipzig,30,1991,4.5,150,141,9,1,3,1,2,1,2,0,2,0,132,0,3
Fraser Forster,ENG,GK,Tottenham,34,1988,2,55,43,12,2,0,0,0,0,0,0,0,0,47,0,0
Timothy Fosu-Mensah,NED,"MF,DF",Leverkusen,24,1998,0.1,5,5,0,0,0,0,0,0,0,0,0,0,4,0,0
Lassina Franck Traoré,BFA,FW,Shakhtar,21,2001,2.7,49,42,6,0,1,0,0,0,0,0,0,0,35,1,3
André Franco,POR,MF,Porto,24,1998,0.2,19,15,4,1,0,0,6,0,3,2,1,0,12,0,0
Jeremie Frimpong,NED,"MF,FW",Leverkusen,21,2000,4.2,153,133,20,2,0,0,10,18,0,0,0,0,114,0,8
Kyogo Furuhashi,JPN,FW,Celtic,27,1995,4,55,44,11,1,0,0,3,1,0,0,0,0,38,0,2
Matteo Gabbia,ITA,DF,Milan,22,1999,2.3,106,100,6,1,0,1,0,1,0,0,0,0,94,0,0
Gianluca Gaetano,ITA,MF,Napoli,22,2000,0.3,36,35,1,1,0,0,0,0,0,0,0,0,32,0,0
Roberto Gagliardini,ITA,MF,Inter,28,1994,1.3,51,50,0,0,0,0,1,0,0,0,0,0,43,1,2
Cody Gakpo,NED,"FW,MF",Liverpool,23,1999,1.7,45,41,4,0,0,0,4,1,0,0,0,0,35,0,1
Galeno,BRA,"FW,MF",Porto,24,1997,6.3,179,166,11,0,0,1,13,10,1,0,0,0,122,2,13
Conor Gallagher,ENG,MF,Chelsea,22,2000,3.3,164,160,4,0,1,2,10,0,3,0,3,0,141,0,2
Eric García,ESP,DF,Barcelona,21,2001,2.5,190,184,6,6,1,2,2,0,0,0,0,0,183,0,0
Federico Gatti,ITA,DF,Juventus,24,1998,2,67,64,3,2,0,3,1,0,0,0,0,0,61,0,0
Gavi,ESP,MF,Barcelona,17,2004,3.7,168,160,8,3,0,0,7,0,0,0,0,0,141,0,6
Gerson,BRA,MF,Marseille,25,1997,1.3,63,58,3,3,0,0,2,0,0,0,0,0,52,2,1
Giorgos Giakoumakis,GRE,FW,Celtic,27,1994,2.7,34,34,0,0,0,0,0,0,0,0,0,0,21,0,2
Samuel Gigot,FRA,DF,Marseille,28,1993,2.8,170,165,5,3,0,0,2,2,0,0,0,0,156,0,0
Bryan Gil,ESP,MF,Tottenham,21,2001,0.4,20,20,0,0,0,1,3,0,0,0,0,0,13,0,2
Gilberto,BRA,DF,Benfica,29,1993,2.2,172,153,18,3,0,0,6,15,0,0,0,0,140,1,9
Olivier Giroud,FRA,FW,Milan,35,1986,10.4,221,207,12,1,1,1,2,0,0,0,0,0,141,2,7
Serge Gnabry,GER,"FW,MF",Bayern Munich,27,1995,3.8,166,158,7,2,3,2,4,0,2,1,0,1,135,1,3
Sean Goldberg,ISR,DF,Maccabi Haifa,27,1995,6,266,253,13,9,0,3,0,4,0,0,0,0,227,0,3
Connor Goldson,ENG,DF,Rangers,29,1992,3.5,152,141,10,10,0,1,0,0,0,0,0,0,115,1,3
Joe Gomez,ENG,DF,Liverpool,25,1997,3.3,214,205,9,1,3,3,2,8,0,0,0,0,170,0,5
Papu Gómez,ARG,"FW,MF",Sevilla,34,1988,2.7,125,118,6,2,1,6,6,3,1,0,0,0,102,1,1
Sergio Gómez,ESP,"DF,MF",Manchester City,21,2000,3.4,293,266,27,2,0,2,15,24,1,0,1,0,259,0,5
Diogo Gonçalves,POR,"FW,MF",Benfica,25,1997,0.4,19,16,2,0,0,0,2,0,2,2,0,0,14,1,0
Pedro Gonçalves,POR,"MF,FW",Sporting CP,24,1998,4,127,120,7,4,1,2,4,0,2,2,0,0,92,0,1
Leon Goretzka,GER,MF,Bayern Munich,27,1995,6.7,314,311,3,1,1,1,4,2,0,0,0,0,274,0,3
Robin Gosens,GER,DF,Inter,28,1994,4.7,231,203,27,1,0,2,12,26,0,0,0,0,182,1,5
Mario Götze,GER,"MF,FW",Eint Frankfurt,30,1992,5.8,252,228,21,6,1,0,12,2,4,3,1,0,189,3,4
Lucas Gourna-Douath,FRA,MF,RB Salzburg,18,2003,3.5,154,152,1,1,0,0,1,0,0,0,0,0,118,1,2
Kamil Grabara,POL,GK,FC Copenhagen,23,1999,4,124,89,35,7,0,0,0,0,0,0,0,0,79,0,0
Ryan Gravenberch,NED,MF,Bayern Munich,20,2002,2.8,143,138,4,1,2,0,3,1,1,0,1,0,118,1,4
Ivo Grbić,CRO,GK,Atlético Madrid,26,1996,1,30,20,10,1,0,0,0,0,0,0,0,0,20,0,0
Jack Grealish,ENG,FW,Manchester City,26,1995,10.4,509,478,30,4,1,3,21,13,13,8,1,2,433,1,16
Antoine Griezmann,FRA,"FW,MF",Atlético Madrid,31,1991,4.5,245,225,19,3,3,3,20,2,12,11,0,1,190,1,3
Florian Grillitsch,AUT,MF,Ajax,26,1995,0.7,41,37,4,4,0,0,3,0,0,0,0,0,34,0,1
Álex Grimaldo,ESP,DF,Benfica,26,1995,10,664,569,94,15,1,3,27,76,3,0,3,0,558,1,16
Marko Grujić,SRB,MF,Porto,26,1996,3.1,145,142,2,2,0,1,2,0,0,0,0,0,124,1,5
Nemanja Gudelj,SRB,"DF,MF",Sevilla,30,1991,5.5,328,309,19,16,0,6,0,2,0,0,0,0,296,0,2
Gonçalo Guedes,POR,"FW,MF",Benfica,25,1996,0.5,19,19,0,0,0,0,1,0,0,0,0,0,13,0,2
Mattéo Guendouzi,FRA,MF,Marseille,23,1999,4.6,257,245,10,1,0,0,5,5,2,0,0,0,223,2,3
Raphaël Guerreiro,POR,DF,Dortmund,28,1993,5.3,311,248,63,11,0,0,10,48,4,0,3,0,253,0,5
Pape Gueye,SEN,MF,Marseille,23,1999,0.4,51,50,1,1,0,2,0,0,0,0,0,0,47,0,0
Péter Gulácsi,HUN,GK,RB Leipzig,32,1990,2.1,64,52,12,0,0,0,0,0,0,0,0,0,51,0,0
İlkay Gündoğan,GER,MF,Manchester City,31,1990,11,755,732,21,13,2,4,8,1,3,1,1,1,672,2,12
Joško Gvardiol,CRO,DF,RB Leipzig,20,2002,6,476,466,9,7,0,10,0,2,0,0,0,0,423,1,5
Erling Haaland,NOR,FW,Manchester City,22,2000,9.3,123,116,7,0,0,0,1,0,0,0,0,0,91,0,7
Amadou Haidara,MLI,MF,RB Leipzig,24,1998,3.8,191,190,0,0,1,0,0,0,0,0,0,0,173,1,2
Achraf Hakimi,MAR,"DF,MF",Paris S-G,23,1998,6.4,378,361,15,0,0,1,11,15,0,0,0,0,332,2,6
Sead Haksabanović,MNE,"MF,FW",Celtic,23,1999,2.5,107,91,16,4,1,2,18,1,9,4,2,0,78,0,2
Sébastien Haller,CIV,FW,Dortmund,28,1994,1.6,50,47,3,0,0,0,0,0,0,0,0,0,34,0,3
Marcel Halstenberg,GER,DF,RB Leipzig,30,1991,1.9,116,96,20,4,0,0,10,15,1,0,0,0,98,0,2
Amine Harit,MAR,MF,Marseille,25,1997,4.2,215,192,20,3,2,3,13,1,14,4,4,0,181,3,2
Joe Hart,ENG,GK,Celtic,35,1987,6,174,135,39,7,0,0,0,0,0,0,0,0,162,0,0
Makoto Hasebe,JPN,DF,Eint Frankfurt,38,1984,2.9,153,148,5,5,0,2,0,0,0,0,0,0,125,0,0
Reo Hatate,JPN,MF,Celtic,24,1997,5,242,240,2,1,3,2,1,1,0,0,0,0,188,0,3
Milan Havel,CZE,DF,Viktoria Plzeň,27,1994,4.7,127,101,25,2,0,0,10,23,0,0,0,0,92,1,3
Kai Havertz,GER,"FW,MF",Chelsea,23,1999,6.9,268,258,7,0,1,2,7,3,0,0,0,0,206,3,6
Eden Hazard,BEL,"FW,MF",Real Madrid,31,1991,1.5,66,63,3,0,0,0,0,2,0,0,0,0,58,0,1
Thorgan Hazard,BEL,"DF,FW",Dortmund,29,1993,2.2,98,81,17,4,0,1,7,9,4,3,1,0,75,0,3
Dolev Haziz,ISR,DF,Maccabi Haifa,27,1995,2.3,140,109,30,2,0,2,15,20,8,0,1,0,101,1,5
Lukáš Hejda,CZE,DF,Viktoria Plzeň,32,1990,5.7,84,80,3,3,0,0,1,0,0,0,0,0,73,1,2
Jordan Henderson,ENG,MF,Liverpool,32,1990,3.1,212,204,7,4,3,1,2,1,0,0,0,0,185,1,3
Jack Hendry,SCO,DF,Club Brugge,27,1995,1,56,55,1,1,0,1,0,0,0,0,0,0,44,0,0
Benjamin Henrichs,GER,"DF,MF",RB Leipzig,25,1997,2.2,94,82,12,0,1,1,5,12,0,0,0,0,76,0,1
Mario Hermoso,ESP,DF,Atlético Madrid,27,1995,1.8,120,116,4,2,0,1,4,2,0,0,0,0,109,0,0
Lucas Hernández,FRA,DF,Bayern Munich,26,1996,1.9,135,133,1,0,0,2,0,0,0,0,0,0,118,1,2
Theo Hernández,FRA,DF,Milan,24,1997,10.5,532,422,109,20,1,4,20,81,8,2,6,0,444,1,19
Son Heung-min,KOR,"MF,FW",Tottenham,30,1992,6.9,201,160,38,12,0,1,33,3,23,15,2,0,135,3,9
Piero Hincapié,ECU,DF,Leverkusen,20,2002,5,308,285,23,7,0,0,6,13,0,0,0,0,251,0,8
Adam Hložek,CZE,"MF,FW",Leverkusen,20,2002,3.1,88,86,2,0,1,0,1,1,0,0,0,0,65,0,0
Libor Holík,CZE,DF,Viktoria Plzeň,24,1998,3.2,85,60,25,1,0,0,15,24,0,0,0,0,55,0,2
Lukáš Hrádecký,FIN,GK,Leverkusen,32,1989,6,203,155,47,12,0,0,0,0,0,0,0,0,160,1,0
Callum Hudson-Odoi,ENG,FW,Leverkusen,21,2000,5.1,215,198,13,5,2,4,11,2,5,3,0,0,173,4,3
Mats Hummels,GER,DF,Dortmund,33,1988,3.5,224,218,5,5,0,5,0,0,0,0,0,0,190,1,3
Pierre Højbjerg,DEN,MF,Tottenham,26,1995,6.9,449,434,12,4,0,6,7,3,0,0,0,0,396,3,3
Samuel Iling-Junior,ENG,DF,Juventus,18,2003,0.2,8,8,0,0,0,0,4,0,0,0,0,0,4,0,0
Gonçalo Inácio,POR,DF,Sporting CP,20,2001,6,378,355,22,19,0,4,0,1,0,0,0,0,330,1,2
Isco,ESP,"MF,FW",Sevilla,30,1992,4.4,198,185,12,7,1,2,4,0,4,0,3,0,168,1,6
Franco Israel,URU,GK,Sporting CP,22,2000,1.7,70,40,30,8,0,0,0,0,0,0,0,0,43,0,0
Luka Ivanušec,CRO,MF,Dinamo Zagreb,23,1998,5.8,215,211,4,1,0,3,4,3,0,0,0,0,175,0,6
Ryan Jack,SCO,MF,Rangers,30,1992,2.1,77,77,0,0,0,0,3,0,0,0,0,0,61,0,1
Kristijan Jakić,CRO,DF,Eint Frankfurt,25,1997,6.8,375,329,46,6,0,4,11,40,0,0,0,0,291,0,6
Reece James,ENG,"DF,MF",Chelsea,22,1999,7.7,528,461,65,9,0,5,40,52,4,2,1,0,435,2,18
Adnan Januzaj,BEL,"FW,MF",Sevilla,27,1995,0.6,19,18,1,0,0,0,1,0,1,1,0,0,15,0,1
Luis Javier Suárez,COL,FW,Marseille,24,1997,1.3,32,31,1,0,0,0,1,0,0,0,0,0,21,0,1
Elias Jelert,DEN,"DF,MF",FC Copenhagen,19,2003,2.1,90,74,16,1,0,1,4,15,0,0,0,0,72,0,2
Václav Jemelka,CZE,DF,Viktoria Plzeň,27,1995,4,122,97,23,5,0,3,4,18,0,0,0,0,96,2,6
Valdemar Jensen,DEN,DF,FC Copenhagen,19,2003,3.4,167,163,3,2,0,4,0,1,0,0,0,0,145,1,0
Moritz Jenz,GER,DF,Celtic,23,1999,6,457,445,12,11,0,1,0,1,0,0,0,0,427,0,1
Juan Jesus,BRA,DF,Napoli,31,1991,2.3,151,146,4,4,0,0,0,0,0,0,0,0,137,1,2
Erik Jirka,SVK,"FW,MF",Viktoria Plzeň,24,1997,3,74,70,4,0,0,0,4,2,0,0,0,0,49,0,4
Ísak Jóhannesson,ISL,"FW,MF",FC Copenhagen,19,2003,3.2,83,70,13,3,2,3,14,0,10,8,1,0,56,0,4
Curtis Jones,ENG,"FW,MF",Liverpool,21,2001,1.1,45,44,0,0,0,0,1,0,0,0,0,0,36,1,1
Frenkie de Jong,NED,MF,Barcelona,25,1997,2.6,175,167,7,5,2,0,4,1,0,0,0,0,152,1,7
Joan Jordán,ESP,MF,Sevilla,28,1994,2.9,171,165,6,6,1,2,1,0,0,0,0,0,157,0,1
Jorginho,ITA,MF,Chelsea,30,1991,4.6,361,345,14,14,2,0,1,0,0,0,0,0,334,2,2
Jota,POR,FW,Celtic,23,1999,3.2,111,99,12,0,1,0,15,7,5,2,0,0,84,0,4
Diogo Jota,POR,"FW,MF",Liverpool,25,1996,2.9,95,93,1,0,0,0,2,0,0,0,0,0,74,1,2
Vinicius Júnior,BRA,FW,Real Madrid,22,2000,10.8,432,422,9,2,2,8,21,4,2,0,0,0,333,1,21
Josip Juranović,CRO,DF,Celtic,26,1995,6,342,289,51,5,0,0,19,46,0,0,0,0,281,2,10
Jutglà,ESP,FW,Club Brugge,23,1999,5.7,131,117,14,0,0,1,1,0,2,0,0,0,94,0,4
Issa Kaboré,BFA,DF,Marseille,21,2001,1.3,51,45,6,0,0,0,5,6,0,0,0,0,44,0,2
Pierre Kalulu,FRA,DF,Milan,22,2000,8.3,481,449,32,11,0,2,4,21,0,0,0,0,422,0,2
Lukáš Kalvach,CZE,MF,Viktoria Plzeň,27,1995,5.5,238,207,31,18,0,4,23,0,13,5,4,0,171,0,7
Daichi Kamada,JPN,"MF,FW",Eint Frankfurt,25,1996,7.7,316,294,20,9,1,4,14,0,8,4,3,0,250,2,6
Glen Kamara,FIN,MF,Rangers,26,1995,1.4,40,37,3,3,0,0,0,0,0,0,0,0,39,0,0
Dijon Kameri,KVX,MF,RB Salzburg,18,2004,1.3,41,38,3,0,0,1,2,0,0,0,0,0,32,0,1
Kevin Kampl,SVN,MF,RB Leipzig,31,1990,3,185,179,5,4,1,0,0,1,0,0,0,0,174,1,0
Harry Kane,ENG,FW,Tottenham,29,1993,8,251,235,12,4,6,2,9,4,0,0,0,0,160,4,9
N'Golo Kanté,FRA,MF,Chelsea,31,1991,1.8,79,79,0,0,1,0,5,0,0,0,0,0,64,0,3
Mamoudou Karamoko,FRA,FW,FC Copenhagen,22,1999,0.5,3,3,0,0,0,0,0,0,0,0,0,0,2,0,0
Moise Kean,ITA,"FW,MF",Juventus,22,2000,1.2,18,17,1,0,0,1,2,0,0,0,0,0,12,0,1
Ryan Kent,ENG,"FW,MF",Rangers,25,1996,5.6,120,105,15,0,1,0,9,2,2,0,0,0,98,0,4
Franck Kessié,CIV,MF,Barcelona,25,1996,3,185,180,5,4,0,1,6,1,0,0,0,0,160,0,3
Davit Khocholava,GEO,DF,FC Copenhagen,29,1993,4.8,222,219,3,3,0,1,0,0,0,0,0,0,191,0,1
Joshua Kimmich,GER,MF,Bayern Munich,27,1995,9,710,639,66,31,5,4,40,7,28,15,12,0,619,5,3
Presnel Kimpembe,FRA,DF,Paris S-G,26,1995,1.6,103,92,11,4,0,0,0,5,0,0,0,0,98,0,2
Leon King,SCO,DF,Rangers,18,2004,4.2,198,190,8,4,0,2,1,4,0,0,0,0,156,0,5
Simon Kjær,DEN,DF,Milan,33,1989,5.6,276,265,10,9,0,1,0,0,0,0,0,0,237,1,0
Maurits Kjærgaard,DEN,MF,RB Salzburg,19,2003,5.5,152,141,10,2,0,0,19,2,6,6,0,0,96,1,2
Davy Klaassen,NED,MF,Ajax,29,1993,2.4,66,65,1,1,0,0,1,0,0,0,0,0,59,0,1
Jan Kliment,CZE,FW,Viktoria Plzeň,28,1993,0.5,8,8,0,0,0,0,0,0,0,0,0,0,7,0,0
Lukas Klostermann,GER,DF,RB Leipzig,26,1996,0.6,21,18,1,0,0,0,0,1,0,0,0,0,17,2,0
Ansgar Knauff,GER,"DF,FW",Eint Frankfurt,20,2002,3.3,132,105,27,1,0,0,4,26,0,0,0,0,84,0,1
Gregor Kobel,SUI,GK,Dortmund,24,1997,3.5,143,112,30,12,0,0,0,0,0,0,0,0,109,1,0
Philipp Köhn,SUI,GK,RB Salzburg,24,1998,6,143,89,54,22,0,0,0,0,0,0,0,0,95,0,0
Sekou Koita,MLI,FW,RB Salzburg,22,1999,0.2,8,7,1,0,0,0,0,1,0,0,0,0,7,0,0
Koke,ESP,MF,Atlético Madrid,30,1992,3.7,260,248,11,8,0,3,3,2,1,0,0,0,230,1,1
Sead Kolašinac,BIH,DF,Marseille,29,1993,1.7,118,108,10,6,0,0,0,4,0,0,0,0,102,0,1
Randal Kolo Muani,FRA,FW,Eint Frankfurt,23,1998,5.7,95,86,6,0,0,0,4,0,0,0,0,0,61,3,1
Ibrahima Konaté,FRA,DF,Liverpool,23,1999,2.9,139,133,5,4,0,2,0,1,0,0,0,0,106,1,0
Geoffrey Kondogbia,CTA,MF,Atlético Madrid,29,1993,2.5,210,206,2,1,0,9,2,1,0,0,0,0,182,2,1
Yukhym Konoplia,UKR,DF,Shakhtar,22,1999,4.6,212,177,32,3,0,2,5,29,0,0,0,0,175,3,9
Jan Kopic,CZE,"FW,MF",Viktoria Plzeň,32,1990,0.9,19,17,2,0,0,0,2,0,0,0,0,0,14,0,0
Odilon Kossonou,CIV,DF,Leverkusen,21,2001,4.8,314,290,24,6,1,2,2,18,0,0,0,0,260,0,6
Filip Kostić,SRB,"DF,FW",Juventus,29,1992,4.8,249,226,21,6,0,1,41,11,4,1,3,0,172,2,8
Kalidou Koulibaly,SEN,DF,Chelsea,31,1991,6.3,360,349,9,9,0,5,0,0,0,0,0,0,318,2,2
Jules Koundé,FRA,DF,Barcelona,23,1998,2.7,221,207,14,2,0,2,2,12,0,0,0,0,200,0,0
Mateo Kovačić,CRO,MF,Chelsea,28,1994,6.9,498,484,11,10,1,2,0,1,0,0,0,0,435,3,9
Adam Kronus,CZE,FW,Viktoria Plzeň,20,2002,0,4,4,0,0,0,0,0,0,0,0,0,0,2,0,0
Toni Kroos,GER,MF,Real Madrid,32,1990,9.4,909,830,75,40,0,11,28,3,32,11,8,0,831,4,11
Rade Krunić,BIH,"MF,FW",Milan,28,1993,9.1,343,328,13,9,0,4,1,4,0,0,0,0,283,2,6
Dmytro Kryskiv,UKR,MF,Shakhtar,21,2000,0.1,4,4,0,0,0,0,0,0,0,0,0,0,4,0,0
Serhiy Kryvtsov,UKR,DF,Shakhtar,31,1991,0.1,0,0,0,0,0,0,0,0,0,0,0,0,0,0,0
Dejan Kulusevski,SWE,"MF,DF",Tottenham,22,2000,2.2,93,83,8,1,0,0,10,1,3,0,0,0,69,2,1
Khvicha Kvaratskhelia,GEO,FW,Napoli,21,2001,7.7,288,270,16,3,7,6,17,7,6,3,0,0,212,2,10
Konrad Laimer,AUT,"MF,FW",RB Leipzig,25,1997,2.9,91,88,3,1,0,0,2,2,0,0,0,0,74,0,1
Érik Lamela,ARG,"FW,MF",Sevilla,30,1992,3.1,121,118,2,0,1,1,3,1,0,0,0,0,97,1,1
Noa Lang,NED,FW,Club Brugge,23,1999,3.2,150,123,24,4,0,1,20,7,10,7,0,0,103,3,8
Aymeric Laporte,ESP,DF,Manchester City,28,1994,3.2,270,266,4,1,0,2,0,3,0,0,0,0,252,0,2
Cyle Larin,CAN,"FW,MF",Club Brugge,27,1995,0.1,1,1,0,0,0,0,0,0,0,0,0,0,1,0,0
Rasmus Lauritsen,DEN,DF,Dinamo Zagreb,26,1996,0.2,0,0,0,0,0,0,0,0,0,0,0,0,0,0,0
Neta Lavi,ISR,MF,Maccabi Haifa,25,1996,5.2,274,266,7,7,1,0,2,0,0,0,0,0,229,1,5
Rafael Leão,POR,"FW,MF",Milan,23,1999,10.1,250,243,7,0,1,4,25,5,0,0,0,0,175,0,13
Thomas Lemar,FRA,MF,Atlético Madrid,26,1995,1.2,64,57,6,2,0,3,6,0,4,2,1,0,50,1,1
Clément Lenglet,FRA,DF,Tottenham,27,1995,5.6,347,335,12,6,0,1,5,6,0,0,0,0,293,0,2
Christopher Lenz,GER,DF,Eint Frankfurt,27,1994,2.5,118,85,32,5,0,0,9,24,3,2,0,1,84,1,4
Lukas Lerager,DEN,MF,FC Copenhagen,29,1993,5,164,160,4,2,1,2,4,2,0,0,0,0,127,0,3
Robert Lewandowski,POL,FW,Barcelona,33,1988,4.9,131,124,5,0,5,0,6,0,0,0,0,0,86,2,5
Rico Lewis,ENG,DF,Manchester City,17,2004,1.3,97,92,5,1,0,0,1,4,0,0,0,0,88,0,0
Matthijs de Ligt,NED,DF,Bayern Munich,22,1999,6.8,474,466,7,6,0,2,0,1,0,0,0,0,440,1,1
Jesper Lindstrøm,DEN,"MF,FW",Eint Frankfurt,22,2000,5.6,133,122,11,2,1,0,10,3,5,1,4,0,87,0,8
Dominik Livaković,CRO,GK,Dinamo Zagreb,27,1995,6,253,150,103,27,0,0,0,0,0,0,0,0,172,0,0
Robert Ljubicic,AUT,"FW,DF",Dinamo Zagreb,23,1999,6,363,299,64,14,0,8,9,50,0,0,0,0,272,0,14
Marcos Llorente,ESP,"MF,FW",Atlético Madrid,27,1995,2.4,117,108,7,0,0,0,3,7,0,0,0,0,98,2,5
Hugo Lloris,FRA,GK,Tottenham,35,1986,6,176,129,47,5,0,0,0,0,0,0,0,0,150,0,0
Danny Loader,ENG,"FW,MF",Porto,21,2000,0.6,25,20,3,0,0,0,1,0,0,0,0,0,19,2,0
Stanislav Lobotka,SVK,MF,Napoli,27,1994,9.7,632,617,15,12,0,3,2,1,0,0,0,0,582,0,7
Manuel Locatelli,ITA,MF,Juventus,24,1998,2.5,196,186,9,5,1,2,6,1,3,3,0,0,170,1,1
Ruben Loftus-Cheek,ENG,MF,Chelsea,26,1996,3.2,189,184,3,2,0,2,1,0,0,0,0,0,166,2,1
Pau López,ESP,GK,Marseille,27,1994,6,177,142,34,9,0,1,0,0,0,0,0,0,135,1,0
Alexander lowry,SCO,MF,Rangers,19,2003,0.1,3,3,0,0,0,0,0,0,0,0,0,0,2,0,0
Hirving Lozano,MEX,FW,Napoli,27,1995,5.2,158,152,4,1,0,0,20,2,1,0,1,0,112,2,5
Florentino Luís,POR,MF,Benfica,22,1999,9.5,553,546,6,6,0,5,1,0,0,0,0,0,490,1,7
Romelu Lukaku,BEL,FW,Inter,29,1993,2.1,54,52,1,0,1,1,1,0,0,0,0,0,39,1,1
John Lundstram,ENG,"MF,DF",Rangers,28,1994,5,217,209,4,2,0,3,2,2,0,0,0,0,173,4,1
Andriy Lunin,UKR,GK,Real Madrid,23,1999,2,43,32,11,2,0,0,0,0,0,0,0,0,41,0,0
Mahir Madatov,AZE,FW,Dinamo Zagreb,25,1997,0.2,7,7,0,0,0,0,0,0,0,0,0,0,6,0,0
Daizen Maeda,JPN,FW,Celtic,24,1997,3.7,71,71,0,0,0,0,6,0,0,0,0,0,51,0,5
Riyad Mahrez,ALG,"FW,MF",Manchester City,31,1991,5.6,319,289,30,4,0,7,20,11,15,7,1,1,275,0,4
Mike Maignan,FRA,GK,Milan,27,1995,7,260,197,63,14,0,0,0,0,0,0,0,0,217,0,1
Donyell Malen,NED,"FW,MF",Dortmund,23,1999,2.8,54,49,5,0,0,0,1,1,2,0,1,0,41,0,2
Reinildo Mandava,MOZ,DF,Atlético Madrid,28,1994,5.7,383,351,31,4,0,1,5,27,0,0,0,0,339,1,5
Sadio Mané,SEN,FW,Bayern Munich,30,1992,6.1,206,198,7,0,4,0,5,4,0,0,0,0,161,1,10
Iván Marcano,ESP,DF,Porto,35,1987,3,182,170,12,6,1,2,1,1,0,0,0,0,161,0,1
Marcão,BRA,DF,Sevilla,26,1996,2.5,164,162,2,2,0,1,0,0,0,0,0,0,141,0,1
José María Giménez,URU,DF,Atlético Madrid,27,1995,4.5,288,281,6,6,0,2,1,0,0,0,0,0,253,1,1
Mariano,DOM,FW,Real Madrid,28,1993,0.1,4,4,0,0,0,0,0,0,0,0,0,0,2,0,0
Antonio Marin,CRO,FW,Dinamo Zagreb,21,2001,0.1,4,4,0,0,0,0,0,0,0,0,0,0,3,0,0
João Mário,POR,FW,Benfica,29,1993,9.6,503,479,24,8,2,3,25,5,11,5,3,0,429,0,10
João Mário Lopes,POR,DF,Porto,22,2000,3,104,83,21,2,0,1,8,19,0,0,0,0,78,0,2
Marquinhos,BRA,DF,Paris S-G,28,1994,7.3,409,387,22,13,1,1,0,2,0,0,0,0,379,0,2
José Marsà,ESP,DF,Sporting CP,20,2002,1.1,27,26,1,1,0,0,0,0,0,0,0,0,24,0,0
Lautaro Martínez,ARG,FW,Inter,24,1997,11.1,229,213,15,0,2,0,3,0,0,0,0,0,161,1,8
Toni Martínez,ESP,FW,Porto,25,1997,1.3,40,39,1,0,0,0,2,0,0,0,0,0,21,0,1
Clinton Mata,ANG,DF,Club Brugge,29,1992,1.8,125,111,14,2,0,0,3,12,0,0,0,0,96,0,4
Pape Matar Sarr,SEN,MF,Tottenham,19,2002,1,60,56,4,3,0,0,0,1,0,0,0,0,50,0,3
Joël Matip,CMR,DF,Liverpool,30,1991,2.7,175,172,3,3,0,0,0,0,0,0,0,0,155,0,0
Rabbi Matondo,WAL,"MF,FW",Rangers,21,2000,1.1,18,18,0,0,0,0,1,0,0,0,0,0,9,0,2
Mykola Matviyenko,UKR,DF,Shakhtar,26,1996,6,444,399,44,11,0,2,0,0,0,0,0,0,393,1,3
Philipp Max,GER,DF,Eint Frankfurt,28,1993,1.3,54,40,13,4,0,0,11,6,3,1,1,0,36,1,2
Eric Maxim Choupo-Moting,CMR,FW,Bayern Munich,33,1989,4.8,102,94,3,0,3,0,0,0,0,0,0,0,75,5,1
Noussair Mazraoui,MAR,DF,Bayern Munich,24,1997,4.4,312,271,40,4,0,1,8,36,0,0,0,0,260,1,5
Kylian Mbappé,FRA,FW,Paris S-G,23,1998,7.2,280,267,12,1,1,1,22,1,2,0,0,0,211,1,7
Chancel Mbemba,COD,DF,Marseille,27,1994,4.5,278,269,6,4,0,3,9,2,0,0,0,0,226,3,5
James McCarthy,IRL,MF,Celtic,31,1990,0.1,10,10,0,0,0,0,0,0,0,0,0,0,8,0,1
Allan McGregor,SCO,GK,Rangers,40,1982,5,196,132,62,11,0,0,0,0,0,0,0,0,121,2,0
Callum McGregor,SCO,MF,Celtic,29,1993,2.4,157,155,1,1,0,0,1,0,0,0,0,0,139,1,3
Weston McKennie,USA,MF,Juventus,23,1998,4,152,145,5,0,0,0,3,5,0,0,0,0,115,2,6
Jon McLaughlin,SCO,GK,Rangers,34,1987,1,31,24,7,2,0,0,0,0,0,0,0,0,21,0,0
Brandon Mechele,BEL,DF,Club Brugge,29,1993,8,462,453,9,8,0,5,0,0,0,0,0,0,402,0,2
Bjorn Meijer,NED,DF,Club Brugge,19,2003,6.4,308,252,54,2,2,1,8,52,0,0,0,0,226,2,8
Raz Meir,ISR,"DF,MF",Maccabi Haifa,25,1996,0.9,38,31,6,0,0,0,1,6,0,0,0,0,31,1,0
Arthur Melo,BRA,MF,Liverpool,25,1996,0.2,13,12,1,1,0,0,0,0,0,0,0,0,11,0,0
Memphis,NED,FW,Barcelona,28,1994,0.2,16,15,1,0,0,0,0,0,1,0,0,0,14,0,0
Sun Menachem,ISR,DF,Maccabi Haifa,28,1993,0.7,30,26,4,1,0,0,1,3,0,0,0,0,21,0,1
Nuno Mendes,POR,"DF,MF",Paris S-G,20,2002,4.9,220,183,36,2,1,4,12,33,1,0,1,0,162,1,11
Edouard Mendy,SEN,GK,Chelsea,30,1992,1,25,21,4,1,0,0,0,0,0,0,0,0,23,0,0
Ferland Mendy,FRA,DF,Real Madrid,27,1995,3.9,304,284,20,1,0,1,2,19,0,0,0,0,289,0,3
Alex Meret,ITA,GK,Napoli,25,1997,10,316,229,86,16,0,0,0,0,0,0,0,0,279,1,0
Lionel Messi,ARG,"FW,MF",Paris S-G,35,1987,6.8,413,384,27,6,8,1,14,1,15,7,5,0,352,2,9
Junior Messias,BRA,"FW,DF",Milan,31,1991,3.5,104,96,8,0,0,0,9,8,0,0,0,0,76,0,2
Thomas Meunier,BEL,DF,Dortmund,30,1991,3.9,259,218,40,3,1,0,11,37,0,0,0,0,202,1,6
Alexander Meyer,GER,GK,Dortmund,31,1991,4.5,198,145,52,8,0,0,0,0,0,0,0,0,165,1,0
Simon Mignolet,BEL,GK,Club Brugge,34,1988,8,324,216,107,31,0,1,0,0,0,0,0,0,237,1,0
Arkadiusz Milik,POL,FW,Juventus,28,1994,3.8,87,82,4,0,0,1,3,0,0,0,0,0,64,1,2
Éder Militão,BRA,DF,Real Madrid,24,1998,8.3,489,446,41,16,2,8,2,2,0,0,0,0,422,2,7
James Milner,ENG,MF,Liverpool,36,1986,2.7,153,148,4,2,1,2,7,1,0,0,0,0,124,1,4
Kim Min-jae,KOR,DF,Napoli,25,1996,8.7,612,597,15,14,1,4,0,1,0,0,0,0,538,0,1
Rafa Mir,ESP,"MF,FW",Sevilla,25,1997,1.7,34,33,1,0,0,0,0,0,0,0,0,0,21,0,1
Fabio Miretti,ITA,"MF,FW",Juventus,18,2003,2.4,96,92,3,1,0,3,5,0,2,1,1,0,67,1,5
Josip Mišić,CRO,MF,Dinamo Zagreb,28,1994,5.8,285,270,14,11,0,8,3,1,0,0,0,0,255,1,1
Henrikh Mkhitaryan,ARM,MF,Inter,33,1989,10.1,384,376,6,3,1,3,8,2,1,1,0,0,308,2,17
Anthony Modeste,FRA,FW,Dortmund,34,1988,3.8,44,44,0,0,0,0,3,0,0,0,0,0,27,0,1
Luka Modrić,CRO,MF,Real Madrid,36,1985,8.3,598,566,32,14,3,6,21,1,14,3,6,0,526,0,3
Ali Mohamed,NIG,MF,Maccabi Haifa,26,1995,4,224,219,4,2,0,3,1,0,1,0,0,0,190,1,5
Kudus Mohammed,GHA,FW,Ajax,21,2000,5,123,107,15,0,0,1,2,1,0,0,0,0,102,1,2
Sadegh Moharrami,IRN,"FW,DF",Dinamo Zagreb,26,1996,4.5,183,171,12,1,0,0,15,11,0,0,0,0,148,0,4
Nahuel Molina,ARG,"DF,MF",Atlético Madrid,24,1998,5.2,364,311,51,2,2,0,38,45,4,3,1,0,266,2,5
Gonzalo Montiel,ARG,DF,Sevilla,25,1997,2.5,142,124,17,5,0,0,7,12,0,0,0,0,114,1,2
Aaron Mooy,AUS,MF,Celtic,31,1990,1.7,139,131,8,1,0,1,13,2,5,1,1,0,111,0,4
Álvaro Morata,ESP,FW,Atlético Madrid,29,1992,3.3,59,53,6,0,0,0,2,0,0,0,0,0,39,0,3
Morato,BRA,DF,Benfica,21,2001,1.2,108,106,2,2,0,1,1,0,0,0,0,0,99,0,1
Alfredo Morelos,COL,FW,Rangers,26,1996,2.8,63,57,6,0,1,2,1,1,0,0,0,0,41,0,4
Hidemasa Morita,JPN,MF,Sporting CP,27,1995,3.7,149,145,4,3,0,3,0,1,0,0,0,0,116,0,5
Jhon Mosquera,COL,"FW,MF",Viktoria Plzeň,32,1990,4.8,132,115,16,2,0,0,10,14,0,0,0,0,81,1,9
Youssoufa Moukoko,GER,"FW,MF",Dortmund,17,2004,2.7,43,39,3,0,0,0,1,0,0,0,0,0,35,1,2
Mason Mount,ENG,MF,Chelsea,23,1999,4.9,272,253,15,3,1,4,21,4,7,0,6,0,217,4,6
Lucas Moura,BRA,"FW,MF",Tottenham,29,1992,1.9,61,58,2,0,0,1,4,2,0,0,0,0,37,1,2
Mykhailo Mudryk,UKR,"FW,DF",Chelsea,21,2001,1,24,24,0,0,1,0,3,0,0,0,0,0,14,0,3
Mykhailo Mudryk,UKR,MF,Shakhtar,21,2001,5.7,154,137,17,7,5,0,21,1,9,3,5,1,111,0,3
Paul Mukairu,NGA,FW,FC Copenhagen,22,2000,0.5,6,6,0,0,0,0,0,0,0,0,0,0,4,0,0
Nordi Mukiele,FRA,"DF,MF",Paris S-G,24,1997,1.2,48,48,0,0,0,0,2,0,0,0,0,0,36,0,4
Thomas Müller,GER,"MF,FW",Bayern Munich,32,1989,4.1,164,158,6,2,0,1,3,1,0,0,0,0,131,0,2
Petar Musa,CRO,FW,Benfica,24,1998,1.4,45,44,1,0,0,0,0,0,0,0,0,0,30,0,0
Jamal Musiala,GER,"MF,FW",Bayern Munich,19,2003,5.9,219,214,3,0,1,1,1,0,1,1,0,0,191,2,7
Bohdan Mykhaylychenko,UKR,DF,Shakhtar,25,1997,4,204,184,19,2,0,0,5,17,0,0,0,0,166,1,3
Obite N'Dicka,FRA,DF,Eint Frankfurt,22,1999,8,412,400,12,9,0,1,1,3,0,0,0,0,346,0,5
Nacho,ESP,DF,Real Madrid,32,1990,4.9,314,278,36,4,0,1,0,32,0,0,0,0,286,0,5
Jesús Navas,ESP,"DF,MF",Sevilla,36,1985,2.5,112,91,20,1,0,0,10,19,0,0,0,0,85,1,5
Flávio Nazinho,POR,"DF,MF",Sporting CP,19,2003,1.3,22,19,3,0,0,0,1,3,0,0,0,0,14,0,0
Tanguy Ndombele,FRA,MF,Napoli,25,1996,4.1,266,260,5,4,3,3,1,0,0,0,0,0,231,1,4
David Neres,BRA,"FW,MF",Benfica,25,1997,4.9,218,201,17,2,2,2,21,2,13,6,0,0,159,0,11
Luís Neto,POR,DF,Sporting CP,34,1988,0.4,36,36,0,0,0,0,0,0,0,0,0,0,34,0,0
Manuel Neuer,GER,GK,Bayern Munich,36,1986,3,121,94,26,4,0,0,0,0,0,0,0,0,98,1,0
João Neves,POR,"FW,MF",Benfica,17,2004,0.3,42,41,1,1,0,0,1,0,0,0,0,0,37,0,1
Neymar,BRA,"MF,FW",Paris S-G,30,1992,6,392,350,38,17,4,2,19,3,15,8,3,0,320,4,5
Tanguy Nianzou,FRA,DF,Sevilla,20,2002,2,95,95,0,0,1,1,0,0,0,0,0,0,86,0,0
Casper Nielsen,DEN,MF,Club Brugge,28,1994,7.2,187,169,17,7,1,0,20,1,9,7,2,0,123,1,10
Saúl Ñíguez,ESP,"MF,DF",Atlético Madrid,27,1994,3.1,143,126,15,0,0,0,6,15,0,0,0,0,114,2,2
Christopher Nkunku,FRA,"MF,FW",RB Leipzig,24,1997,6.2,233,227,3,1,2,0,4,0,1,0,0,0,211,3,2
Hugo Novoa,ESP,MF,RB Leipzig,19,2003,0,4,4,0,0,0,0,0,0,0,0,0,0,3,0,1
Darwin Núñez,URU,FW,Liverpool,23,1999,4.4,98,96,2,0,1,0,11,1,0,0,0,0,62,0,6
Antonio Nusa,NOR,FW,Club Brugge,17,2005,0.6,18,18,0,0,0,0,0,0,0,0,0,0,15,0,0
Matt O'Riley,DEN,MF,Celtic,21,2000,5.3,274,254,20,5,2,1,11,2,7,2,2,0,224,0,4
Jan Oblak,SVN,GK,Atlético Madrid,29,1993,5,113,74,38,4,0,0,0,0,0,0,0,0,79,1,0
Lucas Ocampos,ARG,FW,Ajax,28,1994,0.2,13,12,0,0,0,0,0,0,0,0,0,0,11,1,0
Oleh Ocheretko,UKR,MF,Shakhtar,19,2003,0.2,6,6,0,0,0,0,0,0,0,0,0,0,4,0,0
Denis Odoi,GHA,"DF,MF",Club Brugge,34,1988,5.8,337,280,54,6,0,5,3,48,0,0,0,0,271,3,9
Noah Okafor,SUI,FW,RB Salzburg,22,2000,5.2,73,72,0,0,0,1,4,0,0,0,0,0,50,1,2
Mathías Olivera,URU,DF,Napoli,24,1997,5.7,395,328,67,11,0,3,7,56,0,0,0,0,329,0,1
Dani Olmo,ESP,"FW,MF",RB Leipzig,24,1998,0.7,32,29,3,1,1,0,3,0,2,0,1,0,18,0,1
André Onana,CMR,GK,Inter,26,1996,13,525,405,120,32,0,1,0,0,0,0,0,0,407,0,0
Raphael Onyedika,NGA,MF,Club Brugge,21,2001,6.3,274,265,8,8,0,5,0,0,0,0,0,0,232,1,5
Willi Orban,HUN,DF,RB Leipzig,29,1992,8,525,505,18,18,0,3,3,0,0,0,0,0,466,2,6
Divock Origi,BEL,FW,Milan,27,1995,1.7,47,45,2,1,1,0,2,0,0,0,0,0,33,0,2
Mislav Oršić,CRO,FW,Dinamo Zagreb,29,1992,5.4,172,151,21,3,2,1,16,3,13,3,3,0,121,0,9
Stefan Ortega,GER,GK,Manchester City,29,1992,2,52,40,12,2,0,0,0,0,0,0,0,0,50,0,0
Victor Osimhen,NGA,FW,Napoli,23,1998,4.7,51,49,2,0,0,0,3,0,0,0,0,0,34,0,1
Nicolás Otamendi,ARG,DF,Benfica,34,1988,8.8,539,528,10,8,0,13,0,2,0,0,0,0,482,1,4
Otávio,POR,MF,Porto,27,1995,5.8,263,215,47,20,2,2,14,10,11,4,4,0,200,1,11
Alex Oxlade-Chamberlain,ENG,MF,Liverpool,28,1993,0.2,11,10,1,0,0,0,0,1,0,0,0,0,9,0,1
Salih Özcan,TUR,MF,Dortmund,24,1998,6,291,281,10,10,1,4,1,0,0,0,0,0,249,0,4
Exequiel Palacios,ARG,MF,Leverkusen,23,1998,1,79,76,2,1,0,1,4,0,1,0,1,0,61,1,0
Cole Palmer,ENG,"MF,FW",Manchester City,20,2002,1.5,63,62,1,0,0,0,4,0,1,0,0,0,54,0,3
Antonios Papadopoulos,GER,"MF,FW",Dortmund,22,1999,0.1,6,6,0,0,0,0,0,0,0,0,0,0,2,0,1
Leandro Paredes,ARG,MF,Juventus,28,1994,3.9,240,212,28,20,0,1,10,3,5,3,1,0,214,0,3
Felix Passlack,GER,DF,Dortmund,24,1998,1,69,60,9,0,0,1,2,9,0,0,0,0,57,0,0
Remko Pasveer,NED,GK,Ajax,38,1983,6,283,234,47,14,0,1,0,0,0,0,0,0,187,2,1
Paulinho,POR,FW,Sporting CP,29,1992,2.6,81,76,5,0,0,1,0,0,0,0,0,0,61,0,1
Paulinho,BRA,FW,Leverkusen,22,2000,0.5,17,16,1,0,0,0,1,0,1,0,0,0,13,0,0
Benjamin Pavard,FRA,DF,Bayern Munich,26,1996,6.6,576,530,45,15,2,4,6,30,0,0,0,0,520,1,2
Strahinja Pavlović,SRB,DF,RB Salzburg,21,2001,6,219,211,8,8,0,3,1,0,0,0,0,0,153,0,6
Dimitri Payet,FRA,MF,Marseille,35,1987,0.9,58,55,2,2,0,1,5,0,0,0,0,0,46,1,2
Pedri,ESP,"MF,FW",Barcelona,19,2002,4.5,287,279,8,1,3,6,3,2,0,0,0,0,253,0,2
Luca Pellegrini,ITA,"DF,MF",Eint Frankfurt,23,1999,2.2,118,92,21,2,0,2,15,16,3,3,0,0,78,5,5
Iñaki Peña,ESP,GK,Barcelona,23,1999,1,39,29,10,2,0,0,0,0,0,0,0,0,37,0,0
Pepe,POR,DF,Porto,39,1983,4,202,189,13,12,0,1,0,1,0,0,0,0,166,0,2
Pepê,BRA,"DF,FW",Porto,25,1997,7.6,326,277,49,5,2,1,14,42,2,0,1,0,251,0,9
Danilo Pereira,POR,"DF,MF",Paris S-G,30,1991,5,339,309,30,6,1,2,0,15,0,0,0,0,317,0,2
Dino Perić,CRO,DF,Dinamo Zagreb,28,1994,6,304,291,13,13,0,0,1,0,0,0,0,0,260,0,1
Mattia Perin,ITA,GK,Juventus,29,1992,2,55,45,10,1,0,0,0,0,0,0,0,0,46,0,0
Ivan Perišić,CRO,"DF,MF",Tottenham,33,1989,6.4,284,221,62,6,0,4,54,41,15,11,3,0,189,1,7
Luděk Pernica,CZE,DF,Viktoria Plzeň,32,1990,5.5,139,128,11,4,0,1,0,3,0,0,0,0,121,0,0
Bruno Petković,CRO,FW,Dinamo Zagreb,27,1994,5.4,197,189,8,1,2,8,1,0,0,0,0,0,131,0,6
Ivan Petryak,UKR,MF,Shakhtar,28,1994,2,44,43,0,0,1,0,4,0,0,0,0,0,31,1,4
Kalvin Phillips,ENG,MF,Manchester City,26,1995,0.5,46,46,0,0,0,0,0,0,0,0,0,0,44,0,0
Frantzdy Pierrot,HAI,FW,Maccabi Haifa,27,1995,5.3,78,74,4,0,0,0,2,1,0,0,0,0,56,0,3
Václav Pilař,CZE,"FW,MF",Viktoria Plzeň,33,1988,1.4,47,44,2,1,0,1,4,1,0,0,0,0,33,1,1
Rodrigo Pinho,BRA,FW,Benfica,31,1991,0.2,1,1,0,0,0,0,0,0,0,0,0,0,1,0,0
Gerard Piqué,ESP,DF,Barcelona,35,1987,2.9,242,237,5,5,0,3,0,0,0,0,0,0,224,0,0
Tommaso Pobega,ITA,MF,Milan,23,1999,1.8,80,77,2,2,1,0,2,0,0,0,0,0,51,1,3
Suf Podgoreanu,ISR,DF,Maccabi Haifa,20,2002,0.1,0,0,0,0,0,0,0,0,0,0,0,0,0,0,0
Matteo Politano,ITA,FW,Napoli,28,1993,4.5,184,168,14,4,2,3,25,2,8,6,0,0,126,2,6
Pedro Porro,ESP,"DF,MF",Sporting CP,22,1999,4.4,234,179,53,15,0,3,22,34,4,0,3,0,162,2,6
Pedro Porro,ESP,DF,Tottenham,22,1999,0.4,32,21,11,2,0,0,8,6,3,0,3,0,23,0,0
Yussuf Poulsen,DEN,"FW,MF",RB Leipzig,28,1994,0.8,14,14,0,0,0,0,1,0,0,0,0,0,6,0,1
Christian Pulisic,USA,"DF,FW",Chelsea,23,1998,1.3,61,57,4,0,0,0,1,4,0,0,0,0,50,0,0
Adrien Rabiot,FRA,MF,Juventus,27,1995,5,240,235,5,2,1,0,8,3,0,0,0,0,204,0,5
Ivan Rakitić,CRO,MF,Sevilla,34,1988,4.6,245,238,6,4,1,6,4,1,0,0,0,0,207,1,7
Gonçalo Ramos,POR,FW,Benfica,21,2001,7.9,143,139,3,0,1,0,5,0,0,0,0,0,97,1,4
Sergio Ramos,ESP,DF,Paris S-G,36,1986,8,550,522,25,16,1,3,1,9,0,0,0,0,511,3,0
Calvin Ramsay,SCO,DF,Liverpool,19,2003,0,3,2,1,1,0,0,0,0,0,0,0,0,3,0,0
Raphinha,BRA,FW,Barcelona,25,1996,3.3,180,155,24,7,1,0,30,2,15,11,4,0,127,1,3
Giacomo Raspadori,ITA,FW,Napoli,22,2000,2.8,108,97,11,1,1,2,9,0,6,3,2,0,83,0,3
David Raum,GER,DF,RB Leipzig,24,1998,5.9,350,291,59,10,0,1,39,41,8,1,6,0,289,0,6
Ante Rebić,CRO,"FW,MF",Milan,28,1993,2.8,96,95,1,0,1,0,9,1,0,0,0,0,59,0,3
Matheus Reis,BRA,DF,Sporting CP,27,1995,5.7,334,309,25,7,0,0,0,18,0,0,0,0,295,0,4
Karim Rekik,NED,DF,Sevilla,27,1994,1,37,34,3,1,0,0,1,2,0,0,0,0,35,0,0
Devyne Rensch,NED,DF,Ajax,19,2003,3.2,130,105,23,4,0,0,1,19,0,0,0,0,106,2,5
Marco Reus,GER,"MF,FW",Dortmund,33,1989,2.9,99,92,7,2,0,0,4,0,0,0,0,0,80,0,4
Gio Reyna,USA,"FW,MF",Dortmund,19,2002,4.3,170,157,13,1,0,0,11,7,5,3,1,0,132,0,4
Richarlison,BRA,"MF,FW",Tottenham,25,1997,4.1,109,108,1,0,1,1,1,0,0,0,0,0,77,0,7
Stefan Ristovski,MKD,DF,Dinamo Zagreb,30,1992,4.1,194,163,31,11,0,2,13,20,0,0,0,0,159,0,7
Mats Rits,BEL,MF,Club Brugge,29,1993,0.2,5,5,0,0,0,0,0,0,0,0,0,0,5,0,0
Sergi Roberto,ESP,DF,Barcelona,30,1992,2.3,189,174,15,1,0,1,3,13,0,0,0,0,173,0,1
Andrew Robertson,SCO,DF,Liverpool,28,1994,4.2,292,244,47,3,0,1,32,29,15,3,11,0,229,1,5
Rochinha,POR,"MF,FW",Sporting CP,27,1995,0.2,6,5,1,0,0,1,1,0,1,0,1,0,4,0,0
Sebastian Rode,GER,MF,Eint Frankfurt,31,1990,3.3,196,191,5,5,1,0,2,0,0,0,0,0,157,0,6
Rodri,ESP,MF,Manchester City,26,1996,11.1,993,976,16,14,0,12,3,2,0,0,0,0,912,1,13
Rodrygo,BRA,FW,Real Madrid,21,2001,9.1,366,353,11,1,4,4,12,1,3,1,0,0,312,2,6
Cristian Romero,ARG,DF,Tottenham,24,1998,6.6,434,410,24,17,1,2,1,7,0,0,0,0,389,0,5
Valentin Rongier,FRA,MF,Marseille,27,1994,5.2,413,400,13,10,0,4,1,3,0,0,0,0,372,0,7
Tom Rothe,GER,DF,Dortmund,17,2004,0.7,55,43,12,0,0,0,1,12,0,0,0,0,39,0,2
Amir Rrahmani,KVX,DF,Napoli,28,1994,6.8,492,472,19,19,1,7,2,0,0,0,0,0,438,1,2
Antonio Rüdiger,GER,DF,Real Madrid,29,1993,7.5,402,394,8,5,0,8,0,1,0,0,0,0,368,0,1
Daniele Rugani,ITA,DF,Juventus,28,1994,1,55,55,0,0,0,0,1,0,0,0,0,0,48,0,0
Mário Rui,POR,DF,Napoli,31,1991,4.3,317,257,60,11,2,4,16,42,7,1,5,0,252,0,9
Fabián Ruiz Peña,ESP,MF,Paris S-G,26,1996,2.6,209,198,11,1,1,1,0,10,0,0,0,0,186,0,3
Nikita Rukavytsya,AUS,"FW,MF",Maccabi Haifa,35,1987,0.5,15,13,2,0,0,0,1,0,0,0,0,0,12,0,0
Mathew Ryan,AUS,GK,FC Copenhagen,30,1992,2,65,46,19,3,0,0,0,0,0,0,0,0,37,0,0
Julian Ryerson,NOR,DF,Dortmund,24,1997,0.2,3,2,1,0,0,0,0,1,0,0,0,0,2,0,0
Marcel Sabitzer,AUT,MF,Bayern Munich,28,1994,3.1,149,148,1,1,0,0,1,0,0,0,0,0,128,0,1
Alexis Saelemaekers,BEL,"FW,DF",Milan,23,1999,4.1,141,127,13,0,0,0,13,10,0,0,0,0,99,1,1
Fashion Sakala,ZAM,"FW,MF",Rangers,25,1997,2.6,52,48,4,0,0,0,8,2,0,0,0,0,36,0,6
Mohamed Salah,EGY,FW,Liverpool,30,1992,6.9,223,214,7,0,6,1,10,6,0,0,0,0,182,2,2
Renato Sanches,POR,MF,Paris S-G,24,1997,1.6,106,104,2,2,0,0,0,0,0,0,0,0,102,0,2
Alexis Sánchez,CHI,FW,Marseille,33,1988,4.6,133,124,9,1,1,2,5,0,0,0,0,0,108,0,5
Davinson Sánchez,COL,DF,Tottenham,26,1996,0.2,19,18,0,0,0,0,1,0,0,0,0,0,11,1,0
Cisse Sandra,BEL,FW,Club Brugge,18,2003,0.1,0,0,0,0,0,0,0,0,0,0,0,0,0,0,0
Alex Sandro,BRA,DF,Juventus,31,1991,2.7,196,181,14,2,0,3,5,12,0,0,0,0,175,1,1
James Sands,USA,"DF,MF",Rangers,22,2000,3.6,189,184,4,3,0,3,0,0,0,0,0,0,159,1,2
Leroy Sané,GER,"FW,MF",Bayern Munich,26,1996,6.1,258,250,6,0,4,0,7,0,6,6,0,0,215,2,3
Nuno Santos,POR,"DF,MF",Sporting CP,27,1995,3.3,151,117,34,5,0,2,12,25,4,0,3,1,127,0,3
Zaidu Sanusi,NGA,DF,Porto,25,1997,6.5,305,235,70,6,0,1,8,62,2,2,0,0,221,0,6
Alvaro Sanz,ESP,MF,Barcelona,21,2001,0.2,12,12,0,0,0,0,0,0,0,0,0,0,10,0,0
Pablo Sarabia,ESP,MF,Paris S-G,30,1992,1,26,20,6,1,0,0,5,0,5,0,5,0,17,0,3
Stefan Savić,MNE,DF,Atlético Madrid,31,1991,3,205,196,9,6,0,1,1,3,0,0,0,0,183,0,2
Patrik Schick,CZE,FW,Leverkusen,26,1996,5,94,92,2,0,0,0,0,0,0,0,0,0,74,0,2
Andreas Schjelderup,NOR,FW,Benfica,18,2004,0,6,6,0,0,0,0,0,0,0,0,0,0,6,0,0
Xaver Schlager,AUT,MF,RB Leipzig,24,1997,6.5,358,352,5,4,5,4,0,1,0,0,0,0,317,1,5
Nico Schlotterbeck,GER,DF,Dortmund,22,1999,6.2,389,378,11,11,0,15,0,0,0,0,0,0,338,0,0
Abdoulaye Seck,SEN,DF,Maccabi Haifa,30,1992,4.4,188,178,8,4,0,2,0,4,0,0,0,0,158,2,2
Nicolas Seiwald,AUT,MF,RB Salzburg,21,2001,6,260,238,20,7,0,1,18,1,12,9,2,0,191,2,5
Benjamin Šeško,SVN,FW,RB Salzburg,19,2003,3.7,88,88,0,0,0,0,1,0,0,0,0,0,53,0,6
Ryan Sessegnon,ENG,"MF,DF",Tottenham,22,2000,1.7,48,37,10,1,1,0,3,9,0,0,0,0,33,1,0
Maryan Shved,UKR,MF,Shakhtar,25,1997,2.1,51,47,4,0,0,0,3,1,3,3,0,0,35,0,1
Danylo Sikan,UKR,FW,Shakhtar,21,2001,1.2,27,24,3,0,0,0,1,0,0,0,0,0,24,0,1
André Silva,POR,FW,RB Leipzig,26,1995,5.9,170,151,18,1,3,0,3,3,0,0,0,0,133,1,5
António Silva,POR,DF,Benfica,18,2003,9.9,574,556,18,15,0,3,0,3,0,0,0,0,528,0,3
Bernardo Silva,POR,"FW,MF",Manchester City,27,1994,10.1,626,603,22,8,0,4,19,12,2,0,0,0,553,1,16
Rafa Silva,POR,MF,Benfica,29,1993,9.1,318,292,26,3,1,2,9,4,0,0,0,0,264,0,4
Thiago Silva,BRA,DF,Chelsea,37,1984,7.1,433,419,14,13,0,5,0,1,0,0,0,0,388,0,2
Mohamed Simakan,FRA,DF,RB Leipzig,22,2000,5.7,347,289,57,7,0,1,9,50,0,0,0,0,267,1,8
Giovanni Simeone,ARG,FW,Napoli,27,1995,2.9,67,66,1,0,0,0,4,0,0,0,0,0,48,0,3
Roko Simic,CRO,FW,RB Salzburg,18,2003,0.2,5,5,0,0,0,0,0,0,0,0,0,0,3,0,0
Oliver Skipp,ENG,MF,Tottenham,21,2000,2.3,123,121,2,1,0,0,2,1,0,0,0,0,108,0,0
Leo Skiri Østigård,NOR,DF,Napoli,22,1999,2.2,197,192,5,5,0,5,1,0,0,0,0,0,174,0,1
Andreas Skov Olsen,DEN,"FW,MF",Club Brugge,22,1999,3.3,99,88,11,4,0,0,20,2,5,5,0,0,68,0,4
Milan Škriniar,SVK,DF,Inter,27,1995,6,344,320,23,10,0,0,0,13,0,0,0,0,314,1,4
Hrvoje Smolčić,CRO,DF,Eint Frankfurt,21,2000,1.4,51,47,4,4,0,1,0,0,0,0,0,0,38,0,1
Eduard Sobol,UKR,"FW,DF",Club Brugge,27,1995,1.2,59,44,15,2,0,0,7,12,1,1,0,0,43,0,1
Carlos Soler,ESP,MF,Paris S-G,25,1997,1.7,70,68,2,1,0,0,2,0,1,0,1,0,62,0,0
Oumar Solet,FRA,DF,RB Salzburg,22,2000,3,132,126,6,6,0,0,0,0,0,0,0,0,114,0,0
Yann Sommer,SUI,GK,Bayern Munich,33,1988,4,152,126,26,8,0,0,0,0,0,0,0,0,130,0,2
Matìas Soulé,ARG,"MF,FW",Juventus,19,2003,0.5,18,16,2,1,0,0,0,1,0,0,0,0,17,0,0
Djibril Sow,SUI,MF,Eint Frankfurt,25,1997,8,440,426,14,14,2,2,1,0,0,0,0,0,372,0,9
Kamal Sowah,GHA,"FW,MF",Club Brugge,22,2000,6.6,221,217,2,1,0,2,7,0,1,0,0,0,166,2,7
Dario Špikić,CRO,"FW,DF",Dinamo Zagreb,23,1999,1.9,56,53,3,0,0,1,4,3,0,0,0,0,45,0,2
Jorne Spileers,BEL,DF,Club Brugge,17,2005,0,0,0,0,0,0,0,0,0,0,0,0,0,0,0,0
Jerry St. Juste,NED,DF,Sporting CP,25,1996,2.1,117,113,4,4,0,0,0,0,0,0,0,0,103,0,1
Marko Stamenic,NZL,MF,FC Copenhagen,20,2002,3,100,99,1,1,0,2,0,0,0,0,0,0,76,0,1
Jindřich Staněk,CZE,GK,Viktoria Plzeň,26,1996,5,141,89,52,12,0,0,0,0,0,0,0,0,92,0,0
Josip Stanišić,CRO,DF,Bayern Munich,22,2000,3.9,309,279,30,1,0,1,2,29,0,0,0,0,283,0,6
Carl Starfelt,SWE,DF,Celtic,27,1995,1,54,53,1,1,0,0,0,0,0,0,0,0,52,0,0
Orri Steinn Óskarsson,ISL,"MF,FW",FC Copenhagen,17,2004,0.2,6,6,0,0,0,0,0,0,0,0,0,0,3,0,0
Taras Stepanenko,UKR,MF,Shakhtar,32,1989,5.9,277,264,13,10,0,5,0,3,0,0,0,0,240,0,6
Raheem Sterling,ENG,"FW,MF",Chelsea,27,1994,7,269,256,11,2,2,0,15,5,4,4,0,0,210,2,12
John Stones,ENG,"MF,DF",Manchester City,28,1994,7.6,430,408,20,1,0,3,3,19,0,0,0,0,387,2,5
Luka Sučić,CRO,MF,RB Salzburg,19,2002,4.4,199,182,15,1,4,1,3,0,3,0,1,0,151,2,7
Heorhii Sudakov,UKR,MF,Shakhtar,19,2002,5.3,315,305,9,5,6,0,1,1,0,0,0,0,277,1,2
Niklas Süle,GER,DF,Dortmund,26,1995,7.5,512,491,21,18,1,15,0,3,0,0,0,0,461,0,3
Daniel Sundgren,SWE,DF,Maccabi Haifa,31,1990,3.6,208,184,24,2,0,1,4,22,0,0,0,0,171,0,3
Suso,ESP,"FW,MF",Sevilla,28,1993,2.6,100,91,7,1,1,2,4,3,1,0,0,0,82,2,2
Josip Šutalo,CRO,DF,Dinamo Zagreb,22,2000,6,295,286,9,9,0,1,0,0,0,0,0,0,256,0,3
Jan Sýkora,CZE,"FW,DF",Viktoria Plzeň,28,1993,1.6,20,18,2,0,0,0,1,1,0,0,0,0,15,0,0
Abakar Sylla,CIV,DF,Club Brugge,19,2002,5.5,308,301,7,7,0,1,1,0,0,0,0,0,271,0,1
Wojciech Szczęsny,POL,GK,Juventus,32,1990,4,103,80,23,4,0,1,0,0,0,0,0,0,89,0,0
Dominik Szoboszlai,HUN,FW,RB Leipzig,21,2000,7.3,333,292,38,11,0,4,29,10,17,6,10,0,268,3,5
Christian Sørensen,DEN,"DF,MF",FC Copenhagen,29,1992,1.1,73,53,18,4,0,0,9,12,2,1,0,1,52,2,2
Dušan Tadić,SRB,FW,Ajax,33,1988,4.8,208,197,10,1,3,0,10,4,5,0,3,0,161,1,5
Jonathan Tah,GER,DF,Leverkusen,26,1996,5.3,350,342,6,6,2,1,0,0,0,0,0,0,317,2,1
Japhet Tanganga,ENG,DF,Tottenham,23,1999,0.2,18,16,2,1,0,0,0,1,0,0,0,0,16,0,0
Edmond Tapsoba,BFA,DF,Leverkusen,23,1999,3.9,282,268,13,8,1,2,0,4,0,0,0,0,257,1,0
Mehdi Taremi,IRN,FW,Porto,30,1992,6.8,177,171,3,1,3,0,1,0,0,0,0,0,129,3,6
Ciprian Tătărușanu,ROU,GK,Milan,36,1986,5,173,127,46,13,0,1,0,0,0,0,0,0,136,0,0
Nuno Tavares,POR,DF,Marseille,22,2000,6,330,280,49,8,0,3,33,41,0,0,0,0,257,1,8
James Tavernier,ENG,DF,Rangers,30,1991,5.4,289,206,78,13,1,1,22,57,8,0,8,0,196,5,5
Greg Taylor,SCO,DF,Celtic,24,1997,6,399,339,59,6,0,0,8,52,1,0,0,0,338,1,9
Kenneth Taylor,NED,MF,Ajax,20,2002,4.6,240,228,8,3,1,0,6,4,1,0,0,0,205,4,2
Lucas Taylor,BRA,DF,Shakhtar,27,1995,3.5,113,91,22,0,0,0,2,22,0,0,0,0,88,0,4
Mavis Tchibota,CGO,FW,Maccabi Haifa,26,1996,1,27,27,0,0,0,0,3,0,0,0,0,0,15,0,3
Aurélien Tchouaméni,FRA,MF,Real Madrid,22,2000,4.8,375,369,6,6,2,2,0,0,0,0,0,0,349,0,3
Mathys Tel,FRA,FW,Bayern Munich,17,2005,1.6,46,43,3,0,0,0,4,2,0,0,0,0,35,0,1
Alex Telles,BRA,"DF,FW",Sevilla,29,1992,4.3,242,186,56,9,0,0,27,38,9,1,8,0,181,0,5
Marc-André ter Stegen,GER,GK,Barcelona,30,1992,5,162,125,37,9,0,0,0,0,0,0,0,0,149,0,0
Kévin Théophile-Catherine,FRA,DF,Dinamo Zagreb,32,1989,0.8,43,40,3,0,0,0,0,3,0,0,0,0,32,0,1
Malick Thiaw,GER,DF,Milan,20,2001,3.1,171,166,4,4,0,1,0,0,0,0,0,0,145,1,2
Mohamed Tijani,BEN,DF,Viktoria Plzeň,25,1997,1.9,71,63,8,6,0,2,0,0,0,0,0,0,55,0,0
Malik Tillman,USA,MF,Rangers,20,2002,2.7,57,56,1,0,0,0,1,1,0,0,0,0,40,0,3
Jurriën Timber,NED,DF,Ajax,21,2001,5.9,420,406,13,11,0,1,1,1,0,0,0,0,393,1,0
Fikayo Tomori,ENG,DF,Milan,24,1997,9.2,515,491,23,13,1,3,1,2,0,0,0,0,443,1,4
Sandro Tonali,ITA,MF,Milan,22,2000,11.7,514,435,75,42,4,4,47,5,26,13,10,0,375,4,14
Pablo Torre,ESP,"MF,FW",Barcelona,19,2003,1.1,78,78,0,0,0,0,0,0,0,0,0,0,70,0,0
Ferrán Torres,ESP,"FW,MF",Barcelona,22,2000,2.1,78,75,3,1,0,0,1,1,0,0,0,0,66,0,3
Andriy Totovytskyi,UKR,MF,Shakhtar,29,1993,0.2,6,5,1,0,0,0,1,0,1,0,1,0,5,0,0
Kevin Trapp,GER,GK,Eint Frankfurt,32,1990,8,227,164,62,20,0,1,0,0,0,0,0,0,146,1,0
Francisco Trincão,POR,"MF,FW",Sporting CP,22,1999,4.3,120,112,8,3,0,0,5,1,2,0,2,0,91,0,7
Anatolii Trubin,UKR,GK,Shakhtar,20,2001,6,260,196,63,9,0,1,0,0,0,0,0,0,200,1,0
Kostas Tsimikas,GRE,DF,Liverpool,26,1996,3.8,239,164,75,7,0,0,44,48,20,5,15,0,170,0,8
David Turnbull,SCO,MF,Celtic,23,1999,1.1,83,72,11,0,0,0,6,2,5,1,3,0,67,0,1
Tuta,BRA,DF,Eint Frankfurt,23,1999,6.7,333,318,15,13,0,1,1,2,0,0,0,0,266,0,4
Marián Tvrdoň,SVK,GK,Viktoria Plzeň,27,1994,1,50,26,24,11,0,0,0,0,0,0,0,0,31,0,0
Manuel Ugarte Ribeiro,URU,MF,Sporting CP,21,2001,5.2,238,229,8,6,0,2,1,1,0,0,0,0,201,1,2
Andreas Ulmer,AUT,DF,RB Salzburg,36,1985,4.2,187,139,48,3,0,0,11,42,3,3,0,0,123,0,4
Sven Ulreich,GER,GK,Bayern Munich,33,1988,3,116,90,26,5,0,0,0,0,0,0,0,0,102,0,0
Cengiz Ünder,TUR,MF,Marseille,25,1997,1.9,97,78,18,6,0,4,7,6,6,1,0,1,80,1,1
Dayot Upamecano,FRA,DF,Bayern Munich,23,1998,7.9,605,587,17,14,0,8,0,3,0,0,0,0,550,1,4
Mateus Uribe,COL,MF,Porto,31,1991,6.8,328,306,20,11,0,2,3,9,0,0,0,0,266,2,5
Enrique Valiente,ESP,DF,Sevilla,20,2002,2,153,153,0,0,0,1,1,0,0,0,0,0,124,0,1
Jesús Vallejo,ESP,DF,Real Madrid,25,1997,0.2,17,16,1,0,0,1,0,0,0,0,0,0,16,0,1
Federico Valverde,URU,"MF,FW",Real Madrid,24,1998,10.7,576,569,7,5,3,11,20,2,0,0,0,0,501,0,12
Virgil van Dijk,NED,DF,Liverpool,31,1991,8,505,493,12,11,0,5,0,1,0,0,0,0,439,0,2
Hans Vanaken,BEL,MF,Club Brugge,29,1992,7.8,452,434,17,15,2,15,2,2,0,0,0,0,378,1,9
Denis Vavro,SVK,DF,FC Copenhagen,26,1996,4,159,151,8,6,0,3,1,1,0,0,0,0,133,0,0
Lucas Vázquez,ESP,DF,Real Madrid,31,1991,2.2,159,141,18,1,0,3,9,17,0,0,0,0,145,0,0
Jordan Veretout,FRA,MF,Marseille,29,1993,5.4,411,383,26,15,0,2,15,3,8,2,5,0,362,2,2
Lucas Veríssimo,BRA,DF,Benfica,27,1995,0.1,4,4,0,0,0,0,0,0,0,0,0,0,3,0,0
Gabriel Veron,BRA,"MF,FW",Porto,19,2002,0.5,17,16,1,0,0,0,2,1,0,0,0,0,11,0,2
Marco Verratti,ITA,MF,Paris S-G,29,1992,6.9,690,641,47,44,1,2,1,3,0,0,0,0,639,2,6
Vitinha,POR,MF,Paris S-G,22,2000,6.5,436,432,3,2,0,1,2,0,0,0,0,0,398,1,8
Odisseas Vlachodimos,GRE,GK,Benfica,28,1994,10,264,183,80,16,0,0,0,0,0,0,0,0,196,1,1
Dušan Vlahović,SRB,FW,Juventus,22,2000,4.6,91,75,14,0,0,0,2,0,0,0,0,0,65,2,2
Adam Vlkanova,CZE,MF,Viktoria Plzeň,27,1994,5.1,135,106,29,2,0,1,14,2,6,1,4,0,99,0,2
Stefan de Vrij,NED,DF,Inter,30,1992,3.3,77,73,3,1,0,0,0,0,0,0,0,0,64,1,0
Kyle Walker,ENG,"DF,FW",Manchester City,32,1990,3.1,191,167,24,0,0,0,5,24,0,0,0,0,152,0,4
Paul Wanner,GER,"DF,FW",Bayern Munich,16,2005,0.4,21,18,3,0,0,0,1,3,0,0,0,0,18,0,0
Stephen Welsh,SCO,DF,Celtic,22,2000,1,58,56,2,2,0,0,0,0,0,0,0,0,55,0,0
Wendell,BRA,DF,Porto,29,1993,1.6,106,89,17,3,0,0,8,11,3,3,0,0,88,0,2
Timo Werner,GER,FW,RB Leipzig,26,1996,5.6,230,221,8,1,4,1,3,3,1,0,0,0,178,1,9
Owen Wijndal,NED,DF,Ajax,22,1999,0.8,49,48,1,0,0,0,3,1,0,0,0,0,42,0,0
Josh Wilson-Esbrand,ENG,DF,Manchester City,19,2002,0.5,35,31,4,0,0,0,1,4,0,0,0,0,30,0,0
Axel Witsel,BEL,"DF,MF",Atlético Madrid,33,1989,5.1,344,336,8,7,0,1,0,1,0,0,0,0,322,0,2
Maximilian Wöber,AUT,DF,RB Salzburg,24,1998,1.8,72,46,26,0,0,0,9,26,0,0,0,0,32,0,2
Marius Wolf,GER,DF,Dortmund,27,1995,2,98,80,18,2,0,0,9,16,0,0,0,0,73,0,3
Scott Wright,SCO,"FW,MF",Rangers,24,1997,1.5,37,37,0,0,0,0,2,0,0,0,0,0,25,0,1
Roman Yaremchuk,UKR,FW,Club Brugge,26,1995,1.2,39,36,3,0,0,0,1,0,0,0,0,0,29,0,1
Rıdvan Yılmaz,TUR,DF,Rangers,21,2001,1,50,39,11,1,0,0,4,10,0,0,0,0,39,0,1
Warren Zaire-Emery,FRA,MF,Paris S-G,16,2006,0.9,38,36,2,1,2,0,2,1,0,0,0,0,30,0,1
Denis Zakaria,SUI,MF,Chelsea,25,1996,0.8,44,43,1,1,0,1,0,0,0,0,0,0,42,0,0
Andre-Frank Zambo Anguissa,CMR,MF,Napoli,26,1995,7.2,405,393,9,8,5,0,1,1,0,0,0,0,344,3,8
Alessandro Zanoli,ITA,DF,Napoli,21,2000,0.1,8,8,0,0,0,0,3,0,0,0,0,0,6,0,1
Zeca,GRE,MF,FC Copenhagen,33,1988,1.8,71,68,2,2,0,0,0,0,0,0,0,0,65,1,0
Alessio Zerbin,ITA,FW,Napoli,23,1999,0.6,34,33,0,0,0,0,0,0,0,0,0,0,25,1,1
Piotr Zieliński,POL,MF,Napoli,28,1994,6.9,366,322,44,11,5,0,33,0,27,9,11,0,302,0,7
Hakim Ziyech,MAR,"FW,MF",Chelsea,29,1993,1.6,88,81,6,1,0,1,18,1,4,2,1,0,59,1,3
Oleksandr Zubkov,UKR,"FW,MF",Shakhtar,25,1996,4.1,104,98,6,0,2,0,0,2,0,0,0,0,81,0,2
Neven Đurasek,CRO,MF,Shakhtar,23,1998,1,36,36,0,0,0,0,0,0,0,0,0,0,33,0,0